Outlet_ID,Maximum_Monthly_Liters
OUT_00001,135.50352102117918
OUT_00002,139.04568525158643
OUT_00003,140.91165603389754
OUT_00004,131.17933665937835
OUT_00005,129.587564128123
OUT_00006,131.17933665937835
OUT_00007,160.12338820060168
OUT_00008,131.17933665937835
OUT_00009,142.16624542525508
OUT_00010,126.06973319978488
OUT_00011,136.211645724456
OUT_00012,131.82063931013164
OUT_00013,131.17933665937835
OUT_00014,122.07450031563748
OUT_00015,131.17933665937835
OUT_00016,138.54068268651002
OUT_00017,129.587564128123
OUT_00018,131.17933665937835
OUT_00019,136.44032583119366
OUT_00020,129.587564128123
OUT_00021,184.16423141052715
OUT_00022,131.17933665937835
OUT_00023,129.587564128123
OUT_00024,161.2970603745337
OUT_00025,152.04168446542494
OUT_00026,124.51064599197278
OUT_00027,131.17933665937835
OUT_00028,131.17933665937835
OUT_00029,124.51064599197278
OUT_00030,131.17933665937835
OUT_00031,131.17933665937835
OUT_00032,147.24626560244917
OUT_00033,131.17933665937835
OUT_00034,161.13331599789507
OUT_00035,131.17933665937835
OUT_00036,156.32001299177128
OUT_00037,131.17933665937835
OUT_00038,131.17933665937835
OUT_00039,131.17933665937835
OUT_00040,124.51064599197278
OUT_00041,140.4048519060189
OUT_00042,177.1644042672352
OUT_00043,131.17933665937835
OUT_00044,124.51064599197278
OUT_00045,124.51064599197278
OUT_00046,151.36983699513542
OUT_00047,122.07450031563748
OUT_00048,144.65133313610005
OUT_00049,136.7335911983511
OUT_00050,131.17933665937835
OUT_00051,131.17933665937835
OUT_00052,131.17933665937835
OUT_00053,131.17933665937835
OUT_00054,162.82172561379753
OUT_00055,129.587564128123
OUT_00056,129.587564128123
OUT_00057,131.17933665937835
OUT_00058,142.1761444598002
OUT_00059,131.17933665937835
OUT_00060,131.17933665937835
OUT_00061,131.17933665937835
OUT_00062,129.587564128123
OUT_00063,156.26731389088107
OUT_00064,131.17933665937835
OUT_00065,131.17933665937835
OUT_00066,133.9696932201836
OUT_00067,131.17933665937835
OUT_00068,131.17933665937835
OUT_00069,124.51064599197278
OUT_00070,124.51064599197278
OUT_00071,155.0701097132919
OUT_00072,131.17933665937835
OUT_00073,131.17933665937835
OUT_00074,131.23890952750372
OUT_00075,131.17933665937835
OUT_00076,131.17933665937835
OUT_00077,131.17933665937835
OUT_00078,160.00304265658906
OUT_00079,129.587564128123
OUT_00080,131.17933665937835
OUT_00081,131.17933665937835
OUT_00082,122.07450031563748
OUT_00083,131.17933665937835
OUT_00084,134.44976222206932
OUT_00085,131.17933665937835
OUT_00086,122.07450031563748
OUT_00087,139.4870070875544
OUT_00088,140.1305873744275
OUT_00089,129.587564128123
OUT_00090,131.17933665937835
OUT_00091,145.36151560890235
OUT_00092,131.17933665937835
OUT_00093,129.587564128123
OUT_00094,124.51064599197278
OUT_00095,135.5803204299484
OUT_00096,201.55381426509857
OUT_00097,131.17933665937835
OUT_00098,131.17933665937835
OUT_00099,134.62351790180028
OUT_00100,124.51064599197278
OUT_00101,132.46260361382
OUT_00102,134.8280940006106
OUT_00103,131.17933665937835
OUT_00104,124.51064599197278
OUT_00105,152.148362879759
OUT_00106,131.17933665937835
OUT_00107,131.17933665937835
OUT_00108,131.17933665937835
OUT_00109,131.17933665937835
OUT_00110,131.17933665937835
OUT_00111,131.17933665937835
OUT_00112,131.17933665937835
OUT_00113,146.3174263485358
OUT_00114,131.17933665937835
OUT_00115,125.8345027795294
OUT_00116,162.28317724756445
OUT_00117,131.17933665937835
OUT_00118,129.587564128123
OUT_00119,124.51064599197278
OUT_00120,134.8300127519956
OUT_00121,131.17933665937835
OUT_00122,131.17933665937835
OUT_00123,131.17933665937835
OUT_00124,131.17933665937835
OUT_00125,150.07687090436593
OUT_00126,159.79145187536056
OUT_00127,132.45208257096093
OUT_00128,124.51064599197278
OUT_00129,129.587564128123
OUT_00130,124.51064599197278
OUT_00131,149.93629560824178
OUT_00132,129.587564128123
OUT_00133,136.58648553448623
OUT_00134,131.17933665937835
OUT_00135,156.26394935477003
OUT_00136,131.17933665937835
OUT_00137,182.6438857023988
OUT_00138,131.17933665937835
OUT_00139,124.51064599197278
OUT_00140,124.51064599197278
OUT_00141,136.86630735662368
OUT_00142,131.17933665937835
OUT_00143,134.54696602441166
OUT_00144,144.83342996330686
OUT_00145,124.51064599197278
OUT_00146,124.51064599197278
OUT_00147,129.587564128123
OUT_00148,131.17933665937835
OUT_00149,131.17933665937835
OUT_00150,150.7657842738643
OUT_00151,122.07450031563748
OUT_00152,124.51064599197278
OUT_00153,129.587564128123
OUT_00154,124.91731951998244
OUT_00155,131.17933665937835
OUT_00156,131.17933665937835
OUT_00157,140.89913181459127
OUT_00158,131.17933665937835
OUT_00159,131.17933665937835
OUT_00160,139.24253867418798
OUT_00161,177.69091623843195
OUT_00162,131.17933665937835
OUT_00163,129.587564128123
OUT_00164,131.17933665937835
OUT_00165,129.587564128123
OUT_00166,127.5590658789166
OUT_00167,185.2718066162778
OUT_00168,122.07450031563748
OUT_00169,133.74830820940585
OUT_00170,131.17933665937835
OUT_00171,131.17933665937835
OUT_00172,136.7747348681221
OUT_00173,137.57614367440516
OUT_00174,131.17933665937835
OUT_00175,131.17933665937835
OUT_00176,129.587564128123
OUT_00177,131.17933665937835
OUT_00178,131.17933665937835
OUT_00179,124.51064599197278
OUT_00180,131.17933665937835
OUT_00181,150.29021084680113
OUT_00182,131.17933665937835
OUT_00183,131.17933665937835
OUT_00184,131.17933665937835
OUT_00185,131.17933665937835
OUT_00186,131.17933665937835
OUT_00187,131.17933665937835
OUT_00188,129.587564128123
OUT_00189,131.17933665937835
OUT_00190,124.51064599197278
OUT_00191,131.17933665937835
OUT_00192,131.17933665937835
OUT_00193,135.73465159690517
OUT_00194,131.17933665937835
OUT_00195,131.17933665937835
OUT_00196,124.51064599197278
OUT_00197,131.17933665937835
OUT_00198,131.17933665937835
OUT_00199,131.17933665937835
OUT_00200,131.17933665937835
OUT_00201,131.17933665937835
OUT_00202,122.07450031563748
OUT_00203,131.17933665937835
OUT_00204,131.17933665937835
OUT_00205,131.17933665937835
OUT_00206,131.17933665937835
OUT_00207,160.24935301845736
OUT_00208,124.51064599197278
OUT_00209,131.17933665937835
OUT_00210,147.70204148188662
OUT_00211,131.17933665937835
OUT_00212,129.587564128123
OUT_00213,131.17933665937835
OUT_00214,129.587564128123
OUT_00215,129.587564128123
OUT_00216,131.17933665937835
OUT_00217,154.00569327818533
OUT_00218,131.17933665937835
OUT_00219,146.2566942496135
OUT_00220,131.17933665937835
OUT_00221,131.17933665937835
OUT_00222,124.51064599197278
OUT_00223,131.17933665937835
OUT_00224,122.07450031563748
OUT_00225,131.17933665937835
OUT_00226,131.17933665937835
OUT_00227,131.17933665937835
OUT_00228,131.17933665937835
OUT_00229,131.17933665937835
OUT_00230,139.35002687618118
OUT_00231,137.9497063596434
OUT_00232,131.17933665937835
OUT_00233,157.82208448797945
OUT_00234,131.17933665937835
OUT_00235,131.17933665937835
OUT_00236,129.587564128123
OUT_00237,131.17933665937835
OUT_00238,131.17933665937835
OUT_00239,131.17933665937835
OUT_00240,166.875799977448
OUT_00241,131.17933665937835
OUT_00242,136.64673580506562
OUT_00243,146.632932832035
OUT_00244,131.17933665937835
OUT_00245,173.7169418223132
OUT_00246,124.51064599197278
OUT_00247,124.51064599197278
OUT_00248,131.17933665937835
OUT_00249,131.17933665937835
OUT_00250,131.17933665937835
OUT_00251,130.09105489871754
OUT_00252,131.17933665937835
OUT_00253,131.17933665937835
OUT_00254,124.51064599197278
OUT_00255,124.51064599197278
OUT_00256,131.17933665937835
OUT_00257,144.06312476083656
OUT_00258,131.17933665937835
OUT_00259,131.17933665937835
OUT_00260,158.34802862854545
OUT_00261,131.17933665937835
OUT_00262,124.96744611269696
OUT_00263,131.17933665937835
OUT_00264,179.79683724482427
OUT_00265,129.587564128123
OUT_00266,124.51064599197278
OUT_00267,197.3461806051721
OUT_00268,131.17933665937835
OUT_00269,129.587564128123
OUT_00270,131.17933665937835
OUT_00271,143.0396775256932
OUT_00272,131.17933665937835
OUT_00273,131.17933665937835
OUT_00274,131.17933665937835
OUT_00275,131.17933665937835
OUT_00276,122.07450031563748
OUT_00277,131.17933665937835
OUT_00278,131.17933665937835
OUT_00279,139.12026032452215
OUT_00280,124.51064599197278
OUT_00281,131.2153755793617
OUT_00282,131.17933665937835
OUT_00283,129.587564128123
OUT_00284,131.17933665937835
OUT_00285,131.17933665937835
OUT_00286,157.9133878038856
OUT_00287,131.17933665937835
OUT_00288,131.17933665937835
OUT_00289,131.8320871791178
OUT_00290,131.17933665937835
OUT_00291,129.587564128123
OUT_00292,131.17933665937835
OUT_00293,131.17933665937835
OUT_00294,141.09140346033317
OUT_00295,124.51064599197278
OUT_00296,131.17933665937835
OUT_00297,129.587564128123
OUT_00298,131.17933665937835
OUT_00299,129.587564128123
OUT_00300,131.17933665937835
OUT_00301,131.17933665937835
OUT_00302,131.17933665937835
OUT_00303,156.24140789022368
OUT_00304,137.60490770410252
OUT_00305,149.83555428282725
OUT_00306,141.52343899586248
OUT_00307,129.587564128123
OUT_00308,145.35916001765244
OUT_00309,131.17933665937835
OUT_00310,124.51064599197278
OUT_00311,143.30351741095893
OUT_00312,131.17933665937835
OUT_00313,124.51064599197278
OUT_00314,131.17933665937835
OUT_00315,136.75759313563776
OUT_00316,131.17933665937835
OUT_00317,129.587564128123
OUT_00318,131.17933665937835
OUT_00319,131.17933665937835
OUT_00320,131.4177118746848
OUT_00321,124.51064599197278
OUT_00322,146.561962145158
OUT_00323,135.398410214527
OUT_00324,131.17933665937835
OUT_00325,131.17933665937835
OUT_00326,129.587564128123
OUT_00327,131.17933665937835
OUT_00328,124.51064599197278
OUT_00329,131.17933665937835
OUT_00330,131.17933665937835
OUT_00331,131.17933665937835
OUT_00332,124.51064599197278
OUT_00333,124.51064599197278
OUT_00334,131.17933665937835
OUT_00335,124.51064599197278
OUT_00336,129.587564128123
OUT_00337,146.90674364317826
OUT_00338,131.17933665937835
OUT_00339,129.587564128123
OUT_00340,140.04397157254817
OUT_00341,141.33167743588737
OUT_00342,131.17933665937835
OUT_00343,129.587564128123
OUT_00344,122.07450031563748
OUT_00345,133.86490935362264
OUT_00346,132.24646051397565
OUT_00347,129.587564128123
OUT_00348,131.17933665937835
OUT_00349,131.17933665937835
OUT_00350,131.17933665937835
OUT_00351,131.17933665937835
OUT_00352,130.01911478555462
OUT_00353,132.18910814960844
OUT_00354,129.587564128123
OUT_00355,131.17933665937835
OUT_00356,179.5640619381299
OUT_00357,131.17933665937835
OUT_00358,124.51064599197278
OUT_00359,129.587564128123
OUT_00360,122.07450031563748
OUT_00361,131.17933665937835
OUT_00362,154.2747294448919
OUT_00363,132.83550659992312
OUT_00364,124.51064599197278
OUT_00365,131.17933665937835
OUT_00366,155.56959460926294
OUT_00367,131.17933665937835
OUT_00368,131.17933665937835
OUT_00369,131.17933665937835
OUT_00370,151.59424957687443
OUT_00371,131.17933665937835
OUT_00372,131.17933665937835
OUT_00373,122.07450031563748
OUT_00374,124.51064599197278
OUT_00375,131.17933665937835
OUT_00376,143.9875533558402
OUT_00377,131.17933665937835
OUT_00378,122.07450031563748
OUT_00379,131.17933665937835
OUT_00380,131.17933665937835
OUT_00381,135.53168281535392
OUT_00382,131.17933665937835
OUT_00383,131.17933665937835
OUT_00384,122.07450031563748
OUT_00385,129.587564128123
OUT_00386,131.17933665937835
OUT_00387,138.0443380658309
OUT_00388,170.59324409228927
OUT_00389,137.90162836464273
OUT_00390,129.587564128123
OUT_00391,131.17933665937835
OUT_00392,124.51064599197278
OUT_00393,131.17933665937835
OUT_00394,131.17933665937835
OUT_00395,131.17933665937835
OUT_00396,132.8340600845159
OUT_00397,129.587564128123
OUT_00398,134.08886038836536
OUT_00399,124.51064599197278
OUT_00400,124.51064599197278
OUT_00401,131.17933665937835
OUT_00402,131.17933665937835
OUT_00403,124.51064599197278
OUT_00404,131.17933665937835
OUT_00405,131.17933665937835
OUT_00406,131.17933665937835
OUT_00407,131.17933665937835
OUT_00408,131.17933665937835
OUT_00409,131.17933665937835
OUT_00410,131.17933665937835
OUT_00411,131.17933665937835
OUT_00412,124.51064599197278
OUT_00413,131.17933665937835
OUT_00414,131.17933665937835
OUT_00415,131.17933665937835
OUT_00416,131.17933665937835
OUT_00417,129.587564128123
OUT_00418,131.17933665937835
OUT_00419,122.07450031563748
OUT_00420,131.17933665937835
OUT_00421,131.17933665937835
OUT_00422,131.17933665937835
OUT_00423,139.84751311510186
OUT_00424,131.17933665937835
OUT_00425,131.17933665937835
OUT_00426,131.17933665937835
OUT_00427,131.17933665937835
OUT_00428,196.6009523901633
OUT_00429,124.51064599197278
OUT_00430,124.51064599197278
OUT_00431,129.587564128123
OUT_00432,232.38473114224
OUT_00433,131.17933665937835
OUT_00434,219.1140976484422
OUT_00435,131.17933665937835
OUT_00436,131.17933665937835
OUT_00437,131.17933665937835
OUT_00438,131.17933665937835
OUT_00439,131.17933665937835
OUT_00440,131.17933665937835
OUT_00441,131.17933665937835
OUT_00442,124.51064599197278
OUT_00443,131.17933665937835
OUT_00444,131.17933665937835
OUT_00445,140.11832139208437
OUT_00446,131.17933665937835
OUT_00447,124.51064599197278
OUT_00448,131.17933665937835
OUT_00449,298.1580811401984
OUT_00450,131.17933665937835
OUT_00451,129.587564128123
OUT_00452,124.51064599197278
OUT_00453,131.17933665937835
OUT_00454,124.51064599197278
OUT_00455,322.09046760353084
OUT_00456,131.17933665937835
OUT_00457,131.17933665937835
OUT_00458,131.17933665937835
OUT_00459,124.51064599197278
OUT_00460,131.17933665937835
OUT_00461,122.07450031563748
OUT_00462,124.51064599197278
OUT_00463,131.17933665937835
OUT_00464,124.51064599197278
OUT_00465,131.17933665937835
OUT_00466,124.51064599197278
OUT_00467,131.17933665937835
OUT_00468,131.17933665937835
OUT_00469,131.17933665937835
OUT_00470,131.17933665937835
OUT_00471,131.17933665937835
OUT_00472,131.17933665937835
OUT_00473,131.17933665937835
OUT_00474,129.587564128123
OUT_00475,131.17933665937835
OUT_00476,131.17933665937835
OUT_00477,131.17933665937835
OUT_00478,131.17933665937835
OUT_00479,131.17933665937835
OUT_00480,129.587564128123
OUT_00481,131.17933665937835
OUT_00482,122.07450031563748
OUT_00483,124.51064599197278
OUT_00484,124.51064599197278
OUT_00485,131.17933665937835
OUT_00486,124.51064599197278
OUT_00487,131.17933665937835
OUT_00488,122.07450031563748
OUT_00489,131.17933665937835
OUT_00490,131.17933665937835
OUT_00491,122.07450031563748
OUT_00492,131.17933665937835
OUT_00493,131.17933665937835
OUT_00494,129.587564128123
OUT_00495,124.51064599197278
OUT_00496,124.51064599197278
OUT_00497,131.17933665937835
OUT_00498,131.17933665937835
OUT_00499,129.587564128123
OUT_00500,131.17933665937835
OUT_00501,131.17933665937835
OUT_00502,129.587564128123
OUT_00503,131.17933665937835
OUT_00504,124.51064599197278
OUT_00505,131.17933665937835
OUT_00506,231.91739175368596
OUT_00507,261.3807057091743
OUT_00508,122.07450031563748
OUT_00509,131.17933665937835
OUT_00510,131.17933665937835
OUT_00511,131.17933665937835
OUT_00512,131.17933665937835
OUT_00513,131.17933665937835
OUT_00514,129.587564128123
OUT_00515,131.17933665937835
OUT_00516,124.51064599197278
OUT_00517,131.17933665937835
OUT_00518,131.17933665937835
OUT_00519,129.587564128123
OUT_00520,131.17933665937835
OUT_00521,124.51064599197278
OUT_00522,124.51064599197278
OUT_00523,131.17933665937835
OUT_00524,124.51064599197278
OUT_00525,131.17933665937835
OUT_00526,131.17933665937835
OUT_00527,131.17933665937835
OUT_00528,124.51064599197278
OUT_00529,131.17933665937835
OUT_00530,131.17933665937835
OUT_00531,131.17933665937835
OUT_00532,131.17933665937835
OUT_00533,131.17933665937835
OUT_00534,131.17933665937835
OUT_00535,124.51064599197278
OUT_00536,131.17933665937835
OUT_00537,131.17933665937835
OUT_00538,131.17933665937835
OUT_00539,144.78504397021246
OUT_00540,124.51064599197278
OUT_00541,131.17933665937835
OUT_00542,131.17933665937835
OUT_00543,131.17933665937835
OUT_00544,131.17933665937835
OUT_00545,129.587564128123
OUT_00546,124.51064599197278
OUT_00547,131.17933665937835
OUT_00548,131.17933665937835
OUT_00549,124.51064599197278
OUT_00550,131.17933665937835
OUT_00551,124.51064599197278
OUT_00552,131.17933665937835
OUT_00553,131.17933665937835
OUT_00554,131.17933665937835
OUT_00555,131.17933665937835
OUT_00556,129.587564128123
OUT_00557,131.17933665937835
OUT_00558,131.17933665937835
OUT_00559,129.587564128123
OUT_00560,131.17933665937835
OUT_00561,131.17933665937835
OUT_00562,122.07450031563748
OUT_00563,124.51064599197278
OUT_00564,131.17933665937835
OUT_00565,131.17933665937835
OUT_00566,131.17933665937835
OUT_00567,129.587564128123
OUT_00568,241.3201141863275
OUT_00569,122.07450031563748
OUT_00570,131.17933665937835
OUT_00571,131.17933665937835
OUT_00572,124.51064599197278
OUT_00573,131.17933665937835
OUT_00574,131.17933665937835
OUT_00575,129.587564128123
OUT_00576,131.17933665937835
OUT_00577,124.51064599197278
OUT_00578,131.17933665937835
OUT_00579,295.6471340529411
OUT_00580,131.17933665937835
OUT_00581,131.17933665937835
OUT_00582,131.17933665937835
OUT_00583,131.17933665937835
OUT_00584,131.17933665937835
OUT_00585,131.17933665937835
OUT_00586,131.17933665937835
OUT_00587,131.17933665937835
OUT_00588,131.17933665937835
OUT_00589,124.51064599197278
OUT_00590,131.17933665937835
OUT_00591,124.51064599197278
OUT_00592,124.51064599197278
OUT_00593,124.51064599197278
OUT_00594,131.17933665937835
OUT_00595,131.17933665937835
OUT_00596,131.17933665937835
OUT_00597,131.17933665937835
OUT_00598,129.587564128123
OUT_00599,131.17933665937835
OUT_00600,131.17933665937835
OUT_00601,129.587564128123
OUT_00602,131.17933665937835
OUT_00603,124.51064599197278
OUT_00604,124.51064599197278
OUT_00605,124.51064599197278
OUT_00606,129.587564128123
OUT_00607,131.17933665937835
OUT_00608,131.17933665937835
OUT_00609,124.51064599197278
OUT_00610,131.17933665937835
OUT_00611,124.51064599197278
OUT_00612,129.587564128123
OUT_00613,131.17933665937835
OUT_00614,129.587564128123
OUT_00615,131.17933665937835
OUT_00616,124.51064599197278
OUT_00617,131.17933665937835
OUT_00618,131.17933665937835
OUT_00619,253.5718864750501
OUT_00620,131.17933665937835
OUT_00621,131.17933665937835
OUT_00622,131.17933665937835
OUT_00623,131.17933665937835
OUT_00624,131.17933665937835
OUT_00625,131.17933665937835
OUT_00626,131.17933665937835
OUT_00627,131.17933665937835
OUT_00628,131.17933665937835
OUT_00629,131.17933665937835
OUT_00630,122.07450031563748
OUT_00631,131.17933665937835
OUT_00632,131.17933665937835
OUT_00633,131.17933665937835
OUT_00634,124.51064599197278
OUT_00635,131.17933665937835
OUT_00636,129.587564128123
OUT_00637,122.07450031563748
OUT_00638,131.17933665937835
OUT_00639,138.89550310817737
OUT_00640,122.07450031563748
OUT_00641,124.51064599197278
OUT_00642,131.17933665937835
OUT_00643,122.07450031563748
OUT_00644,122.07450031563748
OUT_00645,124.51064599197278
OUT_00646,131.17933665937835
OUT_00647,131.17933665937835
OUT_00648,131.17933665937835
OUT_00649,174.7774456190323
OUT_00650,131.17933665937835
OUT_00651,131.17933665937835
OUT_00652,124.51064599197278
OUT_00653,131.17933665937835
OUT_00654,122.07450031563748
OUT_00655,122.07450031563748
OUT_00656,131.17933665937835
OUT_00657,122.07450031563748
OUT_00658,131.17933665937835
OUT_00659,131.17933665937835
OUT_00660,129.587564128123
OUT_00661,124.51064599197278
OUT_00662,131.17933665937835
OUT_00663,129.587564128123
OUT_00664,124.51064599197278
OUT_00665,129.587564128123
OUT_00666,131.17933665937835
OUT_00667,131.17933665937835
OUT_00668,129.587564128123
OUT_00669,124.51064599197278
OUT_00670,131.17933665937835
OUT_00671,131.17933665937835
OUT_00672,131.17933665937835
OUT_00673,124.51064599197278
OUT_00674,131.17933665937835
OUT_00675,131.17933665937835
OUT_00676,131.17933665937835
OUT_00677,124.51064599197278
OUT_00678,131.17933665937835
OUT_00679,129.587564128123
OUT_00680,131.17933665937835
OUT_00681,131.17933665937835
OUT_00682,124.51064599197278
OUT_00683,129.587564128123
OUT_00684,252.7404349753378
OUT_00685,129.587564128123
OUT_00686,163.82162716042845
OUT_00687,124.51064599197278
OUT_00688,131.17933665937835
OUT_00689,253.27028720423533
OUT_00690,129.587564128123
OUT_00691,215.22895978435545
OUT_00692,131.17933665937835
OUT_00693,131.17933665937835
OUT_00694,143.91487532823754
OUT_00695,131.17933665937835
OUT_00696,131.17933665937835
OUT_00697,124.51064599197278
OUT_00698,131.17933665937835
OUT_00699,131.17933665937835
OUT_00700,131.17933665937835
OUT_00701,131.17933665937835
OUT_00702,131.17933665937835
OUT_00703,131.17933665937835
OUT_00704,131.17933665937835
OUT_00705,131.17933665937835
OUT_00706,131.17933665937835
OUT_00707,131.17933665937835
OUT_00708,124.51064599197278
OUT_00709,131.17933665937835
OUT_00710,131.17933665937835
OUT_00711,131.17933665937835
OUT_00712,131.17933665937835
OUT_00713,131.17933665937835
OUT_00714,131.17933665937835
OUT_00715,131.17933665937835
OUT_00716,131.17933665937835
OUT_00717,131.17933665937835
OUT_00718,131.17933665937835
OUT_00719,131.17933665937835
OUT_00720,131.17933665937835
OUT_00721,122.07450031563748
OUT_00722,129.587564128123
OUT_00723,131.17933665937835
OUT_00724,131.17933665937835
OUT_00725,131.17933665937835
OUT_00726,131.5283031205399
OUT_00727,131.17933665937835
OUT_00728,131.17933665937835
OUT_00729,129.587564128123
OUT_00730,131.17933665937835
OUT_00731,124.51064599197278
OUT_00732,131.17933665937835
OUT_00733,131.17933665937835
OUT_00734,131.17933665937835
OUT_00735,131.17933665937835
OUT_00736,164.88574883593122
OUT_00737,144.28469238883488
OUT_00738,131.17933665937835
OUT_00739,129.587564128123
OUT_00740,129.587564128123
OUT_00741,124.51064599197278
OUT_00742,294.5057672886704
OUT_00743,122.07450031563748
OUT_00744,131.17933665937835
OUT_00745,131.17933665937835
OUT_00746,122.07450031563748
OUT_00747,131.17933665937835
OUT_00748,131.17933665937835
OUT_00749,131.17933665937835
OUT_00750,131.17933665937835
OUT_00751,124.51064599197278
OUT_00752,131.17933665937835
OUT_00753,131.17933665937835
OUT_00754,131.17933665937835
OUT_00755,131.17933665937835
OUT_00756,124.51064599197278
OUT_00757,131.17933665937835
OUT_00758,129.587564128123
OUT_00759,122.07450031563748
OUT_00760,131.17933665937835
OUT_00761,124.51064599197278
OUT_00762,124.51064599197278
OUT_00763,131.17933665937835
OUT_00764,131.17933665937835
OUT_00765,131.17933665937835
OUT_00766,131.17933665937835
OUT_00767,131.17933665937835
OUT_00768,124.51064599197278
OUT_00769,131.17933665937835
OUT_00770,124.51064599197278
OUT_00771,122.07450031563748
OUT_00772,131.17933665937835
OUT_00773,131.17933665937835
OUT_00774,124.51064599197278
OUT_00775,131.17933665937835
OUT_00776,131.17933665937835
OUT_00777,129.587564128123
OUT_00778,249.9891985346485
OUT_00779,131.17933665937835
OUT_00780,129.587564128123
OUT_00781,124.51064599197278
OUT_00782,124.51064599197278
OUT_00783,131.17933665937835
OUT_00784,124.51064599197278
OUT_00785,131.17933665937835
OUT_00786,124.51064599197278
OUT_00787,131.17933665937835
OUT_00788,129.587564128123
OUT_00789,131.17933665937835
OUT_00790,131.17933665937835
OUT_00791,237.8066653103733
OUT_00792,124.51064599197278
OUT_00793,131.17933665937835
OUT_00794,131.17933665937835
OUT_00795,122.07450031563748
OUT_00796,131.17933665937835
OUT_00797,131.17933665937835
OUT_00798,131.17933665937835
OUT_00799,124.51064599197278
OUT_00800,131.17933665937835
OUT_00801,131.17933665937835
OUT_00802,131.17933665937835
OUT_00803,131.17933665937835
OUT_00804,129.587564128123
OUT_00805,131.17933665937835
OUT_00806,131.17933665937835
OUT_00807,131.17933665937835
OUT_00808,131.17933665937835
OUT_00809,131.17933665937835
OUT_00810,131.17933665937835
OUT_00811,131.17933665937835
OUT_00812,131.17933665937835
OUT_00813,131.17933665937835
OUT_00814,131.17933665937835
OUT_00815,206.61948080868171
OUT_00816,129.587564128123
OUT_00817,129.587564128123
OUT_00818,122.07450031563748
OUT_00819,131.17933665937835
OUT_00820,122.07450031563748
OUT_00821,131.17933665937835
OUT_00822,129.587564128123
OUT_00823,124.51064599197278
OUT_00824,131.17933665937835
OUT_00825,129.587564128123
OUT_00826,131.17933665937835
OUT_00827,129.587564128123
OUT_00828,131.17933665937835
OUT_00829,124.51064599197278
OUT_00830,129.587564128123
OUT_00831,129.587564128123
OUT_00832,131.17933665937835
OUT_00833,129.587564128123
OUT_00834,124.51064599197278
OUT_00835,131.17933665937835
OUT_00836,131.17933665937835
OUT_00837,131.17933665937835
OUT_00838,131.17933665937835
OUT_00839,129.587564128123
OUT_00840,231.96724432377488
OUT_00841,124.51064599197278
OUT_00842,131.17933665937835
OUT_00843,131.17933665937835
OUT_00844,131.17933665937835
OUT_00845,131.17933665937835
OUT_00846,129.587564128123
OUT_00847,124.51064599197278
OUT_00848,131.17933665937835
OUT_00849,124.51064599197278
OUT_00850,131.17933665937835
OUT_00851,124.51064599197278
OUT_00852,131.17933665937835
OUT_00853,314.34954057391843
OUT_00854,131.17933665937835
OUT_00855,131.17933665937835
OUT_00856,244.2201218678931
OUT_00857,124.51064599197278
OUT_00858,131.17933665937835
OUT_00859,131.17933665937835
OUT_00860,131.17933665937835
OUT_00861,131.17933665937835
OUT_00862,131.17933665937835
OUT_00863,131.17933665937835
OUT_00864,131.17933665937835
OUT_00865,124.51064599197278
OUT_00866,124.51064599197278
OUT_00867,124.51064599197278
OUT_00868,124.51064599197278
OUT_00869,131.17933665937835
OUT_00870,124.51064599197278
OUT_00871,124.51064599197278
OUT_00872,124.51064599197278
OUT_00873,131.17933665937835
OUT_00874,131.17933665937835
OUT_00875,131.17933665937835
OUT_00876,124.51064599197278
OUT_00877,124.51064599197278
OUT_00878,129.587564128123
OUT_00879,124.51064599197278
OUT_00880,131.17933665937835
OUT_00881,129.587564128123
OUT_00882,131.17933665937835
OUT_00883,124.51064599197278
OUT_00884,129.587564128123
OUT_00885,131.17933665937835
OUT_00886,204.23325815823907
OUT_00887,131.17933665937835
OUT_00888,131.17933665937835
OUT_00889,129.587564128123
OUT_00890,122.07450031563748
OUT_00891,131.17933665937835
OUT_00892,131.17933665937835
OUT_00893,131.17933665937835
OUT_00894,131.17933665937835
OUT_00895,129.587564128123
OUT_00896,131.17933665937835
OUT_00897,129.587564128123
OUT_00898,131.17933665937835
OUT_00899,129.587564128123
OUT_00900,129.587564128123
OUT_00901,131.17933665937835
OUT_00902,131.17933665937835
OUT_00903,141.47595170880643
OUT_00904,131.17933665937835
OUT_00905,124.51064599197278
OUT_00906,131.17933665937835
OUT_00907,124.51064599197278
OUT_00908,131.17933665937835
OUT_00909,124.51064599197278
OUT_00910,131.17933665937835
OUT_00911,131.17933665937835
OUT_00912,124.51064599197278
OUT_00913,129.587564128123
OUT_00914,131.17933665937835
OUT_00915,131.17933665937835
OUT_00916,131.17933665937835
OUT_00917,131.17933665937835
OUT_00918,131.17933665937835
OUT_00919,131.17933665937835
OUT_00920,131.17933665937835
OUT_00921,131.17933665937835
OUT_00922,129.587564128123
OUT_00923,131.17933665937835
OUT_00924,124.51064599197278
OUT_00925,124.51064599197278
OUT_00926,131.17933665937835
OUT_00927,124.51064599197278
OUT_00928,122.07450031563748
OUT_00929,131.17933665937835
OUT_00930,129.587564128123
OUT_00931,131.17933665937835
OUT_00932,131.17933665937835
OUT_00933,131.17933665937835
OUT_00934,159.6591624889898
OUT_00935,122.07450031563748
OUT_00936,131.17933665937835
OUT_00937,132.28899645752722
OUT_00938,129.587564128123
OUT_00939,131.17933665937835
OUT_00940,124.51064599197278
OUT_00941,131.17933665937835
OUT_00942,131.17933665937835
OUT_00943,131.17933665937835
OUT_00944,124.51064599197278
OUT_00945,131.17933665937835
OUT_00946,131.17933665937835
OUT_00947,124.51064599197278
OUT_00948,131.17933665937835
OUT_00949,131.17933665937835
OUT_00950,131.17933665937835
OUT_00951,124.51064599197278
OUT_00952,124.51064599197278
OUT_00953,131.17933665937835
OUT_00954,124.51064599197278
OUT_00955,131.17933665937835
OUT_00956,124.51064599197278
OUT_00957,131.17933665937835
OUT_00958,131.17933665937835
OUT_00959,131.17933665937835
OUT_00960,131.17933665937835
OUT_00961,131.17933665937835
OUT_00962,129.587564128123
OUT_00963,124.51064599197278
OUT_00964,131.17933665937835
OUT_00965,234.6745942272416
OUT_00966,129.587564128123
OUT_00967,122.07450031563748
OUT_00968,131.17933665937835
OUT_00969,131.17933665937835
OUT_00970,131.17933665937835
OUT_00971,124.51064599197278
OUT_00972,131.17933665937835
OUT_00973,124.51064599197278
OUT_00974,131.17933665937835
OUT_00975,131.17933665937835
OUT_00976,131.17933665937835
OUT_00977,124.51064599197278
OUT_00978,131.17933665937835
OUT_00979,131.17933665937835
OUT_00980,131.17933665937835
OUT_00981,131.17933665937835
OUT_00982,131.17933665937835
OUT_00983,124.51064599197278
OUT_00984,131.17933665937835
OUT_00985,131.17933665937835
OUT_00986,131.17933665937835
OUT_00987,129.587564128123
OUT_00988,131.17933665937835
OUT_00989,131.17933665937835
OUT_00990,131.17933665937835
OUT_00991,124.51064599197278
OUT_00992,129.587564128123
OUT_00993,131.17933665937835
OUT_00994,131.17933665937835
OUT_00995,131.17933665937835
OUT_00996,243.5570357536402
OUT_00997,131.17933665937835
OUT_00998,131.17933665937835
OUT_00999,131.17933665937835
OUT_01000,129.587564128123
OUT_01001,131.17933665937835
OUT_01002,129.587564128123
OUT_01003,131.17933665937835
OUT_01004,131.17933665937835
OUT_01005,131.17933665937835
OUT_01006,270.727949625794
OUT_01007,131.17933665937835
OUT_01008,131.17933665937835
OUT_01009,124.51064599197278
OUT_01010,131.17933665937835
OUT_01011,129.587564128123
OUT_01012,131.17933665937835
OUT_01013,131.17933665937835
OUT_01014,131.17933665937835
OUT_01015,131.17933665937835
OUT_01016,131.17933665937835
OUT_01017,131.17933665937835
OUT_01018,131.17933665937835
OUT_01019,131.17933665937835
OUT_01020,131.17933665937835
OUT_01021,129.587564128123
OUT_01022,124.51064599197278
OUT_01023,131.17933665937835
OUT_01024,122.07450031563748
OUT_01025,131.17933665937835
OUT_01026,131.17933665937835
OUT_01027,131.17933665937835
OUT_01028,129.587564128123
OUT_01029,131.17933665937835
OUT_01030,124.51064599197278
OUT_01031,122.07450031563748
OUT_01032,291.3833297019365
OUT_01033,124.51064599197278
OUT_01034,131.17933665937835
OUT_01035,122.07450031563748
OUT_01036,131.17933665937835
OUT_01037,131.17933665937835
OUT_01038,131.17933665937835
OUT_01039,131.17933665937835
OUT_01040,129.587564128123
OUT_01041,122.07450031563748
OUT_01042,131.17933665937835
OUT_01043,124.51064599197278
OUT_01044,320.710237602918
OUT_01045,124.51064599197278
OUT_01046,131.17933665937835
OUT_01047,124.51064599197278
OUT_01048,131.17933665937835
OUT_01049,131.17933665937835
OUT_01050,124.51064599197278
OUT_01051,131.17933665937835
OUT_01052,124.51064599197278
OUT_01053,129.587564128123
OUT_01054,124.51064599197278
OUT_01055,131.17933665937835
OUT_01056,131.17933665937835
OUT_01057,131.17933665937835
OUT_01058,124.51064599197278
OUT_01059,131.17933665937835
OUT_01060,124.51064599197278
OUT_01061,257.9676657774271
OUT_01062,131.17933665937835
OUT_01063,129.587564128123
OUT_01064,129.587564128123
OUT_01065,131.17933665937835
OUT_01066,131.17933665937835
OUT_01067,131.17933665937835
OUT_01068,131.17933665937835
OUT_01069,131.17933665937835
OUT_01070,122.07450031563748
OUT_01071,131.17933665937835
OUT_01072,131.17933665937835
OUT_01073,131.17933665937835
OUT_01074,124.51064599197278
OUT_01075,124.51064599197278
OUT_01076,124.51064599197278
OUT_01077,131.17933665937835
OUT_01078,124.51064599197278
OUT_01079,131.17933665937835
OUT_01080,131.17933665937835
OUT_01081,124.51064599197278
OUT_01082,131.17933665937835
OUT_01083,131.17933665937835
OUT_01084,129.587564128123
OUT_01085,124.51064599197278
OUT_01086,131.17933665937835
OUT_01087,129.587564128123
OUT_01088,131.17933665937835
OUT_01089,131.17933665937835
OUT_01090,131.17933665937835
OUT_01091,131.17933665937835
OUT_01092,131.17933665937835
OUT_01093,131.17933665937835
OUT_01094,124.51064599197278
OUT_01095,129.587564128123
OUT_01096,131.17933665937835
OUT_01097,131.17933665937835
OUT_01098,131.17933665937835
OUT_01099,122.07450031563748
OUT_01100,307.8703900682584
OUT_01101,124.51064599197278
OUT_01102,129.587564128123
OUT_01103,124.51064599197278
OUT_01104,131.17933665937835
OUT_01105,131.17933665937835
OUT_01106,131.17933665937835
OUT_01107,131.17933665937835
OUT_01108,262.16209903275313
OUT_01109,131.17933665937835
OUT_01110,124.51064599197278
OUT_01111,131.17933665937835
OUT_01112,131.17933665937835
OUT_01113,131.17933665937835
OUT_01114,122.07450031563748
OUT_01115,129.587564128123
OUT_01116,131.17933665937835
OUT_01117,124.51064599197278
OUT_01118,131.17933665937835
OUT_01119,131.17933665937835
OUT_01120,131.17933665937835
OUT_01121,124.51064599197278
OUT_01122,131.17933665937835
OUT_01123,131.17933665937835
OUT_01124,208.8770687063492
OUT_01125,131.17933665937835
OUT_01126,131.17933665937835
OUT_01127,131.17933665937835
OUT_01128,131.17933665937835
OUT_01129,124.51064599197278
OUT_01130,131.17933665937835
OUT_01131,124.51064599197278
OUT_01132,131.17933665937835
OUT_01133,158.38592252082174
OUT_01134,131.17933665937835
OUT_01135,131.17933665937835
OUT_01136,131.17933665937835
OUT_01137,131.17933665937835
OUT_01138,131.17933665937835
OUT_01139,131.17933665937835
OUT_01140,131.17933665937835
OUT_01141,131.17933665937835
OUT_01142,131.17933665937835
OUT_01143,131.17933665937835
OUT_01144,129.587564128123
OUT_01145,131.17933665937835
OUT_01146,262.607860715871
OUT_01147,124.51064599197278
OUT_01148,131.17933665937835
OUT_01149,131.17933665937835
OUT_01150,131.17933665937835
OUT_01151,124.51064599197278
OUT_01152,330.38494723057806
OUT_01153,131.17933665937835
OUT_01154,131.17933665937835
OUT_01155,131.17933665937835
OUT_01156,131.17933665937835
OUT_01157,131.17933665937835
OUT_01158,129.587564128123
OUT_01159,131.17933665937835
OUT_01160,131.17933665937835
OUT_01161,131.17933665937835
OUT_01162,131.17933665937835
OUT_01163,131.17933665937835
OUT_01164,124.51064599197278
OUT_01165,131.17933665937835
OUT_01166,131.17933665937835
OUT_01167,124.51064599197278
OUT_01168,129.587564128123
OUT_01169,124.51064599197278
OUT_01170,131.17933665937835
OUT_01171,131.17933665937835
OUT_01172,131.17933665937835
OUT_01173,131.17933665937835
OUT_01174,131.17933665937835
OUT_01175,131.17933665937835
OUT_01176,124.51064599197278
OUT_01177,131.17933665937835
OUT_01178,131.17933665937835
OUT_01179,131.17933665937835
OUT_01180,124.51064599197278
OUT_01181,122.07450031563748
OUT_01182,131.17933665937835
OUT_01183,124.51064599197278
OUT_01184,124.51064599197278
OUT_01185,131.17933665937835
OUT_01186,131.17933665937835
OUT_01187,131.17933665937835
OUT_01188,131.17933665937835
OUT_01189,131.17933665937835
OUT_01190,131.17933665937835
OUT_01191,131.17933665937835
OUT_01192,131.17933665937835
OUT_01193,131.17933665937835
OUT_01194,131.17933665937835
OUT_01195,124.51064599197278
OUT_01196,131.17933665937835
OUT_01197,124.51064599197278
OUT_01198,131.17933665937835
OUT_01199,124.51064599197278
OUT_01200,131.17933665937835
OUT_01201,131.17933665937835
OUT_01202,131.17933665937835
OUT_01203,138.92507120684314
OUT_01204,131.17933665937835
OUT_01205,131.17933665937835
OUT_01206,131.17933665937835
OUT_01207,314.55574121259326
OUT_01208,131.17933665937835
OUT_01209,131.17933665937835
OUT_01210,124.51064599197278
OUT_01211,122.07450031563748
OUT_01212,171.10281901880063
OUT_01213,129.587564128123
OUT_01214,131.17933665937835
OUT_01215,131.17933665937835
OUT_01216,131.17933665937835
OUT_01217,131.17933665937835
OUT_01218,124.51064599197278
OUT_01219,131.17933665937835
OUT_01220,124.51064599197278
OUT_01221,229.1455825226681
OUT_01222,131.17933665937835
OUT_01223,131.17933665937835
OUT_01224,131.17933665937835
OUT_01225,122.07450031563748
OUT_01226,129.587564128123
OUT_01227,131.17933665937835
OUT_01228,131.17933665937835
OUT_01229,131.17933665937835
OUT_01230,131.17933665937835
OUT_01231,131.17933665937835
OUT_01232,131.17933665937835
OUT_01233,131.17933665937835
OUT_01234,131.17933665937835
OUT_01235,131.17933665937835
OUT_01236,124.51064599197278
OUT_01237,131.17933665937835
OUT_01238,131.17933665937835
OUT_01239,131.17933665937835
OUT_01240,131.17933665937835
OUT_01241,273.395442453162
OUT_01242,131.17933665937835
OUT_01243,131.17933665937835
OUT_01244,124.51064599197278
OUT_01245,124.51064599197278
OUT_01246,140.0114073736923
OUT_01247,131.17933665937835
OUT_01248,131.17933665937835
OUT_01249,131.17933665937835
OUT_01250,131.17933665937835
OUT_01251,131.17933665937835
OUT_01252,124.51064599197278
OUT_01253,129.587564128123
OUT_01254,131.17933665937835
OUT_01255,131.17933665937835
OUT_01256,131.17933665937835
OUT_01257,129.587564128123
OUT_01258,129.587564128123
OUT_01259,122.07450031563748
OUT_01260,131.17933665937835
OUT_01261,124.51064599197278
OUT_01262,131.412453283453
OUT_01263,142.39390893917468
OUT_01264,129.587564128123
OUT_01265,131.17933665937835
OUT_01266,131.17933665937835
OUT_01267,139.99281379290045
OUT_01268,129.587564128123
OUT_01269,129.587564128123
OUT_01270,131.17933665937835
OUT_01271,131.17933665937835
OUT_01272,124.51064599197278
OUT_01273,124.51064599197278
OUT_01274,124.51064599197278
OUT_01275,131.17933665937835
OUT_01276,131.17933665937835
OUT_01277,124.51064599197278
OUT_01278,124.51064599197278
OUT_01279,129.587564128123
OUT_01280,131.17933665937835
OUT_01281,131.17933665937835
OUT_01282,122.07450031563748
OUT_01283,124.51064599197278
OUT_01284,124.51064599197278
OUT_01285,131.17933665937835
OUT_01286,131.17933665937835
OUT_01287,131.94928053943644
OUT_01288,131.17933665937835
OUT_01289,129.587564128123
OUT_01290,124.51064599197278
OUT_01291,131.17933665937835
OUT_01292,150.17507077622855
OUT_01293,124.51064599197278
OUT_01294,129.587564128123
OUT_01295,131.17933665937835
OUT_01296,131.17933665937835
OUT_01297,131.17933665937835
OUT_01298,131.17933665937835
OUT_01299,229.6975977458268
OUT_01300,131.17933665937835
OUT_01301,131.17933665937835
OUT_01302,131.17933665937835
OUT_01303,131.17933665937835
OUT_01304,131.17933665937835
OUT_01305,131.17933665937835
OUT_01306,131.17933665937835
OUT_01307,122.07450031563748
OUT_01308,131.17933665937835
OUT_01309,131.17933665937835
OUT_01310,131.17933665937835
OUT_01311,131.17933665937835
OUT_01312,131.17933665937835
OUT_01313,131.17933665937835
OUT_01314,131.17933665937835
OUT_01315,131.17933665937835
OUT_01316,261.5099804020481
OUT_01317,131.17933665937835
OUT_01318,131.17933665937835
OUT_01319,131.17933665937835
OUT_01320,131.17933665937835
OUT_01321,129.587564128123
OUT_01322,124.51064599197278
OUT_01323,129.587564128123
OUT_01324,131.17933665937835
OUT_01325,122.07450031563748
OUT_01326,131.17933665937835
OUT_01327,131.17933665937835
OUT_01328,122.07450031563748
OUT_01329,124.51064599197278
OUT_01330,131.17933665937835
OUT_01331,131.17933665937835
OUT_01332,131.17933665937835
OUT_01333,131.17933665937835
OUT_01334,131.17933665937835
OUT_01335,131.17933665937835
OUT_01336,129.587564128123
OUT_01337,131.17933665937835
OUT_01338,131.17933665937835
OUT_01339,131.17933665937835
OUT_01340,131.17933665937835
OUT_01341,124.51064599197278
OUT_01342,131.17933665937835
OUT_01343,129.587564128123
OUT_01344,131.17933665937835
OUT_01345,131.17933665937835
OUT_01346,124.51064599197278
OUT_01347,129.587564128123
OUT_01348,124.51064599197278
OUT_01349,124.51064599197278
OUT_01350,129.587564128123
OUT_01351,124.51064599197278
OUT_01352,141.01227032986057
OUT_01353,131.17933665937835
OUT_01354,131.17933665937835
OUT_01355,131.17933665937835
OUT_01356,129.587564128123
OUT_01357,124.51064599197278
OUT_01358,131.17933665937835
OUT_01359,129.587564128123
OUT_01360,129.587564128123
OUT_01361,131.17933665937835
OUT_01362,199.8583043157416
OUT_01363,131.17933665937835
OUT_01364,129.587564128123
OUT_01365,131.17933665937835
OUT_01366,131.17933665937835
OUT_01367,129.587564128123
OUT_01368,131.17933665937835
OUT_01369,131.17933665937835
OUT_01370,124.51064599197278
OUT_01371,131.17933665937835
OUT_01372,131.17933665937835
OUT_01373,131.17933665937835
OUT_01374,131.17933665937835
OUT_01375,129.587564128123
OUT_01376,194.4649739030415
OUT_01377,129.587564128123
OUT_01378,131.17933665937835
OUT_01379,131.17933665937835
OUT_01380,124.51064599197278
OUT_01381,129.587564128123
OUT_01382,131.17933665937835
OUT_01383,129.587564128123
OUT_01384,131.17933665937835
OUT_01385,131.17933665937835
OUT_01386,122.07450031563748
OUT_01387,131.17933665937835
OUT_01388,131.17933665937835
OUT_01389,131.17933665937835
OUT_01390,124.51064599197278
OUT_01391,134.93308400392675
OUT_01392,131.17933665937835
OUT_01393,131.17933665937835
OUT_01394,124.51064599197278
OUT_01395,131.17933665937835
OUT_01396,131.17933665937835
OUT_01397,131.17933665937835
OUT_01398,131.17933665937835
OUT_01399,131.17933665937835
OUT_01400,131.17933665937835
OUT_01401,131.17933665937835
OUT_01402,131.17933665937835
OUT_01403,131.17933665937835
OUT_01404,131.17933665937835
OUT_01405,131.17933665937835
OUT_01406,129.587564128123
OUT_01407,131.17933665937835
OUT_01408,131.17933665937835
OUT_01409,131.17933665937835
OUT_01410,152.48677126996657
OUT_01411,122.07450031563748
OUT_01412,131.17933665937835
OUT_01413,129.587564128123
OUT_01414,131.17933665937835
OUT_01415,124.51064599197278
OUT_01416,124.51064599197278
OUT_01417,131.17933665937835
OUT_01418,131.17933665937835
OUT_01419,131.17933665937835
OUT_01420,135.33046670106015
OUT_01421,131.17933665937835
OUT_01422,131.17933665937835
OUT_01423,131.17933665937835
OUT_01424,124.51064599197278
OUT_01425,124.51064599197278
OUT_01426,131.17933665937835
OUT_01427,129.587564128123
OUT_01428,131.17933665937835
OUT_01429,124.51064599197278
OUT_01430,131.17933665937835
OUT_01431,131.17933665937835
OUT_01432,131.17933665937835
OUT_01433,131.17933665937835
OUT_01434,131.17933665937835
OUT_01435,131.17933665937835
OUT_01436,129.587564128123
OUT_01437,131.17933665937835
OUT_01438,124.51064599197278
OUT_01439,131.17933665937835
OUT_01440,270.58367267020816
OUT_01441,131.17933665937835
OUT_01442,122.07450031563748
OUT_01443,131.17933665937835
OUT_01444,131.17933665937835
OUT_01445,131.17933665937835
OUT_01446,122.07450031563748
OUT_01447,131.17933665937835
OUT_01448,124.51064599197278
OUT_01449,129.587564128123
OUT_01450,131.17933665937835
OUT_01451,131.17933665937835
OUT_01452,131.17933665937835
OUT_01453,124.51064599197278
OUT_01454,124.51064599197278
OUT_01455,131.17933665937835
OUT_01456,131.17933665937835
OUT_01457,124.51064599197278
OUT_01458,131.17933665937835
OUT_01459,131.17933665937835
OUT_01460,124.51064599197278
OUT_01461,134.2364075356167
OUT_01462,131.17933665937835
OUT_01463,131.17933665937835
OUT_01464,124.51064599197278
OUT_01465,131.17933665937835
OUT_01466,129.587564128123
OUT_01467,131.17933665937835
OUT_01468,131.17933665937835
OUT_01469,131.17933665937835
OUT_01470,131.17933665937835
OUT_01471,272.7367931010711
OUT_01472,186.04491307685265
OUT_01473,124.51064599197278
OUT_01474,122.07450031563748
OUT_01475,131.17933665937835
OUT_01476,131.17933665937835
OUT_01477,124.51064599197278
OUT_01478,131.17933665937835
OUT_01479,131.17933665937835
OUT_01480,131.17933665937835
OUT_01481,131.17933665937835
OUT_01482,131.17933665937835
OUT_01483,131.17933665937835
OUT_01484,131.17933665937835
OUT_01485,131.17933665937835
OUT_01486,131.17933665937835
OUT_01487,131.17933665937835
OUT_01488,124.51064599197278
OUT_01489,131.17933665937835
OUT_01490,131.17933665937835
OUT_01491,122.07450031563748
OUT_01492,131.17933665937835
OUT_01493,131.17933665937835
OUT_01494,122.07450031563748
OUT_01495,124.51064599197278
OUT_01496,131.17933665937835
OUT_01497,131.17933665937835
OUT_01498,131.17933665937835
OUT_01499,124.51064599197278
OUT_01500,157.10586921423354
OUT_01501,129.587564128123
OUT_01502,124.51064599197278
OUT_01503,133.37420021588733
OUT_01504,129.587564128123
OUT_01505,283.6218425622499
OUT_01506,129.6708880858416
OUT_01507,124.51064599197278
OUT_01508,124.51064599197278
OUT_01509,124.51064599197278
OUT_01510,131.17933665937835
OUT_01511,129.587564128123
OUT_01512,124.51064599197278
OUT_01513,131.17933665937835
OUT_01514,266.19683284912065
OUT_01515,131.17933665937835
OUT_01516,131.17933665937835
OUT_01517,124.51064599197278
OUT_01518,124.51064599197278
OUT_01519,131.17933665937835
OUT_01520,124.51064599197278
OUT_01521,131.17933665937835
OUT_01522,131.17933665937835
OUT_01523,131.17933665937835
OUT_01524,131.17933665937835
OUT_01525,129.587564128123
OUT_01526,131.17933665937835
OUT_01527,131.17933665937835
OUT_01528,330.3622522950528
OUT_01529,131.17933665937835
OUT_01530,131.17933665937835
OUT_01531,131.17933665937835
OUT_01532,131.17933665937835
OUT_01533,124.51064599197278
OUT_01534,124.51064599197278
OUT_01535,131.17933665937835
OUT_01536,131.17933665937835
OUT_01537,131.17933665937835
OUT_01538,131.17933665937835
OUT_01539,131.17933665937835
OUT_01540,129.587564128123
OUT_01541,122.07450031563748
OUT_01542,131.17933665937835
OUT_01543,131.17933665937835
OUT_01544,131.17933665937835
OUT_01545,131.17933665937835
OUT_01546,124.51064599197278
OUT_01547,131.17933665937835
OUT_01548,131.17933665937835
OUT_01549,129.587564128123
OUT_01550,131.17933665937835
OUT_01551,129.587564128123
OUT_01552,131.17933665937835
OUT_01553,124.51064599197278
OUT_01554,228.46773295383144
OUT_01555,131.17933665937835
OUT_01556,124.51064599197278
OUT_01557,291.96987660796134
OUT_01558,131.17933665937835
OUT_01559,161.94994788303933
OUT_01560,131.17933665937835
OUT_01561,124.51064599197278
OUT_01562,131.17933665937835
OUT_01563,124.51064599197278
OUT_01564,129.587564128123
OUT_01565,131.17933665937835
OUT_01566,131.17933665937835
OUT_01567,272.67617264259553
OUT_01568,129.587564128123
OUT_01569,131.17933665937835
OUT_01570,131.17933665937835
OUT_01571,131.17933665937835
OUT_01572,131.17933665937835
OUT_01573,131.17933665937835
OUT_01574,131.17933665937835
OUT_01575,131.17933665937835
OUT_01576,131.17933665937835
OUT_01577,131.17933665937835
OUT_01578,129.587564128123
OUT_01579,122.07450031563748
OUT_01580,131.17933665937835
OUT_01581,124.51064599197278
OUT_01582,131.17933665937835
OUT_01583,131.17933665937835
OUT_01584,131.17933665937835
OUT_01585,131.17933665937835
OUT_01586,122.07450031563748
OUT_01587,124.51064599197278
OUT_01588,124.51064599197278
OUT_01589,124.51064599197278
OUT_01590,131.17933665937835
OUT_01591,124.51064599197278
OUT_01592,131.17933665937835
OUT_01593,163.36060935618505
OUT_01594,131.17933665937835
OUT_01595,249.4259513801179
OUT_01596,131.17933665937835
OUT_01597,122.07450031563748
OUT_01598,131.17933665937835
OUT_01599,122.07450031563748
OUT_01600,122.07450031563748
OUT_01601,129.587564128123
OUT_01602,131.17933665937835
OUT_01603,124.51064599197278
OUT_01604,131.17933665937835
OUT_01605,135.34164982982583
OUT_01606,131.17933665937835
OUT_01607,131.17933665937835
OUT_01608,131.17933665937835
OUT_01609,131.17933665937835
OUT_01610,124.51064599197278
OUT_01611,129.587564128123
OUT_01612,131.17933665937835
OUT_01613,124.51064599197278
OUT_01614,131.17933665937835
OUT_01615,131.17933665937835
OUT_01616,124.51064599197278
OUT_01617,129.587564128123
OUT_01618,131.17933665937835
OUT_01619,124.51064599197278
OUT_01620,124.51064599197278
OUT_01621,131.17933665937835
OUT_01622,131.17933665937835
OUT_01623,131.17933665937835
OUT_01624,234.91855761593783
OUT_01625,131.17933665937835
OUT_01626,131.17933665937835
OUT_01627,131.17933665937835
OUT_01628,131.17933665937835
OUT_01629,132.32274646110957
OUT_01630,131.17933665937835
OUT_01631,129.587564128123
OUT_01632,131.17933665937835
OUT_01633,131.17933665937835
OUT_01634,124.51064599197278
OUT_01635,129.587564128123
OUT_01636,131.17933665937835
OUT_01637,131.17933665937835
OUT_01638,131.17933665937835
OUT_01639,131.17933665937835
OUT_01640,264.4195590185887
OUT_01641,287.1850259508427
OUT_01642,131.17933665937835
OUT_01643,122.07450031563748
OUT_01644,131.17933665937835
OUT_01645,129.587564128123
OUT_01646,131.17933665937835
OUT_01647,131.17933665937835
OUT_01648,124.51064599197278
OUT_01649,131.17933665937835
OUT_01650,272.842513922902
OUT_01651,131.17933665937835
OUT_01652,129.587564128123
OUT_01653,131.17933665937835
OUT_01654,131.17933665937835
OUT_01655,131.17933665937835
OUT_01656,131.17933665937835
OUT_01657,131.17933665937835
OUT_01658,124.51064599197278
OUT_01659,131.17933665937835
OUT_01660,124.51064599197278
OUT_01661,129.587564128123
OUT_01662,129.587564128123
OUT_01663,131.17933665937835
OUT_01664,131.17933665937835
OUT_01665,187.10173586944052
OUT_01666,131.17933665937835
OUT_01667,131.17933665937835
OUT_01668,122.07450031563748
OUT_01669,129.587564128123
OUT_01670,131.17933665937835
OUT_01671,131.17933665937835
OUT_01672,131.17933665937835
OUT_01673,129.587564128123
OUT_01674,131.17933665937835
OUT_01675,131.17933665937835
OUT_01676,131.17933665937835
OUT_01677,124.51064599197278
OUT_01678,131.17933665937835
OUT_01679,142.0675535186012
OUT_01680,131.17933665937835
OUT_01681,131.17933665937835
OUT_01682,129.587564128123
OUT_01683,131.17933665937835
OUT_01684,131.17933665937835
OUT_01685,131.17933665937835
OUT_01686,131.17933665937835
OUT_01687,124.51064599197278
OUT_01688,124.51064599197278
OUT_01689,131.17933665937835
OUT_01690,124.51064599197278
OUT_01691,214.56686503914236
OUT_01692,122.07450031563748
OUT_01693,131.17933665937835
OUT_01694,131.17933665937835
OUT_01695,131.17933665937835
OUT_01696,131.17933665937835
OUT_01697,131.17933665937835
OUT_01698,131.17933665937835
OUT_01699,131.17933665937835
OUT_01700,124.51064599197278
OUT_01701,124.51064599197278
OUT_01702,122.07450031563748
OUT_01703,131.17933665937835
OUT_01704,131.17933665937835
OUT_01705,131.17933665937835
OUT_01706,131.17933665937835
OUT_01707,131.17933665937835
OUT_01708,122.07450031563748
OUT_01709,124.51064599197278
OUT_01710,131.17933665937835
OUT_01711,129.587564128123
OUT_01712,248.89047584431887
OUT_01713,131.17933665937835
OUT_01714,131.17933665937835
OUT_01715,124.51064599197278
OUT_01716,287.43685389442425
OUT_01717,131.17933665937835
OUT_01718,131.17933665937835
OUT_01719,131.17933665937835
OUT_01720,131.17933665937835
OUT_01721,131.17933665937835
OUT_01722,131.17933665937835
OUT_01723,131.17933665937835
OUT_01724,131.17933665937835
OUT_01725,263.8454864122296
OUT_01726,124.51064599197278
OUT_01727,131.17933665937835
OUT_01728,131.17933665937835
OUT_01729,122.07450031563748
OUT_01730,124.51064599197278
OUT_01731,131.17933665937835
OUT_01732,131.17933665937835
OUT_01733,131.17933665937835
OUT_01734,131.17933665937835
OUT_01735,131.17933665937835
OUT_01736,209.60669796767337
OUT_01737,168.56028246793474
OUT_01738,131.17933665937835
OUT_01739,129.587564128123
OUT_01740,124.51064599197278
OUT_01741,129.587564128123
OUT_01742,131.17933665937835
OUT_01743,131.17933665937835
OUT_01744,131.17933665937835
OUT_01745,129.587564128123
OUT_01746,124.51064599197278
OUT_01747,124.51064599197278
OUT_01748,131.17933665937835
OUT_01749,171.54668821675395
OUT_01750,129.587564128123
OUT_01751,131.17933665937835
OUT_01752,124.51064599197278
OUT_01753,124.51064599197278
OUT_01754,131.17933665937835
OUT_01755,124.51064599197278
OUT_01756,124.51064599197278
OUT_01757,131.17933665937835
OUT_01758,131.17933665937835
OUT_01759,131.17933665937835
OUT_01760,201.43595073684784
OUT_01761,131.17933665937835
OUT_01762,131.17933665937835
OUT_01763,131.17933665937835
OUT_01764,124.51064599197278
OUT_01765,124.51064599197278
OUT_01766,129.587564128123
OUT_01767,133.5202068139232
OUT_01768,131.17933665937835
OUT_01769,131.17933665937835
OUT_01770,131.17933665937835
OUT_01771,131.17933665937835
OUT_01772,131.17933665937835
OUT_01773,124.51064599197278
OUT_01774,131.17933665937835
OUT_01775,129.587564128123
OUT_01776,124.51064599197278
OUT_01777,129.587564128123
OUT_01778,131.17933665937835
OUT_01779,129.587564128123
OUT_01780,124.51064599197278
OUT_01781,131.17933665937835
OUT_01782,208.2108168734136
OUT_01783,129.587564128123
OUT_01784,124.51064599197278
OUT_01785,131.17933665937835
OUT_01786,131.17933665937835
OUT_01787,131.17933665937835
OUT_01788,131.17933665937835
OUT_01789,124.51064599197278
OUT_01790,131.17933665937835
OUT_01791,131.17933665937835
OUT_01792,131.17933665937835
OUT_01793,131.17933665937835
OUT_01794,131.17933665937835
OUT_01795,131.17933665937835
OUT_01796,129.587564128123
OUT_01797,122.07450031563748
OUT_01798,131.17933665937835
OUT_01799,131.17933665937835
OUT_01800,131.17933665937835
OUT_01801,131.17933665937835
OUT_01802,124.51064599197278
OUT_01803,124.51064599197278
OUT_01804,131.17933665937835
OUT_01805,131.17933665937835
OUT_01806,124.51064599197278
OUT_01807,124.51064599197278
OUT_01808,131.17933665937835
OUT_01809,131.17933665937835
OUT_01810,131.17933665937835
OUT_01811,131.17933665937835
OUT_01812,131.17933665937835
OUT_01813,131.17933665937835
OUT_01814,131.17933665937835
OUT_01815,131.17933665937835
OUT_01816,122.07450031563748
OUT_01817,131.17933665937835
OUT_01818,131.17933665937835
OUT_01819,131.17933665937835
OUT_01820,124.51064599197278
OUT_01821,297.5202894453304
OUT_01822,129.587564128123
OUT_01823,131.17933665937835
OUT_01824,131.17933665937835
OUT_01825,144.1041434648574
OUT_01826,131.17933665937835
OUT_01827,138.34036241830074
OUT_01828,122.07450031563748
OUT_01829,131.17933665937835
OUT_01830,131.17933665937835
OUT_01831,129.587564128123
OUT_01832,131.17933665937835
OUT_01833,131.17933665937835
OUT_01834,136.2146529264181
OUT_01835,142.82704352936432
OUT_01836,129.587564128123
OUT_01837,131.17933665937835
OUT_01838,122.07450031563748
OUT_01839,131.17933665937835
OUT_01840,122.07450031563748
OUT_01841,226.35423168749625
OUT_01842,131.17933665937835
OUT_01843,124.51064599197278
OUT_01844,124.51064599197278
OUT_01845,131.17933665937835
OUT_01846,122.07450031563748
OUT_01847,131.17933665937835
OUT_01848,131.17933665937835
OUT_01849,131.17933665937835
OUT_01850,131.17933665937835
OUT_01851,129.587564128123
OUT_01852,131.17933665937835
OUT_01853,131.17933665937835
OUT_01854,131.17933665937835
OUT_01855,131.17933665937835
OUT_01856,131.17933665937835
OUT_01857,124.51064599197278
OUT_01858,131.17933665937835
OUT_01859,122.07450031563748
OUT_01860,122.07450031563748
OUT_01861,131.17933665937835
OUT_01862,131.17933665937835
OUT_01863,131.17933665937835
OUT_01864,131.17933665937835
OUT_01865,122.07450031563748
OUT_01866,124.51064599197278
OUT_01867,122.07450031563748
OUT_01868,124.51064599197278
OUT_01869,278.905836838116
OUT_01870,131.17933665937835
OUT_01871,131.17933665937835
OUT_01872,124.51064599197278
OUT_01873,131.17933665937835
OUT_01874,131.17933665937835
OUT_01875,124.51064599197278
OUT_01876,131.17933665937835
OUT_01877,124.51064599197278
OUT_01878,124.51064599197278
OUT_01879,289.794763041761
OUT_01880,122.07450031563748
OUT_01881,131.17933665937835
OUT_01882,124.51064599197278
OUT_01883,124.51064599197278
OUT_01884,131.17933665937835
OUT_01885,131.17933665937835
OUT_01886,124.51064599197278
OUT_01887,130.8745328273523
OUT_01888,131.17933665937835
OUT_01889,131.17933665937835
OUT_01890,131.17933665937835
OUT_01891,153.13887157874527
OUT_01892,131.17933665937835
OUT_01893,131.17933665937835
OUT_01894,124.51064599197278
OUT_01895,124.51064599197278
OUT_01896,131.17933665937835
OUT_01897,137.3355140320614
OUT_01898,122.07450031563748
OUT_01899,144.15032947172998
OUT_01900,131.17933665937835
OUT_01901,210.1389195207748
OUT_01902,131.17933665937835
OUT_01903,279.0746011751773
OUT_01904,131.17933665937835
OUT_01905,129.587564128123
OUT_01906,354.0153842781153
OUT_01907,131.17933665937835
OUT_01908,131.17933665937835
OUT_01909,131.17933665937835
OUT_01910,122.07450031563748
OUT_01911,131.17933665937835
OUT_01912,124.51064599197278
OUT_01913,131.17933665937835
OUT_01914,131.17933665937835
OUT_01915,131.17933665937835
OUT_01916,122.07450031563748
OUT_01917,131.17933665937835
OUT_01918,131.17933665937835
OUT_01919,131.17933665937835
OUT_01920,131.17933665937835
OUT_01921,131.17933665937835
OUT_01922,124.51064599197278
OUT_01923,124.51064599197278
OUT_01924,131.17933665937835
OUT_01925,129.587564128123
OUT_01926,131.17933665937835
OUT_01927,131.17933665937835
OUT_01928,131.17933665937835
OUT_01929,131.17933665937835
OUT_01930,124.51064599197278
OUT_01931,131.17933665937835
OUT_01932,124.51064599197278
OUT_01933,131.17933665937835
OUT_01934,131.17933665937835
OUT_01935,131.17933665937835
OUT_01936,131.17933665937835
OUT_01937,237.51785083580216
OUT_01938,131.17933665937835
OUT_01939,131.17933665937835
OUT_01940,131.17933665937835
OUT_01941,131.17933665937835
OUT_01942,129.587564128123
OUT_01943,129.587564128123
OUT_01944,228.2520969645873
OUT_01945,131.17933665937835
OUT_01946,124.51064599197278
OUT_01947,131.17933665937835
OUT_01948,131.17933665937835
OUT_01949,124.51064599197278
OUT_01950,124.51064599197278
OUT_01951,131.17933665937835
OUT_01952,131.17933665937835
OUT_01953,132.63637154138692
OUT_01954,131.17933665937835
OUT_01955,131.17933665937835
OUT_01956,131.17933665937835
OUT_01957,131.17933665937835
OUT_01958,122.07450031563748
OUT_01959,131.17933665937835
OUT_01960,131.17933665937835
OUT_01961,137.30453955306464
OUT_01962,124.51064599197278
OUT_01963,129.587564128123
OUT_01964,124.51064599197278
OUT_01965,124.51064599197278
OUT_01966,131.17933665937835
OUT_01967,131.17933665937835
OUT_01968,131.17933665937835
OUT_01969,124.51064599197278
OUT_01970,167.07331573812036
OUT_01971,131.17933665937835
OUT_01972,131.17933665937835
OUT_01973,131.17933665937835
OUT_01974,129.587564128123
OUT_01975,122.07450031563748
OUT_01976,131.17933665937835
OUT_01977,129.587564128123
OUT_01978,129.587564128123
OUT_01979,131.17933665937835
OUT_01980,124.51064599197278
OUT_01981,131.17933665937835
OUT_01982,135.46502112806144
OUT_01983,131.17933665937835
OUT_01984,170.10118248864174
OUT_01985,131.17933665937835
OUT_01986,131.17933665937835
OUT_01987,131.17933665937835
OUT_01988,131.17933665937835
OUT_01989,122.07450031563748
OUT_01990,124.51064599197278
OUT_01991,124.51064599197278
OUT_01992,131.17933665937835
OUT_01993,131.17933665937835
OUT_01994,131.17933665937835
OUT_01995,131.17933665937835
OUT_01996,131.17933665937835
OUT_01997,155.12331314758052
OUT_01998,131.17933665937835
OUT_01999,149.36405715601362
OUT_02000,131.17933665937835
OUT_02001,131.17933665937835
OUT_02002,131.17933665937835
OUT_02003,124.51064599197278
OUT_02004,129.587564128123
OUT_02005,131.17933665937835
OUT_02006,131.17933665937835
OUT_02007,131.17933665937835
OUT_02008,131.17933665937835
OUT_02009,131.17933665937835
OUT_02010,131.17933665937835
OUT_02011,131.17933665937835
OUT_02012,131.17933665937835
OUT_02013,131.17933665937835
OUT_02014,142.81269275531213
OUT_02015,131.17933665937835
OUT_02016,134.24987319650353
OUT_02017,131.17933665937835
OUT_02018,124.51064599197278
OUT_02019,131.17933665937835
OUT_02020,131.17933665937835
OUT_02021,129.587564128123
OUT_02022,228.6965938560033
OUT_02023,131.17933665937835
OUT_02024,131.17933665937835
OUT_02025,199.6116420182772
OUT_02026,124.51064599197278
OUT_02027,131.17933665937835
OUT_02028,124.51064599197278
OUT_02029,131.17933665937835
OUT_02030,131.17933665937835
OUT_02031,131.17933665937835
OUT_02032,131.17933665937835
OUT_02033,129.587564128123
OUT_02034,325.9365008008178
OUT_02035,124.51064599197278
OUT_02036,129.587564128123
OUT_02037,124.51064599197278
OUT_02038,129.587564128123
OUT_02039,131.17933665937835
OUT_02040,131.17933665937835
OUT_02041,131.17933665937835
OUT_02042,129.587564128123
OUT_02043,131.17933665937835
OUT_02044,131.17933665937835
OUT_02045,131.17933665937835
OUT_02046,124.51064599197278
OUT_02047,131.17933665937835
OUT_02048,124.51064599197278
OUT_02049,131.17933665937835
OUT_02050,129.587564128123
OUT_02051,129.587564128123
OUT_02052,131.17933665937835
OUT_02053,131.17933665937835
OUT_02054,124.51064599197278
OUT_02055,131.17933665937835
OUT_02056,259.71508547454715
OUT_02057,131.17933665937835
OUT_02058,136.75047065558888
OUT_02059,124.51064599197278
OUT_02060,124.51064599197278
OUT_02061,129.587564128123
OUT_02062,131.17933665937835
OUT_02063,129.587564128123
OUT_02064,131.17933665937835
OUT_02065,131.17933665937835
OUT_02066,124.51064599197278
OUT_02067,131.17933665937835
OUT_02068,145.342654306356
OUT_02069,131.17933665937835
OUT_02070,131.17933665937835
OUT_02071,131.17933665937835
OUT_02072,131.17933665937835
OUT_02073,248.074787415764
OUT_02074,131.17933665937835
OUT_02075,131.17933665937835
OUT_02076,131.17933665937835
OUT_02077,124.51064599197278
OUT_02078,213.2484883023484
OUT_02079,131.17933665937835
OUT_02080,131.17933665937835
OUT_02081,124.51064599197278
OUT_02082,131.17933665937835
OUT_02083,382.53087500711314
OUT_02084,131.17933665937835
OUT_02085,129.587564128123
OUT_02086,131.17933665937835
OUT_02087,129.587564128123
OUT_02088,131.17933665937835
OUT_02089,131.17933665937835
OUT_02090,131.17933665937835
OUT_02091,131.17933665937835
OUT_02092,129.587564128123
OUT_02093,131.17933665937835
OUT_02094,131.17933665937835
OUT_02095,131.17933665937835
OUT_02096,163.1585501966778
OUT_02097,131.17933665937835
OUT_02098,122.07450031563748
OUT_02099,129.587564128123
OUT_02100,129.587564128123
OUT_02101,129.587564128123
OUT_02102,131.17933665937835
OUT_02103,122.07450031563748
OUT_02104,124.51064599197278
OUT_02105,131.17933665937835
OUT_02106,131.17933665937835
OUT_02107,131.17933665937835
OUT_02108,131.17933665937835
OUT_02109,129.587564128123
OUT_02110,131.17933665937835
OUT_02111,131.17933665937835
OUT_02112,129.587564128123
OUT_02113,131.17933665937835
OUT_02114,122.07450031563748
OUT_02115,131.17933665937835
OUT_02116,129.587564128123
OUT_02117,131.17933665937835
OUT_02118,129.587564128123
OUT_02119,131.17933665937835
OUT_02120,131.17933665937835
OUT_02121,149.25275876270516
OUT_02122,131.17933665937835
OUT_02123,131.17933665937835
OUT_02124,124.51064599197278
OUT_02125,124.51064599197278
OUT_02126,131.17933665937835
OUT_02127,131.17933665937835
OUT_02128,129.587564128123
OUT_02129,124.51064599197278
OUT_02130,131.17933665937835
OUT_02131,131.17933665937835
OUT_02132,131.17933665937835
OUT_02133,124.51064599197278
OUT_02134,124.51064599197278
OUT_02135,124.51064599197278
OUT_02136,131.17933665937835
OUT_02137,131.17933665937835
OUT_02138,165.2974855339544
OUT_02139,131.17933665937835
OUT_02140,131.17933665937835
OUT_02141,131.17933665937835
OUT_02142,131.17933665937835
OUT_02143,131.17933665937835
OUT_02144,124.51064599197278
OUT_02145,131.17933665937835
OUT_02146,131.17933665937835
OUT_02147,122.07450031563748
OUT_02148,129.587564128123
OUT_02149,122.07450031563748
OUT_02150,129.587564128123
OUT_02151,131.17933665937835
OUT_02152,268.7033171303061
OUT_02153,124.51064599197278
OUT_02154,131.17933665937835
OUT_02155,124.51064599197278
OUT_02156,131.17933665937835
OUT_02157,124.51064599197278
OUT_02158,131.17933665937835
OUT_02159,129.587564128123
OUT_02160,124.51064599197278
OUT_02161,129.587564128123
OUT_02162,131.17933665937835
OUT_02163,131.17933665937835
OUT_02164,131.17933665937835
OUT_02165,129.587564128123
OUT_02166,131.17933665937835
OUT_02167,131.17933665937835
OUT_02168,124.51064599197278
OUT_02169,131.17933665937835
OUT_02170,131.17933665937835
OUT_02171,131.17933665937835
OUT_02172,131.17933665937835
OUT_02173,131.17933665937835
OUT_02174,131.17933665937835
OUT_02175,131.17933665937835
OUT_02176,332.08650501171115
OUT_02177,124.51064599197278
OUT_02178,129.587564128123
OUT_02179,131.17933665937835
OUT_02180,241.62055505293048
OUT_02181,145.9590628103449
OUT_02182,131.17933665937835
OUT_02183,131.17933665937835
OUT_02184,131.17933665937835
OUT_02185,131.17933665937835
OUT_02186,124.51064599197278
OUT_02187,124.51064599197278
OUT_02188,131.17933665937835
OUT_02189,131.17933665937835
OUT_02190,244.8897340478608
OUT_02191,131.17933665937835
OUT_02192,124.51064599197278
OUT_02193,131.17933665937835
OUT_02194,131.17933665937835
OUT_02195,131.17933665937835
OUT_02196,131.17933665937835
OUT_02197,131.17933665937835
OUT_02198,122.07450031563748
OUT_02199,131.17933665937835
OUT_02200,124.51064599197278
OUT_02201,133.46892148513484
OUT_02202,124.51064599197278
OUT_02203,131.17933665937835
OUT_02204,124.51064599197278
OUT_02205,124.51064599197278
OUT_02206,131.17933665937835
OUT_02207,131.17933665937835
OUT_02208,131.17933665937835
OUT_02209,131.17933665937835
OUT_02210,131.17933665937835
OUT_02211,129.587564128123
OUT_02212,124.51064599197278
OUT_02213,131.17933665937835
OUT_02214,131.17933665937835
OUT_02215,131.17933665937835
OUT_02216,131.17933665937835
OUT_02217,132.516756437679
OUT_02218,129.587564128123
OUT_02219,124.51064599197278
OUT_02220,131.17933665937835
OUT_02221,131.17933665937835
OUT_02222,131.17933665937835
OUT_02223,129.587564128123
OUT_02224,129.587564128123
OUT_02225,124.51064599197278
OUT_02226,131.17933665937835
OUT_02227,124.51064599197278
OUT_02228,129.587564128123
OUT_02229,129.587564128123
OUT_02230,131.17933665937835
OUT_02231,124.51064599197278
OUT_02232,124.51064599197278
OUT_02233,131.17933665937835
OUT_02234,131.17933665937835
OUT_02235,131.17933665937835
OUT_02236,220.64083238396557
OUT_02237,131.17933665937835
OUT_02238,131.17933665937835
OUT_02239,124.51064599197278
OUT_02240,124.51064599197278
OUT_02241,131.17933665937835
OUT_02242,137.56191597190616
OUT_02243,124.51064599197278
OUT_02244,131.17933665937835
OUT_02245,129.587564128123
OUT_02246,124.51064599197278
OUT_02247,131.17933665937835
OUT_02248,129.587564128123
OUT_02249,131.17933665937835
OUT_02250,131.17933665937835
OUT_02251,131.17933665937835
OUT_02252,131.17933665937835
OUT_02253,131.17933665937835
OUT_02254,131.17933665937835
OUT_02255,124.51064599197278
OUT_02256,131.17933665937835
OUT_02257,131.17933665937835
OUT_02258,124.51064599197278
OUT_02259,131.17933665937835
OUT_02260,129.587564128123
OUT_02261,131.17933665937835
OUT_02262,124.51064599197278
OUT_02263,131.17933665937835
OUT_02264,129.587564128123
OUT_02265,129.587564128123
OUT_02266,131.17933665937835
OUT_02267,124.51064599197278
OUT_02268,131.17933665937835
OUT_02269,131.17933665937835
OUT_02270,131.17933665937835
OUT_02271,131.17933665937835
OUT_02272,131.17933665937835
OUT_02273,131.17933665937835
OUT_02274,131.17933665937835
OUT_02275,129.587564128123
OUT_02276,124.51064599197278
OUT_02277,131.17933665937835
OUT_02278,131.17933665937835
OUT_02279,129.587564128123
OUT_02280,131.17933665937835
OUT_02281,131.17933665937835
OUT_02282,131.17933665937835
OUT_02283,131.17933665937835
OUT_02284,131.17933665937835
OUT_02285,131.17933665937835
OUT_02286,131.17933665937835
OUT_02287,129.587564128123
OUT_02288,129.587564128123
OUT_02289,129.587564128123
OUT_02290,131.17933665937835
OUT_02291,131.17933665937835
OUT_02292,131.17933665937835
OUT_02293,131.17933665937835
OUT_02294,124.51064599197278
OUT_02295,124.51064599197278
OUT_02296,131.17933665937835
OUT_02297,129.587564128123
OUT_02298,131.17933665937835
OUT_02299,131.17933665937835
OUT_02300,129.587564128123
OUT_02301,131.17933665937835
OUT_02302,131.17933665937835
OUT_02303,125.45469907453072
OUT_02304,124.51064599197278
OUT_02305,131.17933665937835
OUT_02306,131.17933665937835
OUT_02307,129.587564128123
OUT_02308,131.17933665937835
OUT_02309,124.51064599197278
OUT_02310,131.17933665937835
OUT_02311,131.17933665937835
OUT_02312,124.51064599197278
OUT_02313,131.17933665937835
OUT_02314,131.17933665937835
OUT_02315,131.17933665937835
OUT_02316,131.17933665937835
OUT_02317,131.17933665937835
OUT_02318,131.17933665937835
OUT_02319,131.17933665937835
OUT_02320,131.17933665937835
OUT_02321,124.51064599197278
OUT_02322,213.55079426679137
OUT_02323,124.51064599197278
OUT_02324,129.587564128123
OUT_02325,124.51064599197278
OUT_02326,131.17933665937835
OUT_02327,129.587564128123
OUT_02328,124.51064599197278
OUT_02329,131.17933665937835
OUT_02330,124.51064599197278
OUT_02331,131.17933665937835
OUT_02332,131.17933665937835
OUT_02333,124.51064599197278
OUT_02334,134.4464319499028
OUT_02335,131.17933665937835
OUT_02336,131.17933665937835
OUT_02337,131.17933665937835
OUT_02338,131.17933665937835
OUT_02339,122.07450031563748
OUT_02340,124.51064599197278
OUT_02341,124.51064599197278
OUT_02342,131.17933665937835
OUT_02343,131.17933665937835
OUT_02344,129.587564128123
OUT_02345,124.51064599197278
OUT_02346,131.17933665937835
OUT_02347,131.17933665937835
OUT_02348,131.17933665937835
OUT_02349,131.17933665937835
OUT_02350,131.17933665937835
OUT_02351,243.601308041211
OUT_02352,131.17933665937835
OUT_02353,131.17933665937835
OUT_02354,122.07450031563748
OUT_02355,131.17933665937835
OUT_02356,131.17933665937835
OUT_02357,122.07450031563748
OUT_02358,122.07450031563748
OUT_02359,124.51064599197278
OUT_02360,131.17933665937835
OUT_02361,131.17933665937835
OUT_02362,131.17933665937835
OUT_02363,131.17933665937835
OUT_02364,129.587564128123
OUT_02365,124.51064599197278
OUT_02366,131.17933665937835
OUT_02367,124.51064599197278
OUT_02368,124.51064599197278
OUT_02369,129.587564128123
OUT_02370,122.07450031563748
OUT_02371,281.89670657703994
OUT_02372,129.587564128123
OUT_02373,227.8725377772247
OUT_02374,129.587564128123
OUT_02375,122.07450031563748
OUT_02376,124.51064599197278
OUT_02377,131.17933665937835
OUT_02378,131.17933665937835
OUT_02379,129.587564128123
OUT_02380,131.17933665937835
OUT_02381,131.17933665937835
OUT_02382,131.17933665937835
OUT_02383,263.3203363848122
OUT_02384,131.17933665937835
OUT_02385,131.17933665937835
OUT_02386,131.17933665937835
OUT_02387,133.7310074468333
OUT_02388,131.17933665937835
OUT_02389,131.17933665937835
OUT_02390,124.51064599197278
OUT_02391,131.17933665937835
OUT_02392,124.51064599197278
OUT_02393,131.17933665937835
OUT_02394,131.17933665937835
OUT_02395,124.51064599197278
OUT_02396,129.587564128123
OUT_02397,124.51064599197278
OUT_02398,131.17933665937835
OUT_02399,131.17933665937835
OUT_02400,124.51064599197278
OUT_02401,255.67908231837225
OUT_02402,129.587564128123
OUT_02403,131.17933665937835
OUT_02404,131.17933665937835
OUT_02405,131.17933665937835
OUT_02406,129.587564128123
OUT_02407,131.17933665937835
OUT_02408,131.17933665937835
OUT_02409,131.17933665937835
OUT_02410,124.51064599197278
OUT_02411,131.17933665937835
OUT_02412,131.17933665937835
OUT_02413,131.17933665937835
OUT_02414,131.17933665937835
OUT_02415,129.587564128123
OUT_02416,145.145269599837
OUT_02417,129.587564128123
OUT_02418,131.17933665937835
OUT_02419,131.17933665937835
OUT_02420,129.587564128123
OUT_02421,124.51064599197278
OUT_02422,264.38015656205056
OUT_02423,131.17933665937835
OUT_02424,131.17933665937835
OUT_02425,131.17933665937835
OUT_02426,131.17933665937835
OUT_02427,124.51064599197278
OUT_02428,131.17933665937835
OUT_02429,129.587564128123
OUT_02430,129.587564128123
OUT_02431,308.46141717147
OUT_02432,131.17933665937835
OUT_02433,129.587564128123
OUT_02434,124.51064599197278
OUT_02435,131.17933665937835
OUT_02436,226.54555492317405
OUT_02437,244.4690377705849
OUT_02438,131.17933665937835
OUT_02439,131.17933665937835
OUT_02440,124.51064599197278
OUT_02441,124.51064599197278
OUT_02442,122.07450031563748
OUT_02443,129.587564128123
OUT_02444,148.90618814508957
OUT_02445,124.51064599197278
OUT_02446,124.51064599197278
OUT_02447,129.587564128123
OUT_02448,124.51064599197278
OUT_02449,131.17933665937835
OUT_02450,131.17933665937835
OUT_02451,122.07450031563748
OUT_02452,131.17933665937835
OUT_02453,131.17933665937835
OUT_02454,129.587564128123
OUT_02455,131.17933665937835
OUT_02456,122.07450031563748
OUT_02457,122.07450031563748
OUT_02458,131.17933665937835
OUT_02459,312.96701776085536
OUT_02460,131.17933665937835
OUT_02461,129.587564128123
OUT_02462,131.17933665937835
OUT_02463,131.17933665937835
OUT_02464,131.17933665937835
OUT_02465,131.17933665937835
OUT_02466,124.51064599197278
OUT_02467,131.17933665937835
OUT_02468,131.17933665937835
OUT_02469,131.17933665937835
OUT_02470,131.17933665937835
OUT_02471,229.61081762497943
OUT_02472,131.17933665937835
OUT_02473,131.17933665937835
OUT_02474,131.17933665937835
OUT_02475,295.23211600818144
OUT_02476,131.17933665937835
OUT_02477,131.17933665937835
OUT_02478,131.17933665937835
OUT_02479,131.17933665937835
OUT_02480,124.51064599197278
OUT_02481,129.587564128123
OUT_02482,131.17933665937835
OUT_02483,131.17933665937835
OUT_02484,131.17933665937835
OUT_02485,131.17933665937835
OUT_02486,131.17933665937835
OUT_02487,124.51064599197278
OUT_02488,131.17933665937835
OUT_02489,131.17933665937835
OUT_02490,131.17933665937835
OUT_02491,131.17933665937835
OUT_02492,131.17933665937835
OUT_02493,131.17933665937835
OUT_02494,131.17933665937835
OUT_02495,131.17933665937835
OUT_02496,122.07450031563748
OUT_02497,131.17933665937835
OUT_02498,131.17933665937835
OUT_02499,131.17933665937835
OUT_02500,131.17933665937835
OUT_02501,124.30723165007876
OUT_02502,129.587564128123
OUT_02503,131.17933665937835
OUT_02504,131.17933665937835
OUT_02505,131.17933665937835
OUT_02506,131.17933665937835
OUT_02507,131.17933665937835
OUT_02508,122.07450031563748
OUT_02509,122.07450031563748
OUT_02510,124.51064599197278
OUT_02511,131.17933665937835
OUT_02512,131.17933665937835
OUT_02513,131.17933665937835
OUT_02514,131.17933665937835
OUT_02515,129.587564128123
OUT_02516,158.3997964582103
OUT_02517,129.587564128123
OUT_02518,122.07450031563748
OUT_02519,131.17933665937835
OUT_02520,124.51064599197278
OUT_02521,131.17933665937835
OUT_02522,131.17933665937835
OUT_02523,124.51064599197278
OUT_02524,160.27835602627013
OUT_02525,158.45859226052065
OUT_02526,131.17933665937835
OUT_02527,131.17933665937835
OUT_02528,131.17933665937835
OUT_02529,131.17933665937835
OUT_02530,131.17933665937835
OUT_02531,131.17933665937835
OUT_02532,131.17933665937835
OUT_02533,124.51064599197278
OUT_02534,131.17933665937835
OUT_02535,131.17933665937835
OUT_02536,131.17933665937835
OUT_02537,131.17933665937835
OUT_02538,134.76635072455414
OUT_02539,129.587564128123
OUT_02540,131.17933665937835
OUT_02541,124.51064599197278
OUT_02542,129.587564128123
OUT_02543,131.17933665937835
OUT_02544,131.17933665937835
OUT_02545,131.17933665937835
OUT_02546,124.51064599197278
OUT_02547,129.587564128123
OUT_02548,131.17933665937835
OUT_02549,129.587564128123
OUT_02550,131.17933665937835
OUT_02551,124.51064599197278
OUT_02552,131.17933665937835
OUT_02553,122.07450031563748
OUT_02554,131.17933665937835
OUT_02555,131.17933665937835
OUT_02556,131.17933665937835
OUT_02557,131.17933665937835
OUT_02558,131.17933665937835
OUT_02559,131.17933665937835
OUT_02560,131.17933665937835
OUT_02561,131.17933665937835
OUT_02562,124.51064599197278
OUT_02563,131.17933665937835
OUT_02564,131.17933665937835
OUT_02565,131.17933665937835
OUT_02566,131.17933665937835
OUT_02567,122.07450031563748
OUT_02568,131.17933665937835
OUT_02569,124.51064599197278
OUT_02570,124.51064599197278
OUT_02571,131.17933665937835
OUT_02572,131.17933665937835
OUT_02573,124.51064599197278
OUT_02574,131.17933665937835
OUT_02575,124.51064599197278
OUT_02576,265.74063153069426
OUT_02577,131.17933665937835
OUT_02578,129.587564128123
OUT_02579,131.17933665937835
OUT_02580,131.17933665937835
OUT_02581,124.51064599197278
OUT_02582,247.81338371756783
OUT_02583,124.51064599197278
OUT_02584,124.51064599197278
OUT_02585,131.17933665937835
OUT_02586,193.93998120752025
OUT_02587,131.17933665937835
OUT_02588,131.17933665937835
OUT_02589,129.587564128123
OUT_02590,131.17933665937835
OUT_02591,131.17933665937835
OUT_02592,122.07450031563748
OUT_02593,131.17933665937835
OUT_02594,124.51064599197278
OUT_02595,124.51064599197278
OUT_02596,176.92270424374394
OUT_02597,131.17933665937835
OUT_02598,131.17933665937835
OUT_02599,236.05964858018544
OUT_02600,131.17933665937835
OUT_02601,124.51064599197278
OUT_02602,131.17933665937835
OUT_02603,122.07450031563748
OUT_02604,124.51064599197278
OUT_02605,131.17933665937835
OUT_02606,131.17933665937835
OUT_02607,122.07450031563748
OUT_02608,122.07450031563748
OUT_02609,131.17933665937835
OUT_02610,131.17933665937835
OUT_02611,131.17933665937835
OUT_02612,131.17933665937835
OUT_02613,131.17933665937835
OUT_02614,131.17933665937835
OUT_02615,134.62404377593472
OUT_02616,129.587564128123
OUT_02617,197.2565338196493
OUT_02618,131.17933665937835
OUT_02619,129.587564128123
OUT_02620,124.51064599197278
OUT_02621,131.17933665937835
OUT_02622,131.17933665937835
OUT_02623,124.51064599197278
OUT_02624,131.17933665937835
OUT_02625,131.17933665937835
OUT_02626,129.587564128123
OUT_02627,131.17933665937835
OUT_02628,131.17933665937835
OUT_02629,131.17933665937835
OUT_02630,131.17933665937835
OUT_02631,129.587564128123
OUT_02632,129.587564128123
OUT_02633,131.17933665937835
OUT_02634,131.17933665937835
OUT_02635,129.587564128123
OUT_02636,336.19922266611246
OUT_02637,131.17933665937835
OUT_02638,131.17933665937835
OUT_02639,131.17933665937835
OUT_02640,131.17933665937835
OUT_02641,131.17933665937835
OUT_02642,131.17933665937835
OUT_02643,146.11001869787245
OUT_02644,131.17933665937835
OUT_02645,131.17933665937835
OUT_02646,131.17933665937835
OUT_02647,124.51064599197278
OUT_02648,124.51064599197278
OUT_02649,131.17933665937835
OUT_02650,131.17933665937835
OUT_02651,129.587564128123
OUT_02652,124.51064599197278
OUT_02653,129.587564128123
OUT_02654,133.66254488278798
OUT_02655,131.17933665937835
OUT_02656,124.51064599197278
OUT_02657,131.17933665937835
OUT_02658,129.587564128123
OUT_02659,129.587564128123
OUT_02660,131.17933665937835
OUT_02661,131.17933665937835
OUT_02662,131.17933665937835
OUT_02663,131.17933665937835
OUT_02664,131.17933665937835
OUT_02665,124.51064599197278
OUT_02666,129.587564128123
OUT_02667,124.51064599197278
OUT_02668,131.17933665937835
OUT_02669,131.17933665937835
OUT_02670,131.17933665937835
OUT_02671,129.587564128123
OUT_02672,131.17933665937835
OUT_02673,131.17933665937835
OUT_02674,124.51064599197278
OUT_02675,131.17933665937835
OUT_02676,122.07450031563748
OUT_02677,129.587564128123
OUT_02678,131.17933665937835
OUT_02679,131.17933665937835
OUT_02680,131.17933665937835
OUT_02681,124.51064599197278
OUT_02682,131.17933665937835
OUT_02683,131.17933665937835
OUT_02684,124.51064599197278
OUT_02685,131.17933665937835
OUT_02686,122.07450031563748
OUT_02687,131.17933665937835
OUT_02688,131.17933665937835
OUT_02689,131.17933665937835
OUT_02690,131.17933665937835
OUT_02691,124.51064599197278
OUT_02692,131.17933665937835
OUT_02693,131.17933665937835
OUT_02694,131.17933665937835
OUT_02695,131.17933665937835
OUT_02696,131.17933665937835
OUT_02697,124.51064599197278
OUT_02698,131.17933665937835
OUT_02699,131.17933665937835
OUT_02700,122.07450031563748
OUT_02701,131.17933665937835
OUT_02702,131.17933665937835
OUT_02703,131.17933665937835
OUT_02704,124.51064599197278
OUT_02705,124.51064599197278
OUT_02706,131.17933665937835
OUT_02707,131.17933665937835
OUT_02708,124.51064599197278
OUT_02709,131.17933665937835
OUT_02710,131.17933665937835
OUT_02711,122.07450031563748
OUT_02712,131.17933665937835
OUT_02713,131.17933665937835
OUT_02714,124.51064599197278
OUT_02715,131.17933665937835
OUT_02716,131.17933665937835
OUT_02717,142.38482839632618
OUT_02718,131.17933665937835
OUT_02719,131.17933665937835
OUT_02720,131.17933665937835
OUT_02721,230.9497115793019
OUT_02722,131.17933665937835
OUT_02723,131.17933665937835
OUT_02724,124.51064599197278
OUT_02725,122.07450031563748
OUT_02726,131.17933665937835
OUT_02727,131.17933665937835
OUT_02728,131.17933665937835
OUT_02729,129.587564128123
OUT_02730,131.17933665937835
OUT_02731,131.17933665937835
OUT_02732,131.17933665937835
OUT_02733,131.17933665937835
OUT_02734,143.9175133803263
OUT_02735,131.17933665937835
OUT_02736,129.587564128123
OUT_02737,131.17933665937835
OUT_02738,129.587564128123
OUT_02739,131.17933665937835
OUT_02740,124.51064599197278
OUT_02741,129.587564128123
OUT_02742,124.51064599197278
OUT_02743,131.17933665937835
OUT_02744,131.17933665937835
OUT_02745,124.51064599197278
OUT_02746,124.51064599197278
OUT_02747,131.17933665937835
OUT_02748,131.17933665937835
OUT_02749,131.17933665937835
OUT_02750,131.17933665937835
OUT_02751,131.17933665937835
OUT_02752,131.17933665937835
OUT_02753,122.07450031563748
OUT_02754,131.17933665937835
OUT_02755,215.8373518983356
OUT_02756,131.17933665937835
OUT_02757,129.587564128123
OUT_02758,195.96139236665476
OUT_02759,124.51064599197278
OUT_02760,131.17933665937835
OUT_02761,124.51064599197278
OUT_02762,124.51064599197278
OUT_02763,124.51064599197278
OUT_02764,131.17933665937835
OUT_02765,124.51064599197278
OUT_02766,131.17933665937835
OUT_02767,131.17933665937835
OUT_02768,131.17933665937835
OUT_02769,131.17933665937835
OUT_02770,131.17933665937835
OUT_02771,131.17933665937835
OUT_02772,124.51064599197278
OUT_02773,131.17933665937835
OUT_02774,124.51064599197278
OUT_02775,131.17933665937835
OUT_02776,131.17933665937835
OUT_02777,131.17933665937835
OUT_02778,131.17933665937835
OUT_02779,131.17933665937835
OUT_02780,129.587564128123
OUT_02781,131.17933665937835
OUT_02782,131.17933665937835
OUT_02783,177.13420443879548
OUT_02784,131.17933665937835
OUT_02785,131.17933665937835
OUT_02786,131.17933665937835
OUT_02787,131.17933665937835
OUT_02788,131.17933665937835
OUT_02789,129.587564128123
OUT_02790,131.17933665937835
OUT_02791,131.17933665937835
OUT_02792,122.07450031563748
OUT_02793,131.17933665937835
OUT_02794,131.17933665937835
OUT_02795,131.17933665937835
OUT_02796,131.17933665937835
OUT_02797,124.51064599197278
OUT_02798,131.17933665937835
OUT_02799,131.17933665937835
OUT_02800,124.51064599197278
OUT_02801,131.17933665937835
OUT_02802,124.51064599197278
OUT_02803,124.51064599197278
OUT_02804,124.51064599197278
OUT_02805,131.17933665937835
OUT_02806,131.17933665937835
OUT_02807,131.17933665937835
OUT_02808,129.587564128123
OUT_02809,131.17933665937835
OUT_02810,131.17933665937835
OUT_02811,124.51064599197278
OUT_02812,131.17933665937835
OUT_02813,131.17933665937835
OUT_02814,131.17933665937835
OUT_02815,131.17933665937835
OUT_02816,131.17933665937835
OUT_02817,131.17933665937835
OUT_02818,131.17933665937835
OUT_02819,131.17933665937835
OUT_02820,131.17933665937835
OUT_02821,122.07450031563748
OUT_02822,124.51064599197278
OUT_02823,124.51064599197278
OUT_02824,124.51064599197278
OUT_02825,131.17933665937835
OUT_02826,129.587564128123
OUT_02827,129.587564128123
OUT_02828,124.51064599197278
OUT_02829,133.80234256512375
OUT_02830,131.17933665937835
OUT_02831,131.17933665937835
OUT_02832,124.51064599197278
OUT_02833,131.17933665937835
OUT_02834,131.17933665937835
OUT_02835,131.17933665937835
OUT_02836,224.9918347728404
OUT_02837,129.587564128123
OUT_02838,124.51064599197278
OUT_02839,131.17933665937835
OUT_02840,166.87796613479745
OUT_02841,235.81549095736156
OUT_02842,131.17933665937835
OUT_02843,122.07450031563748
OUT_02844,129.587564128123
OUT_02845,131.17933665937835
OUT_02846,129.587564128123
OUT_02847,131.17933665937835
OUT_02848,131.17933665937835
OUT_02849,131.17933665937835
OUT_02850,129.587564128123
OUT_02851,129.587564128123
OUT_02852,131.17933665937835
OUT_02853,131.17933665937835
OUT_02854,390.03711121589305
OUT_02855,129.587564128123
OUT_02856,131.17933665937835
OUT_02857,124.51064599197278
OUT_02858,129.587564128123
OUT_02859,131.17933665937835
OUT_02860,218.39106347005983
OUT_02861,131.17933665937835
OUT_02862,131.17933665937835
OUT_02863,131.17933665937835
OUT_02864,124.51064599197278
OUT_02865,269.11307186411835
OUT_02866,131.17933665937835
OUT_02867,129.587564128123
OUT_02868,131.17933665937835
OUT_02869,131.17933665937835
OUT_02870,131.17933665937835
OUT_02871,124.51064599197278
OUT_02872,131.17933665937835
OUT_02873,131.17933665937835
OUT_02874,129.587564128123
OUT_02875,131.17933665937835
OUT_02876,131.17933665937835
OUT_02877,122.07450031563748
OUT_02878,131.17933665937835
OUT_02879,131.17933665937835
OUT_02880,131.17933665937835
OUT_02881,131.17933665937835
OUT_02882,124.51064599197278
OUT_02883,289.28274273236946
OUT_02884,129.587564128123
OUT_02885,131.17933665937835
OUT_02886,131.17933665937835
OUT_02887,129.587564128123
OUT_02888,131.17933665937835
OUT_02889,124.51064599197278
OUT_02890,126.93843969959428
OUT_02891,131.17933665937835
OUT_02892,310.3074929526196
OUT_02893,131.17933665937835
OUT_02894,122.07450031563748
OUT_02895,131.17933665937835
OUT_02896,131.17933665937835
OUT_02897,131.17933665937835
OUT_02898,131.17933665937835
OUT_02899,131.17933665937835
OUT_02900,131.17933665937835
OUT_02901,131.17933665937835
OUT_02902,124.51064599197278
OUT_02903,122.07450031563748
OUT_02904,124.51064599197278
OUT_02905,131.17933665937835
OUT_02906,131.17933665937835
OUT_02907,131.17933665937835
OUT_02908,131.17933665937835
OUT_02909,131.17933665937835
OUT_02910,131.17933665937835
OUT_02911,322.4378461378316
OUT_02912,131.17933665937835
OUT_02913,131.17933665937835
OUT_02914,131.17933665937835
OUT_02915,131.17933665937835
OUT_02916,131.17933665937835
OUT_02917,124.51064599197278
OUT_02918,131.17933665937835
OUT_02919,131.17933665937835
OUT_02920,122.07450031563748
OUT_02921,131.17933665937835
OUT_02922,131.17933665937835
OUT_02923,129.587564128123
OUT_02924,131.17933665937835
OUT_02925,131.17933665937835
OUT_02926,122.07450031563748
OUT_02927,129.587564128123
OUT_02928,122.07450031563748
OUT_02929,131.17933665937835
OUT_02930,124.51064599197278
OUT_02931,129.587564128123
OUT_02932,124.51064599197278
OUT_02933,131.17933665937835
OUT_02934,131.17933665937835
OUT_02935,131.17933665937835
OUT_02936,236.7699426289739
OUT_02937,131.17933665937835
OUT_02938,124.51064599197278
OUT_02939,131.17933665937835
OUT_02940,131.17933665937835
OUT_02941,240.02951705937645
OUT_02942,131.17933665937835
OUT_02943,124.51064599197278
OUT_02944,124.51064599197278
OUT_02945,131.17933665937835
OUT_02946,129.587564128123
OUT_02947,122.07450031563748
OUT_02948,131.17933665937835
OUT_02949,131.17933665937835
OUT_02950,361.54887713023993
OUT_02951,131.17933665937835
OUT_02952,131.17933665937835
OUT_02953,131.17933665937835
OUT_02954,122.07450031563748
OUT_02955,131.17933665937835
OUT_02956,129.28497414139537
OUT_02957,131.17933665937835
OUT_02958,129.587564128123
OUT_02959,131.17933665937835
OUT_02960,131.17933665937835
OUT_02961,124.51064599197278
OUT_02962,308.9592984316812
OUT_02963,131.17933665937835
OUT_02964,215.88873596483012
OUT_02965,131.17933665937835
OUT_02966,129.587564128123
OUT_02967,131.17933665937835
OUT_02968,131.17933665937835
OUT_02969,124.51064599197278
OUT_02970,146.29682328727148
OUT_02971,131.17933665937835
OUT_02972,131.17933665937835
OUT_02973,131.17933665937835
OUT_02974,131.17933665937835
OUT_02975,131.17933665937835
OUT_02976,131.17933665937835
OUT_02977,131.17933665937835
OUT_02978,131.17933665937835
OUT_02979,131.17933665937835
OUT_02980,131.17933665937835
OUT_02981,129.587564128123
OUT_02982,129.587564128123
OUT_02983,131.17933665937835
OUT_02984,124.51064599197278
OUT_02985,129.587564128123
OUT_02986,131.17933665937835
OUT_02987,131.17933665937835
OUT_02988,131.17933665937835
OUT_02989,124.51064599197278
OUT_02990,131.17933665937835
OUT_02991,124.51064599197278
OUT_02992,131.17933665937835
OUT_02993,131.17933665937835
OUT_02994,131.17933665937835
OUT_02995,131.17933665937835
OUT_02996,131.17933665937835
OUT_02997,124.51064599197278
OUT_02998,124.51064599197278
OUT_02999,124.51064599197278
OUT_03000,129.587564128123
OUT_03001,131.17933665937835
OUT_03002,122.07450031563748
OUT_03003,131.17933665937835
OUT_03004,124.51064599197278
OUT_03005,129.587564128123
OUT_03006,129.587564128123
OUT_03007,131.17933665937835
OUT_03008,131.17933665937835
OUT_03009,124.51064599197278
OUT_03010,131.17933665937835
OUT_03011,131.17933665937835
OUT_03012,122.07450031563748
OUT_03013,131.17933665937835
OUT_03014,122.07450031563748
OUT_03015,131.17933665937835
OUT_03016,131.17933665937835
OUT_03017,131.17933665937835
OUT_03018,131.17933665937835
OUT_03019,131.17933665937835
OUT_03020,287.229135214975
OUT_03021,131.17933665937835
OUT_03022,131.17933665937835
OUT_03023,124.51064599197278
OUT_03024,131.17933665937835
OUT_03025,124.51064599197278
OUT_03026,131.17933665937835
OUT_03027,129.587564128123
OUT_03028,129.587564128123
OUT_03029,131.17933665937835
OUT_03030,131.17933665937835
OUT_03031,129.587564128123
OUT_03032,124.51064599197278
OUT_03033,131.17933665937835
OUT_03034,131.17933665937835
OUT_03035,131.17933665937835
OUT_03036,136.14802493959252
OUT_03037,308.3742184395056
OUT_03038,131.17933665937835
OUT_03039,131.17933665937835
OUT_03040,149.01880694301497
OUT_03041,129.587564128123
OUT_03042,131.17933665937835
OUT_03043,122.07450031563748
OUT_03044,124.51064599197278
OUT_03045,131.17933665937835
OUT_03046,131.17933665937835
OUT_03047,131.17933665937835
OUT_03048,129.587564128123
OUT_03049,122.07450031563748
OUT_03050,131.17933665937835
OUT_03051,131.17933665937835
OUT_03052,131.17933665937835
OUT_03053,131.17933665937835
OUT_03054,131.17933665937835
OUT_03055,131.17933665937835
OUT_03056,131.17933665937835
OUT_03057,129.587564128123
OUT_03058,131.17933665937835
OUT_03059,124.51064599197278
OUT_03060,131.17933665937835
OUT_03061,124.51064599197278
OUT_03062,129.587564128123
OUT_03063,122.07450031563748
OUT_03064,312.6668462248029
OUT_03065,242.4169599931556
OUT_03066,131.17933665937835
OUT_03067,131.17933665937835
OUT_03068,131.17933665937835
OUT_03069,131.17933665937835
OUT_03070,131.17933665937835
OUT_03071,122.07450031563748
OUT_03072,131.17933665937835
OUT_03073,129.587564128123
OUT_03074,131.17933665937835
OUT_03075,309.1316374384834
OUT_03076,131.17933665937835
OUT_03077,210.0722047768883
OUT_03078,297.56601861549854
OUT_03079,131.17933665937835
OUT_03080,131.17933665937835
OUT_03081,129.587564128123
OUT_03082,131.17933665937835
OUT_03083,131.17933665937835
OUT_03084,122.07450031563748
OUT_03085,131.17933665937835
OUT_03086,131.17933665937835
OUT_03087,131.17933665937835
OUT_03088,131.17933665937835
OUT_03089,129.587564128123
OUT_03090,129.587564128123
OUT_03091,131.17933665937835
OUT_03092,124.51064599197278
OUT_03093,122.07450031563748
OUT_03094,124.51064599197278
OUT_03095,131.17933665937835
OUT_03096,124.51064599197278
OUT_03097,157.46146660081425
OUT_03098,124.51064599197278
OUT_03099,131.17933665937835
OUT_03100,131.17933665937835
OUT_03101,124.51064599197278
OUT_03102,131.17933665937835
OUT_03103,129.587564128123
OUT_03104,129.587564128123
OUT_03105,131.17933665937835
OUT_03106,131.17933665937835
OUT_03107,131.17933665937835
OUT_03108,124.51064599197278
OUT_03109,131.17933665937835
OUT_03110,131.17933665937835
OUT_03111,131.17933665937835
OUT_03112,131.17933665937835
OUT_03113,129.587564128123
OUT_03114,131.17933665937835
OUT_03115,124.51064599197278
OUT_03116,124.82818097678228
OUT_03117,124.82818097678228
OUT_03118,124.82818097678228
OUT_03119,124.51064599197278
OUT_03120,124.82818097678228
OUT_03121,124.82818097678228
OUT_03122,129.587564128123
OUT_03123,124.82818097678228
OUT_03124,124.82818097678228
OUT_03125,124.51064599197278
OUT_03126,129.587564128123
OUT_03127,124.82818097678228
OUT_03128,124.82818097678228
OUT_03129,130.05063909000793
OUT_03130,129.587564128123
OUT_03131,286.3857264076025
OUT_03132,124.82818097678228
OUT_03133,124.51064599197278
OUT_03134,137.06487880566053
OUT_03135,124.82818097678228
OUT_03136,129.587564128123
OUT_03137,124.82818097678228
OUT_03138,124.82818097678228
OUT_03139,124.82818097678228
OUT_03140,124.51064599197278
OUT_03141,124.82818097678228
OUT_03142,124.82818097678228
OUT_03143,124.82818097678228
OUT_03144,124.51064599197278
OUT_03145,124.82818097678228
OUT_03146,124.82818097678228
OUT_03147,124.82818097678228
OUT_03148,269.1641528894456
OUT_03149,124.82818097678228
OUT_03150,124.82818097678228
OUT_03151,124.82818097678228
OUT_03152,124.82818097678228
OUT_03153,124.82818097678228
OUT_03154,122.07450031563748
OUT_03155,122.07450031563748
OUT_03156,124.82818097678228
OUT_03157,153.3300878713067
OUT_03158,129.587564128123
OUT_03159,124.82818097678228
OUT_03160,124.82818097678228
OUT_03161,124.82818097678228
OUT_03162,129.587564128123
OUT_03163,124.82818097678228
OUT_03164,145.50197190532518
OUT_03165,124.51064599197278
OUT_03166,124.82818097678228
OUT_03167,191.9507073332336
OUT_03168,124.82818097678228
OUT_03169,124.82818097678228
OUT_03170,124.82818097678228
OUT_03171,124.82818097678228
OUT_03172,124.82818097678228
OUT_03173,124.82818097678228
OUT_03174,124.51064599197278
OUT_03175,124.82818097678228
OUT_03176,124.82818097678228
OUT_03177,124.82818097678228
OUT_03178,124.82818097678228
OUT_03179,124.82818097678228
OUT_03180,124.82818097678228
OUT_03181,124.82818097678228
OUT_03182,124.51064599197278
OUT_03183,131.19642470275866
OUT_03184,129.587564128123
OUT_03185,124.82818097678228
OUT_03186,124.51064599197278
OUT_03187,122.07450031563748
OUT_03188,124.82818097678228
OUT_03189,124.82818097678228
OUT_03190,124.51064599197278
OUT_03191,124.82818097678228
OUT_03192,124.82818097678228
OUT_03193,124.82818097678228
OUT_03194,129.587564128123
OUT_03195,124.82818097678228
OUT_03196,124.82818097678228
OUT_03197,124.82818097678228
OUT_03198,124.82818097678228
OUT_03199,122.07450031563748
OUT_03200,124.82818097678228
OUT_03201,124.51064599197278
OUT_03202,124.82818097678228
OUT_03203,124.51064599197278
OUT_03204,122.07450031563748
OUT_03205,124.82818097678228
OUT_03206,124.51064599197278
OUT_03207,129.587564128123
OUT_03208,226.72210009649612
OUT_03209,124.82818097678228
OUT_03210,124.51064599197278
OUT_03211,124.82818097678228
OUT_03212,124.51064599197278
OUT_03213,124.51064599197278
OUT_03214,124.82818097678228
OUT_03215,124.82818097678228
OUT_03216,124.82818097678228
OUT_03217,129.587564128123
OUT_03218,124.82818097678228
OUT_03219,124.51064599197278
OUT_03220,124.82818097678228
OUT_03221,124.82818097678228
OUT_03222,124.82818097678228
OUT_03223,124.82818097678228
OUT_03224,124.82818097678228
OUT_03225,124.82818097678228
OUT_03226,129.587564128123
OUT_03227,124.82818097678228
OUT_03228,279.8500207460928
OUT_03229,301.3727650713851
OUT_03230,124.51064599197278
OUT_03231,122.07450031563748
OUT_03232,124.51064599197278
OUT_03233,124.82818097678228
OUT_03234,122.07450031563748
OUT_03235,124.51064599197278
OUT_03236,124.82818097678228
OUT_03237,124.82818097678228
OUT_03238,124.82818097678228
OUT_03239,124.51064599197278
OUT_03240,124.82818097678228
OUT_03241,124.82818097678228
OUT_03242,134.5192518352366
OUT_03243,124.82818097678228
OUT_03244,124.82818097678228
OUT_03245,124.51064599197278
OUT_03246,124.51064599197278
OUT_03247,124.82818097678228
OUT_03248,124.82818097678228
OUT_03249,124.82818097678228
OUT_03250,124.82818097678228
OUT_03251,124.82818097678228
OUT_03252,128.0084063324299
OUT_03253,129.587564128123
OUT_03254,124.82818097678228
OUT_03255,124.82818097678228
OUT_03256,129.587564128123
OUT_03257,124.51064599197278
OUT_03258,124.82818097678228
OUT_03259,124.82818097678228
OUT_03260,129.587564128123
OUT_03261,124.82818097678228
OUT_03262,129.587564128123
OUT_03263,122.07450031563748
OUT_03264,252.52081226757275
OUT_03265,129.587564128123
OUT_03266,124.82818097678228
OUT_03267,124.82818097678228
OUT_03268,129.587564128123
OUT_03269,124.82818097678228
OUT_03270,124.82818097678228
OUT_03271,124.82818097678228
OUT_03272,124.82818097678228
OUT_03273,124.82818097678228
OUT_03274,207.66656453361907
OUT_03275,124.82818097678228
OUT_03276,124.51064599197278
OUT_03277,124.82818097678228
OUT_03278,124.82818097678228
OUT_03279,124.82818097678228
OUT_03280,129.587564128123
OUT_03281,288.9600574487983
OUT_03282,124.82818097678228
OUT_03283,139.71081499442346
OUT_03284,124.51064599197278
OUT_03285,124.51064599197278
OUT_03286,124.82818097678228
OUT_03287,235.0393924714633
OUT_03288,124.51064599197278
OUT_03289,124.82818097678228
OUT_03290,124.51064599197278
OUT_03291,124.82818097678228
OUT_03292,122.07450031563748
OUT_03293,129.587564128123
OUT_03294,124.82818097678228
OUT_03295,129.587564128123
OUT_03296,186.5742518595268
OUT_03297,122.07450031563748
OUT_03298,124.82818097678228
OUT_03299,124.82818097678228
OUT_03300,122.07450031563748
OUT_03301,129.587564128123
OUT_03302,124.82818097678228
OUT_03303,124.82818097678228
OUT_03304,124.82818097678228
OUT_03305,124.82818097678228
OUT_03306,124.51064599197278
OUT_03307,124.82818097678228
OUT_03308,124.82818097678228
OUT_03309,124.82818097678228
OUT_03310,129.587564128123
OUT_03311,122.07450031563748
OUT_03312,162.00813759785535
OUT_03313,124.82818097678228
OUT_03314,124.51064599197278
OUT_03315,267.7698655854164
OUT_03316,124.82818097678228
OUT_03317,124.51064599197278
OUT_03318,124.82818097678228
OUT_03319,124.51064599197278
OUT_03320,124.51064599197278
OUT_03321,124.82818097678228
OUT_03322,124.82818097678228
OUT_03323,124.82818097678228
OUT_03324,129.587564128123
OUT_03325,220.31434408482752
OUT_03326,124.51064599197278
OUT_03327,138.8210837892364
OUT_03328,127.53952623115676
OUT_03329,124.82818097678228
OUT_03330,306.92453399694364
OUT_03331,124.82818097678228
OUT_03332,124.82818097678228
OUT_03333,124.82818097678228
OUT_03334,124.82818097678228
OUT_03335,124.82818097678228
OUT_03336,124.82818097678228
OUT_03337,129.587564128123
OUT_03338,124.51064599197278
OUT_03339,124.51064599197278
OUT_03340,124.82818097678228
OUT_03341,154.14219393161403
OUT_03342,124.51064599197278
OUT_03343,124.82818097678228
OUT_03344,124.82818097678228
OUT_03345,124.51064599197278
OUT_03346,340.4164721864312
OUT_03347,124.82818097678228
OUT_03348,124.82818097678228
OUT_03349,124.82818097678228
OUT_03350,124.82818097678228
OUT_03351,124.82818097678228
OUT_03352,124.82818097678228
OUT_03353,254.88759916049165
OUT_03354,129.587564128123
OUT_03355,124.51064599197278
OUT_03356,124.51064599197278
OUT_03357,124.82818097678228
OUT_03358,268.3826468890905
OUT_03359,124.51064599197278
OUT_03360,124.51064599197278
OUT_03361,124.82818097678228
OUT_03362,124.82818097678228
OUT_03363,124.82818097678228
OUT_03364,124.82818097678228
OUT_03365,124.82818097678228
OUT_03366,124.82818097678228
OUT_03367,124.51064599197278
OUT_03368,124.82818097678228
OUT_03369,122.07450031563748
OUT_03370,124.51064599197278
OUT_03371,124.51064599197278
OUT_03372,124.51064599197278
OUT_03373,124.51064599197278
OUT_03374,124.82818097678228
OUT_03375,124.82818097678228
OUT_03376,124.51064599197278
OUT_03377,129.587564128123
OUT_03378,124.82818097678228
OUT_03379,124.51064599197278
OUT_03380,124.82818097678228
OUT_03381,270.88883051841896
OUT_03382,124.82818097678228
OUT_03383,128.6396830505196
OUT_03384,124.51064599197278
OUT_03385,124.82818097678228
OUT_03386,124.51064599197278
OUT_03387,124.82818097678228
OUT_03388,124.51064599197278
OUT_03389,124.51064599197278
OUT_03390,124.51064599197278
OUT_03391,124.82818097678228
OUT_03392,124.82818097678228
OUT_03393,124.51064599197278
OUT_03394,124.82818097678228
OUT_03395,124.82818097678228
OUT_03396,124.82818097678228
OUT_03397,124.82818097678228
OUT_03398,124.82818097678228
OUT_03399,124.82818097678228
OUT_03400,124.82818097678228
OUT_03401,124.51064599197278
OUT_03402,248.1737618536445
OUT_03403,124.51064599197278
OUT_03404,124.82818097678228
OUT_03405,129.587564128123
OUT_03406,124.82818097678228
OUT_03407,124.51064599197278
OUT_03408,124.82818097678228
OUT_03409,124.82818097678228
OUT_03410,129.587564128123
OUT_03411,273.4462009050575
OUT_03412,124.82818097678228
OUT_03413,131.83893151116675
OUT_03414,124.82818097678228
OUT_03415,208.9135632332573
OUT_03416,129.587564128123
OUT_03417,124.51064599197278
OUT_03418,124.51064599197278
OUT_03419,124.82818097678228
OUT_03420,124.82818097678228
OUT_03421,122.07450031563748
OUT_03422,124.82818097678228
OUT_03423,124.82818097678228
OUT_03424,162.7265971323205
OUT_03425,124.82818097678228
OUT_03426,124.82818097678228
OUT_03427,124.82818097678228
OUT_03428,124.82818097678228
OUT_03429,122.07450031563748
OUT_03430,124.82818097678228
OUT_03431,129.587564128123
OUT_03432,124.51064599197278
OUT_03433,124.82818097678228
OUT_03434,124.82818097678228
OUT_03435,124.51064599197278
OUT_03436,129.587564128123
OUT_03437,124.51064599197278
OUT_03438,124.82818097678228
OUT_03439,122.07450031563748
OUT_03440,124.82818097678228
OUT_03441,122.07450031563748
OUT_03442,124.51064599197278
OUT_03443,126.68068946137484
OUT_03444,124.82818097678228
OUT_03445,124.82818097678228
OUT_03446,124.82818097678228
OUT_03447,124.82818097678228
OUT_03448,124.82818097678228
OUT_03449,124.82818097678228
OUT_03450,122.07450031563748
OUT_03451,132.82189767968626
OUT_03452,124.82818097678228
OUT_03453,124.82818097678228
OUT_03454,124.51064599197278
OUT_03455,124.82818097678228
OUT_03456,124.82818097678228
OUT_03457,129.587564128123
OUT_03458,198.0621352356905
OUT_03459,124.82818097678228
OUT_03460,124.82818097678228
OUT_03461,124.82818097678228
OUT_03462,124.82818097678228
OUT_03463,124.82818097678228
OUT_03464,124.82818097678228
OUT_03465,124.82818097678228
OUT_03466,124.82818097678228
OUT_03467,132.7283335706775
OUT_03468,124.82818097678228
OUT_03469,124.82818097678228
OUT_03470,124.82818097678228
OUT_03471,124.82818097678228
OUT_03472,124.82818097678228
OUT_03473,124.82818097678228
OUT_03474,124.82818097678228
OUT_03475,124.82818097678228
OUT_03476,124.82818097678228
OUT_03477,124.82818097678228
OUT_03478,124.82818097678228
OUT_03479,124.82818097678228
OUT_03480,124.82818097678228
OUT_03481,124.82818097678228
OUT_03482,124.82818097678228
OUT_03483,129.587564128123
OUT_03484,204.362679033566
OUT_03485,124.82818097678228
OUT_03486,129.587564128123
OUT_03487,122.07450031563748
OUT_03488,124.82818097678228
OUT_03489,124.82818097678228
OUT_03490,124.82818097678228
OUT_03491,129.587564128123
OUT_03492,124.82818097678228
OUT_03493,266.8740077373757
OUT_03494,124.51064599197278
OUT_03495,124.82818097678228
OUT_03496,129.587564128123
OUT_03497,129.587564128123
OUT_03498,124.51064599197278
OUT_03499,129.587564128123
OUT_03500,124.51064599197278
OUT_03501,124.82818097678228
OUT_03502,124.82818097678228
OUT_03503,129.587564128123
OUT_03504,124.82818097678228
OUT_03505,124.82818097678228
OUT_03506,124.51064599197278
OUT_03507,124.51064599197278
OUT_03508,129.587564128123
OUT_03509,124.51064599197278
OUT_03510,124.51064599197278
OUT_03511,124.82818097678228
OUT_03512,124.82818097678228
OUT_03513,124.82818097678228
OUT_03514,124.82818097678228
OUT_03515,124.51064599197278
OUT_03516,124.82818097678228
OUT_03517,129.587564128123
OUT_03518,124.82818097678228
OUT_03519,124.82818097678228
OUT_03520,124.51064599197278
OUT_03521,124.82818097678228
OUT_03522,124.82818097678228
OUT_03523,124.51064599197278
OUT_03524,124.51064599197278
OUT_03525,124.51064599197278
OUT_03526,129.587564128123
OUT_03527,124.82818097678228
OUT_03528,124.51064599197278
OUT_03529,124.82818097678228
OUT_03530,124.82818097678228
OUT_03531,124.82818097678228
OUT_03532,129.587564128123
OUT_03533,124.82818097678228
OUT_03534,124.51064599197278
OUT_03535,124.82818097678228
OUT_03536,129.587564128123
OUT_03537,124.82818097678228
OUT_03538,124.82818097678228
OUT_03539,122.07450031563748
OUT_03540,124.82818097678228
OUT_03541,129.587564128123
OUT_03542,124.82818097678228
OUT_03543,124.82818097678228
OUT_03544,124.82818097678228
OUT_03545,124.82818097678228
OUT_03546,124.82818097678228
OUT_03547,124.82818097678228
OUT_03548,124.82818097678228
OUT_03549,229.1835052680908
OUT_03550,124.82818097678228
OUT_03551,134.5674281873576
OUT_03552,129.587564128123
OUT_03553,124.82818097678228
OUT_03554,124.82818097678228
OUT_03555,124.82818097678228
OUT_03556,329.44224541248485
OUT_03557,124.82818097678228
OUT_03558,124.82818097678228
OUT_03559,241.78235438300223
OUT_03560,124.82818097678228
OUT_03561,129.587564128123
OUT_03562,124.82818097678228
OUT_03563,124.51064599197278
OUT_03564,124.51064599197278
OUT_03565,124.82818097678228
OUT_03566,124.82818097678228
OUT_03567,124.51064599197278
OUT_03568,124.82818097678228
OUT_03569,130.13195236397567
OUT_03570,180.86713354745604
OUT_03571,124.82818097678228
OUT_03572,132.28245065313416
OUT_03573,124.82818097678228
OUT_03574,124.82818097678228
OUT_03575,131.31454370841018
OUT_03576,129.587564128123
OUT_03577,235.6226833260712
OUT_03578,124.82818097678228
OUT_03579,124.82818097678228
OUT_03580,129.587564128123
OUT_03581,124.82818097678228
OUT_03582,124.82818097678228
OUT_03583,129.587564128123
OUT_03584,124.82818097678228
OUT_03585,124.82818097678228
OUT_03586,124.51064599197278
OUT_03587,124.82818097678228
OUT_03588,124.82818097678228
OUT_03589,124.82818097678228
OUT_03590,124.51064599197278
OUT_03591,314.19111915157185
OUT_03592,124.51064599197278
OUT_03593,129.587564128123
OUT_03594,124.82818097678228
OUT_03595,124.82818097678228
OUT_03596,124.82818097678228
OUT_03597,124.85565574725663
OUT_03598,124.82818097678228
OUT_03599,124.82818097678228
OUT_03600,124.82818097678228
OUT_03601,129.587564128123
OUT_03602,129.587564128123
OUT_03603,129.587564128123
OUT_03604,124.82818097678228
OUT_03605,124.51064599197278
OUT_03606,124.82818097678228
OUT_03607,124.82818097678228
OUT_03608,124.82818097678228
OUT_03609,122.07450031563748
OUT_03610,124.51064599197278
OUT_03611,124.51064599197278
OUT_03612,124.82818097678228
OUT_03613,124.82818097678228
OUT_03614,124.82818097678228
OUT_03615,124.82818097678228
OUT_03616,152.48690675379706
OUT_03617,124.51064599197278
OUT_03618,124.82818097678228
OUT_03619,124.82818097678228
OUT_03620,124.82818097678228
OUT_03621,124.82818097678228
OUT_03622,176.82024332631622
OUT_03623,124.82818097678228
OUT_03624,124.82818097678228
OUT_03625,124.82818097678228
OUT_03626,124.82818097678228
OUT_03627,124.82818097678228
OUT_03628,129.587564128123
OUT_03629,124.82818097678228
OUT_03630,124.82818097678228
OUT_03631,124.82818097678228
OUT_03632,124.82818097678228
OUT_03633,124.51064599197278
OUT_03634,124.82818097678228
OUT_03635,291.3162260679468
OUT_03636,124.51064599197278
OUT_03637,124.82818097678228
OUT_03638,124.82818097678228
OUT_03639,124.82818097678228
OUT_03640,124.82818097678228
OUT_03641,124.82818097678228
OUT_03642,124.82818097678228
OUT_03643,124.51064599197278
OUT_03644,129.587564128123
OUT_03645,124.51064599197278
OUT_03646,124.82818097678228
OUT_03647,124.82818097678228
OUT_03648,124.82818097678228
OUT_03649,124.82818097678228
OUT_03650,124.82818097678228
OUT_03651,131.8019585110521
OUT_03652,124.82818097678228
OUT_03653,296.8029526931219
OUT_03654,124.51064599197278
OUT_03655,124.82818097678228
OUT_03656,124.82818097678228
OUT_03657,124.51064599197278
OUT_03658,124.82818097678228
OUT_03659,124.82818097678228
OUT_03660,124.82818097678228
OUT_03661,124.82818097678228
OUT_03662,124.82818097678228
OUT_03663,124.82818097678228
OUT_03664,124.82818097678228
OUT_03665,124.82818097678228
OUT_03666,124.82818097678228
OUT_03667,146.88197622092102
OUT_03668,124.82818097678228
OUT_03669,199.11204600741664
OUT_03670,129.587564128123
OUT_03671,124.82818097678228
OUT_03672,124.82818097678228
OUT_03673,124.82818097678228
OUT_03674,124.82818097678228
OUT_03675,124.82818097678228
OUT_03676,215.0330402585008
OUT_03677,124.82818097678228
OUT_03678,124.51064599197278
OUT_03679,124.82818097678228
OUT_03680,246.9780200280217
OUT_03681,124.51064599197278
OUT_03682,129.587564128123
OUT_03683,124.82818097678228
OUT_03684,122.07450031563748
OUT_03685,124.82818097678228
OUT_03686,250.48234091919875
OUT_03687,124.82818097678228
OUT_03688,124.51064599197278
OUT_03689,124.82818097678228
OUT_03690,124.82818097678228
OUT_03691,124.82818097678228
OUT_03692,124.82818097678228
OUT_03693,124.82818097678228
OUT_03694,124.82818097678228
OUT_03695,129.587564128123
OUT_03696,129.587564128123
OUT_03697,124.51064599197278
OUT_03698,124.82818097678228
OUT_03699,124.82818097678228
OUT_03700,124.82818097678228
OUT_03701,124.82818097678228
OUT_03702,124.82818097678228
OUT_03703,124.82818097678228
OUT_03704,124.82818097678228
OUT_03705,124.51064599197278
OUT_03706,124.82818097678228
OUT_03707,124.82818097678228
OUT_03708,124.82818097678228
OUT_03709,128.20353997584763
OUT_03710,124.51064599197278
OUT_03711,122.07450031563748
OUT_03712,124.82818097678228
OUT_03713,124.51064599197278
OUT_03714,122.07450031563748
OUT_03715,124.82818097678228
OUT_03716,124.82818097678228
OUT_03717,124.82818097678228
OUT_03718,124.82818097678228
OUT_03719,305.30223761639536
OUT_03720,124.82818097678228
OUT_03721,124.82818097678228
OUT_03722,124.51064599197278
OUT_03723,124.82818097678228
OUT_03724,202.6773611361265
OUT_03725,124.82818097678228
OUT_03726,124.82818097678228
OUT_03727,124.82818097678228
OUT_03728,129.587564128123
OUT_03729,129.587564128123
OUT_03730,124.82818097678228
OUT_03731,124.82818097678228
OUT_03732,124.51064599197278
OUT_03733,124.51064599197278
OUT_03734,124.82818097678228
OUT_03735,129.587564128123
OUT_03736,124.82818097678228
OUT_03737,124.82818097678228
OUT_03738,124.82818097678228
OUT_03739,149.89228196606382
OUT_03740,124.82818097678228
OUT_03741,290.12347751336875
OUT_03742,124.82818097678228
OUT_03743,124.82818097678228
OUT_03744,124.82818097678228
OUT_03745,124.51064599197278
OUT_03746,124.82818097678228
OUT_03747,129.587564128123
OUT_03748,124.82818097678228
OUT_03749,124.82818097678228
OUT_03750,124.82818097678228
OUT_03751,124.82818097678228
OUT_03752,129.587564128123
OUT_03753,124.82818097678228
OUT_03754,133.79365490977077
OUT_03755,124.82818097678228
OUT_03756,124.82818097678228
OUT_03757,230.1356681780545
OUT_03758,124.51064599197278
OUT_03759,124.82818097678228
OUT_03760,124.82818097678228
OUT_03761,129.587564128123
OUT_03762,122.07450031563748
OUT_03763,124.82818097678228
OUT_03764,124.82818097678228
OUT_03765,124.82818097678228
OUT_03766,231.94295562582175
OUT_03767,124.82818097678228
OUT_03768,124.51064599197278
OUT_03769,124.82818097678228
OUT_03770,124.82818097678228
OUT_03771,122.07450031563748
OUT_03772,124.82818097678228
OUT_03773,143.87601676454744
OUT_03774,122.07450031563748
OUT_03775,124.82818097678228
OUT_03776,124.82818097678228
OUT_03777,124.82818097678228
OUT_03778,124.82818097678228
OUT_03779,124.51064599197278
OUT_03780,124.82818097678228
OUT_03781,124.51064599197278
OUT_03782,124.51064599197278
OUT_03783,124.82818097678228
OUT_03784,124.82818097678228
OUT_03785,124.82818097678228
OUT_03786,248.08623540539784
OUT_03787,124.82818097678228
OUT_03788,124.51064599197278
OUT_03789,124.82818097678228
OUT_03790,122.07450031563748
OUT_03791,124.82818097678228
OUT_03792,124.82818097678228
OUT_03793,124.82818097678228
OUT_03794,124.82818097678228
OUT_03795,124.51064599197278
OUT_03796,124.82818097678228
OUT_03797,129.587564128123
OUT_03798,124.82818097678228
OUT_03799,124.82818097678228
OUT_03800,132.264553055653
OUT_03801,129.587564128123
OUT_03802,124.82818097678228
OUT_03803,124.51064599197278
OUT_03804,129.587564128123
OUT_03805,124.82818097678228
OUT_03806,129.587564128123
OUT_03807,124.82818097678228
OUT_03808,122.07450031563748
OUT_03809,124.51064599197278
OUT_03810,129.587564128123
OUT_03811,124.82818097678228
OUT_03812,124.82818097678228
OUT_03813,124.82818097678228
OUT_03814,222.48510702938057
OUT_03815,124.82818097678228
OUT_03816,122.07450031563748
OUT_03817,124.82818097678228
OUT_03818,122.07450031563748
OUT_03819,124.82818097678228
OUT_03820,129.587564128123
OUT_03821,129.587564128123
OUT_03822,124.82818097678228
OUT_03823,124.82818097678228
OUT_03824,124.82818097678228
OUT_03825,124.82818097678228
OUT_03826,124.51064599197278
OUT_03827,124.82818097678228
OUT_03828,129.587564128123
OUT_03829,226.96849075372668
OUT_03830,124.82818097678228
OUT_03831,124.82818097678228
OUT_03832,124.82818097678228
OUT_03833,137.53746668635745
OUT_03834,124.82818097678228
OUT_03835,124.82818097678228
OUT_03836,122.07450031563748
OUT_03837,124.82818097678228
OUT_03838,124.51064599197278
OUT_03839,124.82818097678228
OUT_03840,129.587564128123
OUT_03841,127.02893256771613
OUT_03842,122.07450031563748
OUT_03843,124.51064599197278
OUT_03844,124.82818097678228
OUT_03845,124.82818097678228
OUT_03846,124.82818097678228
OUT_03847,129.8308199955378
OUT_03848,124.82818097678228
OUT_03849,124.51064599197278
OUT_03850,124.51064599197278
OUT_03851,124.82818097678228
OUT_03852,129.587564128123
OUT_03853,124.82818097678228
OUT_03854,129.587564128123
OUT_03855,124.82818097678228
OUT_03856,124.51064599197278
OUT_03857,129.587564128123
OUT_03858,124.51064599197278
OUT_03859,124.51064599197278
OUT_03860,124.82818097678228
OUT_03861,124.51064599197278
OUT_03862,122.07450031563748
OUT_03863,195.66102902691333
OUT_03864,124.82818097678228
OUT_03865,124.82818097678228
OUT_03866,159.3178547614574
OUT_03867,129.587564128123
OUT_03868,124.82818097678228
OUT_03869,124.51064599197278
OUT_03870,124.82818097678228
OUT_03871,124.82818097678228
OUT_03872,124.82818097678228
OUT_03873,124.82818097678228
OUT_03874,129.587564128123
OUT_03875,124.82818097678228
OUT_03876,124.82818097678228
OUT_03877,124.82818097678228
OUT_03878,122.07450031563748
OUT_03879,124.82818097678228
OUT_03880,124.82818097678228
OUT_03881,129.587564128123
OUT_03882,124.82818097678228
OUT_03883,122.07450031563748
OUT_03884,122.07450031563748
OUT_03885,252.07632430664697
OUT_03886,124.82818097678228
OUT_03887,124.51064599197278
OUT_03888,122.07450031563748
OUT_03889,124.82818097678228
OUT_03890,156.6666479466783
OUT_03891,124.51064599197278
OUT_03892,122.07450031563748
OUT_03893,129.587564128123
OUT_03894,124.82818097678228
OUT_03895,145.2066064245448
OUT_03896,124.82818097678228
OUT_03897,124.82818097678228
OUT_03898,124.82818097678228
OUT_03899,124.51064599197278
OUT_03900,124.82818097678228
OUT_03901,124.82818097678228
OUT_03902,138.65228293695927
OUT_03903,124.51064599197278
OUT_03904,122.07450031563748
OUT_03905,124.82818097678228
OUT_03906,129.587564128123
OUT_03907,129.587564128123
OUT_03908,124.82818097678228
OUT_03909,124.82818097678228
OUT_03910,124.51064599197278
OUT_03911,221.54680106048545
OUT_03912,124.82818097678228
OUT_03913,122.07450031563748
OUT_03914,124.51064599197278
OUT_03915,124.51064599197278
OUT_03916,124.82818097678228
OUT_03917,124.82818097678228
OUT_03918,124.82818097678228
OUT_03919,124.82818097678228
OUT_03920,124.82818097678228
OUT_03921,124.82818097678228
OUT_03922,124.82818097678228
OUT_03923,256.5010651857543
OUT_03924,129.587564128123
OUT_03925,124.82818097678228
OUT_03926,157.39685495171406
OUT_03927,140.88952080323935
OUT_03928,244.9166552524217
OUT_03929,124.82818097678228
OUT_03930,124.51064599197278
OUT_03931,124.82818097678228
OUT_03932,124.51064599197278
OUT_03933,124.51064599197278
OUT_03934,124.82818097678228
OUT_03935,129.587564128123
OUT_03936,124.82818097678228
OUT_03937,124.82818097678228
OUT_03938,124.82818097678228
OUT_03939,122.07450031563748
OUT_03940,124.82818097678228
OUT_03941,124.82818097678228
OUT_03942,124.82818097678228
OUT_03943,124.82818097678228
OUT_03944,263.07158830721767
OUT_03945,124.82818097678228
OUT_03946,124.82818097678228
OUT_03947,124.82818097678228
OUT_03948,124.82818097678228
OUT_03949,124.51064599197278
OUT_03950,129.587564128123
OUT_03951,124.82818097678228
OUT_03952,124.82818097678228
OUT_03953,124.82818097678228
OUT_03954,164.22744311980725
OUT_03955,129.587564128123
OUT_03956,122.07450031563748
OUT_03957,363.2711958433157
OUT_03958,124.82818097678228
OUT_03959,218.1449094494833
OUT_03960,129.81800757375066
OUT_03961,124.82818097678228
OUT_03962,124.82818097678228
OUT_03963,124.51064599197278
OUT_03964,124.51064599197278
OUT_03965,137.00283504556137
OUT_03966,124.82818097678228
OUT_03967,257.1400992424128
OUT_03968,124.82818097678228
OUT_03969,124.82818097678228
OUT_03970,124.82818097678228
OUT_03971,124.51064599197278
OUT_03972,124.82818097678228
OUT_03973,124.82818097678228
OUT_03974,124.82818097678228
OUT_03975,124.51064599197278
OUT_03976,124.82818097678228
OUT_03977,124.82818097678228
OUT_03978,124.82818097678228
OUT_03979,124.51064599197278
OUT_03980,122.07450031563748
OUT_03981,124.82818097678228
OUT_03982,124.82818097678228
OUT_03983,251.17659647878983
OUT_03984,124.82818097678228
OUT_03985,124.82818097678228
OUT_03986,151.42373920884864
OUT_03987,129.587564128123
OUT_03988,124.82818097678228
OUT_03989,124.51064599197278
OUT_03990,124.82818097678228
OUT_03991,160.6974313691438
OUT_03992,124.82818097678228
OUT_03993,122.07450031563748
OUT_03994,129.587564128123
OUT_03995,124.82818097678228
OUT_03996,124.82818097678228
OUT_03997,124.82818097678228
OUT_03998,122.07450031563748
OUT_03999,246.51982709581685
OUT_04000,124.82818097678228
OUT_04001,124.82818097678228
OUT_04002,124.82818097678228
OUT_04003,124.82818097678228
OUT_04004,124.51064599197278
OUT_04005,124.82818097678228
OUT_04006,124.82818097678228
OUT_04007,124.82818097678228
OUT_04008,124.82818097678228
OUT_04009,124.82818097678228
OUT_04010,129.587564128123
OUT_04011,124.51064599197278
OUT_04012,124.82818097678228
OUT_04013,178.53733957160816
OUT_04014,124.82818097678228
OUT_04015,124.82818097678228
OUT_04016,129.587564128123
OUT_04017,124.82818097678228
OUT_04018,124.82818097678228
OUT_04019,124.82818097678228
OUT_04020,124.51064599197278
OUT_04021,124.82818097678228
OUT_04022,124.82818097678228
OUT_04023,124.82818097678228
OUT_04024,124.82818097678228
OUT_04025,124.82818097678228
OUT_04026,149.17144220275074
OUT_04027,330.62571143127803
OUT_04028,129.587564128123
OUT_04029,124.51064599197278
OUT_04030,124.82818097678228
OUT_04031,124.51064599197278
OUT_04032,124.82818097678228
OUT_04033,124.51064599197278
OUT_04034,124.82818097678228
OUT_04035,124.82818097678228
OUT_04036,124.51064599197278
OUT_04037,124.82818097678228
OUT_04038,124.51064599197278
OUT_04039,129.587564128123
OUT_04040,124.82818097678228
OUT_04041,124.82818097678228
OUT_04042,124.82818097678228
OUT_04043,129.587564128123
OUT_04044,124.82818097678228
OUT_04045,124.82818097678228
OUT_04046,122.07450031563748
OUT_04047,124.82818097678228
OUT_04048,137.32610852107902
OUT_04049,124.82818097678228
OUT_04050,124.82818097678228
OUT_04051,124.82818097678228
OUT_04052,184.7673887875213
OUT_04053,124.82818097678228
OUT_04054,124.82818097678228
OUT_04055,124.82818097678228
OUT_04056,270.0937787316855
OUT_04057,124.82818097678228
OUT_04058,124.51064599197278
OUT_04059,129.587564128123
OUT_04060,124.82818097678228
OUT_04061,130.27767615927985
OUT_04062,124.51064599197278
OUT_04063,124.82818097678228
OUT_04064,146.88572934831933
OUT_04065,129.587564128123
OUT_04066,124.82818097678228
OUT_04067,124.82818097678228
OUT_04068,124.82818097678228
OUT_04069,124.82818097678228
OUT_04070,124.51064599197278
OUT_04071,124.82818097678228
OUT_04072,124.82818097678228
OUT_04073,124.82818097678228
OUT_04074,124.51064599197278
OUT_04075,124.82818097678228
OUT_04076,124.82818097678228
OUT_04077,124.82818097678228
OUT_04078,124.51064599197278
OUT_04079,124.82818097678228
OUT_04080,129.587564128123
OUT_04081,124.82818097678228
OUT_04082,124.82818097678228
OUT_04083,124.51064599197278
OUT_04084,124.82818097678228
OUT_04085,122.07450031563748
OUT_04086,124.51064599197278
OUT_04087,124.82818097678228
OUT_04088,124.51064599197278
OUT_04089,124.82818097678228
OUT_04090,124.82818097678228
OUT_04091,129.587564128123
OUT_04092,124.51064599197278
OUT_04093,124.82818097678228
OUT_04094,124.51064599197278
OUT_04095,124.82818097678228
OUT_04096,124.82818097678228
OUT_04097,124.51064599197278
OUT_04098,129.587564128123
OUT_04099,124.82818097678228
OUT_04100,124.82818097678228
OUT_04101,124.51064599197278
OUT_04102,156.7394496957195
OUT_04103,124.82818097678228
OUT_04104,124.51064599197278
OUT_04105,124.51064599197278
OUT_04106,124.82818097678228
OUT_04107,124.82818097678228
OUT_04108,124.51064599197278
OUT_04109,124.82818097678228
OUT_04110,124.82818097678228
OUT_04111,124.82818097678228
OUT_04112,124.82818097678228
OUT_04113,124.82818097678228
OUT_04114,124.82818097678228
OUT_04115,124.82818097678228
OUT_04116,122.07450031563748
OUT_04117,124.82818097678228
OUT_04118,122.07450031563748
OUT_04119,124.82818097678228
OUT_04120,222.5440842707851
OUT_04121,124.82818097678228
OUT_04122,122.07450031563748
OUT_04123,124.82818097678228
OUT_04124,124.82818097678228
OUT_04125,124.82818097678228
OUT_04126,124.82818097678228
OUT_04127,124.82818097678228
OUT_04128,257.7557713877067
OUT_04129,124.51064599197278
OUT_04130,124.51064599197278
OUT_04131,124.51064599197278
OUT_04132,124.82818097678228
OUT_04133,124.51064599197278
OUT_04134,124.82818097678228
OUT_04135,124.82818097678228
OUT_04136,273.12550978920325
OUT_04137,124.82818097678228
OUT_04138,129.587564128123
OUT_04139,124.51064599197278
OUT_04140,122.07450031563748
OUT_04141,124.51064599197278
OUT_04142,124.82818097678228
OUT_04143,129.01676045042134
OUT_04144,124.82818097678228
OUT_04145,124.82818097678228
OUT_04146,124.82818097678228
OUT_04147,124.82818097678228
OUT_04148,122.07450031563748
OUT_04149,129.587564128123
OUT_04150,124.82818097678228
OUT_04151,129.587564128123
OUT_04152,124.82818097678228
OUT_04153,124.51064599197278
OUT_04154,129.587564128123
OUT_04155,124.82818097678228
OUT_04156,129.587564128123
OUT_04157,124.82818097678228
OUT_04158,129.587564128123
OUT_04159,124.51064599197278
OUT_04160,124.82818097678228
OUT_04161,227.91212812287125
OUT_04162,124.82818097678228
OUT_04163,129.587564128123
OUT_04164,129.587564128123
OUT_04165,126.92912275659096
OUT_04166,124.51064599197278
OUT_04167,124.82818097678228
OUT_04168,124.82818097678228
OUT_04169,124.82818097678228
OUT_04170,124.82818097678228
OUT_04171,247.9842906009412
OUT_04172,124.82818097678228
OUT_04173,124.82818097678228
OUT_04174,159.0379652435467
OUT_04175,124.82818097678228
OUT_04176,124.82818097678228
OUT_04177,129.587564128123
OUT_04178,124.82818097678228
OUT_04179,124.82818097678228
OUT_04180,124.82818097678228
OUT_04181,124.51064599197278
OUT_04182,124.51064599197278
OUT_04183,124.51064599197278
OUT_04184,124.51064599197278
OUT_04185,124.82818097678228
OUT_04186,124.82818097678228
OUT_04187,124.82818097678228
OUT_04188,122.07450031563748
OUT_04189,122.07450031563748
OUT_04190,124.82818097678228
OUT_04191,124.82818097678228
OUT_04192,124.82818097678228
OUT_04193,124.82818097678228
OUT_04194,124.82818097678228
OUT_04195,124.82818097678228
OUT_04196,124.82818097678228
OUT_04197,124.82818097678228
OUT_04198,124.82818097678228
OUT_04199,287.8527482106283
OUT_04200,129.587564128123
OUT_04201,124.51064599197278
OUT_04202,124.82818097678228
OUT_04203,129.587564128123
OUT_04204,124.82818097678228
OUT_04205,122.07450031563748
OUT_04206,221.7180312760052
OUT_04207,124.82818097678228
OUT_04208,124.82818097678228
OUT_04209,122.07450031563748
OUT_04210,124.82818097678228
OUT_04211,124.51064599197278
OUT_04212,124.82818097678228
OUT_04213,122.07450031563748
OUT_04214,124.82818097678228
OUT_04215,124.82818097678228
OUT_04216,124.82818097678228
OUT_04217,130.90986938929856
OUT_04218,124.82818097678228
OUT_04219,124.82818097678228
OUT_04220,124.51064599197278
OUT_04221,122.07450031563748
OUT_04222,124.82818097678228
OUT_04223,129.587564128123
OUT_04224,124.82818097678228
OUT_04225,124.82818097678228
OUT_04226,124.51064599197278
OUT_04227,129.587564128123
OUT_04228,124.82818097678228
OUT_04229,124.82818097678228
OUT_04230,124.82818097678228
OUT_04231,129.587564128123
OUT_04232,124.82818097678228
OUT_04233,163.469901506027
OUT_04234,124.82818097678228
OUT_04235,129.587564128123
OUT_04236,129.587564128123
OUT_04237,283.5315626576092
OUT_04238,124.51064599197278
OUT_04239,314.28376818477085
OUT_04240,122.07450031563748
OUT_04241,124.51064599197278
OUT_04242,124.82818097678228
OUT_04243,124.82818097678228
OUT_04244,124.82818097678228
OUT_04245,124.82818097678228
OUT_04246,124.82818097678228
OUT_04247,124.51064599197278
OUT_04248,122.07450031563748
OUT_04249,124.51064599197278
OUT_04250,124.82818097678228
OUT_04251,351.17480071212464
OUT_04252,124.82818097678228
OUT_04253,124.82818097678228
OUT_04254,148.63659346431515
OUT_04255,124.82818097678228
OUT_04256,124.82818097678228
OUT_04257,124.82818097678228
OUT_04258,124.51064599197278
OUT_04259,124.82818097678228
OUT_04260,265.00167963061153
OUT_04261,124.82818097678228
OUT_04262,122.07450031563748
OUT_04263,124.82818097678228
OUT_04264,129.587564128123
OUT_04265,124.82818097678228
OUT_04266,122.07450031563748
OUT_04267,124.51064599197278
OUT_04268,124.82818097678228
OUT_04269,136.4934667894286
OUT_04270,124.51064599197278
OUT_04271,124.82818097678228
OUT_04272,124.82818097678228
OUT_04273,124.82818097678228
OUT_04274,124.82818097678228
OUT_04275,124.82818097678228
OUT_04276,124.51064599197278
OUT_04277,124.82818097678228
OUT_04278,122.07450031563748
OUT_04279,124.82818097678228
OUT_04280,122.07450031563748
OUT_04281,129.587564128123
OUT_04282,124.82818097678228
OUT_04283,129.587564128123
OUT_04284,124.82818097678228
OUT_04285,124.82818097678228
OUT_04286,124.82818097678228
OUT_04287,124.82818097678228
OUT_04288,129.587564128123
OUT_04289,124.51064599197278
OUT_04290,124.82818097678228
OUT_04291,129.587564128123
OUT_04292,124.82818097678228
OUT_04293,124.51064599197278
OUT_04294,124.82818097678228
OUT_04295,199.9466195643164
OUT_04296,124.51064599197278
OUT_04297,124.82818097678228
OUT_04298,124.82818097678228
OUT_04299,124.51064599197278
OUT_04300,124.82818097678228
OUT_04301,124.82818097678228
OUT_04302,124.82818097678228
OUT_04303,124.82818097678228
OUT_04304,161.42308792002578
OUT_04305,124.51064599197278
OUT_04306,129.587564128123
OUT_04307,124.82818097678228
OUT_04308,122.07450031563748
OUT_04309,122.07450031563748
OUT_04310,124.82818097678228
OUT_04311,124.51064599197278
OUT_04312,124.82818097678228
OUT_04313,124.82818097678228
OUT_04314,122.07450031563748
OUT_04315,124.82818097678228
OUT_04316,124.82818097678228
OUT_04317,129.587564128123
OUT_04318,124.51064599197278
OUT_04319,124.82818097678228
OUT_04320,155.46079277469596
OUT_04321,124.82818097678228
OUT_04322,149.41661974394492
OUT_04323,124.82818097678228
OUT_04324,122.07450031563748
OUT_04325,122.07450031563748
OUT_04326,129.587564128123
OUT_04327,124.82818097678228
OUT_04328,145.76008447912784
OUT_04329,124.82818097678228
OUT_04330,129.587564128123
OUT_04331,129.587564128123
OUT_04332,129.587564128123
OUT_04333,124.51064599197278
OUT_04334,124.82818097678228
OUT_04335,140.4604567782789
OUT_04336,124.82818097678228
OUT_04337,124.82818097678228
OUT_04338,124.82818097678228
OUT_04339,124.82818097678228
OUT_04340,124.82818097678228
OUT_04341,124.82818097678228
OUT_04342,129.587564128123
OUT_04343,129.587564128123
OUT_04344,124.82818097678228
OUT_04345,124.82818097678228
OUT_04346,124.82818097678228
OUT_04347,134.09293950808464
OUT_04348,124.51064599197278
OUT_04349,124.82818097678228
OUT_04350,124.82818097678228
OUT_04351,124.82818097678228
OUT_04352,124.82818097678228
OUT_04353,124.82818097678228
OUT_04354,124.82818097678228
OUT_04355,124.82818097678228
OUT_04356,124.82818097678228
OUT_04357,124.82818097678228
OUT_04358,124.82818097678228
OUT_04359,164.41664451658193
OUT_04360,122.07450031563748
OUT_04361,124.51064599197278
OUT_04362,124.82818097678228
OUT_04363,129.587564128123
OUT_04364,122.07450031563748
OUT_04365,124.82818097678228
OUT_04366,124.51064599197278
OUT_04367,129.587564128123
OUT_04368,260.1739200511852
OUT_04369,124.82818097678228
OUT_04370,124.82818097678228
OUT_04371,129.587564128123
OUT_04372,124.51064599197278
OUT_04373,129.587564128123
OUT_04374,129.587564128123
OUT_04375,124.51064599197278
OUT_04376,124.51064599197278
OUT_04377,124.82818097678228
OUT_04378,124.82818097678228
OUT_04379,124.82818097678228
OUT_04380,122.07450031563748
OUT_04381,124.82818097678228
OUT_04382,129.587564128123
OUT_04383,124.51064599197278
OUT_04384,124.51064599197278
OUT_04385,124.82818097678228
OUT_04386,124.82818097678228
OUT_04387,124.82818097678228
OUT_04388,124.82818097678228
OUT_04389,122.07450031563748
OUT_04390,122.07450031563748
OUT_04391,124.82818097678228
OUT_04392,124.82818097678228
OUT_04393,286.4325740542848
OUT_04394,129.587564128123
OUT_04395,124.82818097678228
OUT_04396,124.82818097678228
OUT_04397,124.82818097678228
OUT_04398,124.51064599197278
OUT_04399,124.58807756022104
OUT_04400,162.4415915910006
OUT_04401,122.07450031563748
OUT_04402,140.38983735133758
OUT_04403,124.82818097678228
OUT_04404,124.82818097678228
OUT_04405,124.82818097678228
OUT_04406,124.82818097678228
OUT_04407,124.82818097678228
OUT_04408,124.82818097678228
OUT_04409,336.8461219937937
OUT_04410,124.82818097678228
OUT_04411,124.82818097678228
OUT_04412,124.51064599197278
OUT_04413,124.51064599197278
OUT_04414,124.51064599197278
OUT_04415,124.82818097678228
OUT_04416,124.82818097678228
OUT_04417,124.82818097678228
OUT_04418,124.82818097678228
OUT_04419,129.587564128123
OUT_04420,129.587564128123
OUT_04421,124.82818097678228
OUT_04422,124.82818097678228
OUT_04423,129.587564128123
OUT_04424,124.82818097678228
OUT_04425,124.51064599197278
OUT_04426,124.82818097678228
OUT_04427,122.07450031563748
OUT_04428,124.82818097678228
OUT_04429,124.82818097678228
OUT_04430,124.82818097678228
OUT_04431,124.82818097678228
OUT_04432,122.07450031563748
OUT_04433,147.47077622793924
OUT_04434,129.587564128123
OUT_04435,129.587564128123
OUT_04436,124.82818097678228
OUT_04437,124.82818097678228
OUT_04438,124.82818097678228
OUT_04439,158.97703703144143
OUT_04440,124.82818097678228
OUT_04441,122.07450031563748
OUT_04442,148.27491050910993
OUT_04443,124.82818097678228
OUT_04444,124.82818097678228
OUT_04445,124.51064599197278
OUT_04446,124.82818097678228
OUT_04447,124.82818097678228
OUT_04448,129.587564128123
OUT_04449,124.51064599197278
OUT_04450,124.82818097678228
OUT_04451,124.82818097678228
OUT_04452,122.07450031563748
OUT_04453,124.51064599197278
OUT_04454,124.82818097678228
OUT_04455,124.51064599197278
OUT_04456,124.82818097678228
OUT_04457,124.51064599197278
OUT_04458,124.51064599197278
OUT_04459,124.82818097678228
OUT_04460,124.82818097678228
OUT_04461,122.07450031563748
OUT_04462,124.82818097678228
OUT_04463,124.82818097678228
OUT_04464,124.82818097678228
OUT_04465,124.82818097678228
OUT_04466,124.51064599197278
OUT_04467,124.82818097678228
OUT_04468,124.82818097678228
OUT_04469,129.587564128123
OUT_04470,124.82818097678228
OUT_04471,124.51064599197278
OUT_04472,124.51064599197278
OUT_04473,124.82818097678228
OUT_04474,124.82818097678228
OUT_04475,124.51064599197278
OUT_04476,124.82818097678228
OUT_04477,124.51064599197278
OUT_04478,138.06572111975098
OUT_04479,124.82818097678228
OUT_04480,126.4204866477384
OUT_04481,124.82818097678228
OUT_04482,129.587564128123
OUT_04483,124.82818097678228
OUT_04484,129.587564128123
OUT_04485,124.82818097678228
OUT_04486,124.82818097678228
OUT_04487,124.82818097678228
OUT_04488,129.587564128123
OUT_04489,129.587564128123
OUT_04490,124.82818097678228
OUT_04491,124.82818097678228
OUT_04492,124.82818097678228
OUT_04493,124.82818097678228
OUT_04494,129.587564128123
OUT_04495,124.82818097678228
OUT_04496,124.51064599197278
OUT_04497,124.51064599197278
OUT_04498,124.82818097678228
OUT_04499,124.51064599197278
OUT_04500,197.8595915179936
OUT_04501,124.51064599197278
OUT_04502,124.51064599197278
OUT_04503,124.82818097678228
OUT_04504,124.82818097678228
OUT_04505,124.82818097678228
OUT_04506,124.51064599197278
OUT_04507,124.82818097678228
OUT_04508,124.82818097678228
OUT_04509,124.82818097678228
OUT_04510,124.51064599197278
OUT_04511,124.82818097678228
OUT_04512,124.82818097678228
OUT_04513,122.07450031563748
OUT_04514,124.82818097678228
OUT_04515,124.82818097678228
OUT_04516,124.82818097678228
OUT_04517,124.82818097678228
OUT_04518,122.07450031563748
OUT_04519,124.82818097678228
OUT_04520,124.82818097678228
OUT_04521,124.51064599197278
OUT_04522,124.82818097678228
OUT_04523,134.21505649134662
OUT_04524,124.82818097678228
OUT_04525,124.82818097678228
OUT_04526,153.84603143082603
OUT_04527,129.587564128123
OUT_04528,124.82818097678228
OUT_04529,124.82818097678228
OUT_04530,124.82818097678228
OUT_04531,124.82818097678228
OUT_04532,122.07450031563748
OUT_04533,129.587564128123
OUT_04534,124.82818097678228
OUT_04535,124.82818097678228
OUT_04536,124.82818097678228
OUT_04537,124.82818097678228
OUT_04538,124.82818097678228
OUT_04539,124.82818097678228
OUT_04540,124.82818097678228
OUT_04541,124.82818097678228
OUT_04542,124.82818097678228
OUT_04543,124.82818097678228
OUT_04544,124.51064599197278
OUT_04545,129.587564128123
OUT_04546,124.82818097678228
OUT_04547,124.82818097678228
OUT_04548,124.82818097678228
OUT_04549,129.587564128123
OUT_04550,124.82818097678228
OUT_04551,129.587564128123
OUT_04552,124.82818097678228
OUT_04553,124.51064599197278
OUT_04554,129.587564128123
OUT_04555,124.82818097678228
OUT_04556,124.82818097678228
OUT_04557,124.82818097678228
OUT_04558,129.587564128123
OUT_04559,129.587564128123
OUT_04560,160.44869921004124
OUT_04561,124.51064599197278
OUT_04562,124.82818097678228
OUT_04563,124.82818097678228
OUT_04564,124.82818097678228
OUT_04565,124.82818097678228
OUT_04566,124.82818097678228
OUT_04567,124.82818097678228
OUT_04568,130.5004901392409
OUT_04569,267.39742601724714
OUT_04570,124.82818097678228
OUT_04571,124.51064599197278
OUT_04572,124.82818097678228
OUT_04573,124.82818097678228
OUT_04574,129.587564128123
OUT_04575,124.51064599197278
OUT_04576,146.1923115362826
OUT_04577,124.82818097678228
OUT_04578,124.51064599197278
OUT_04579,124.82818097678228
OUT_04580,124.82818097678228
OUT_04581,122.07450031563748
OUT_04582,124.82818097678228
OUT_04583,124.51064599197278
OUT_04584,124.82818097678228
OUT_04585,129.587564128123
OUT_04586,124.51064599197278
OUT_04587,122.07450031563748
OUT_04588,124.82818097678228
OUT_04589,124.51064599197278
OUT_04590,122.07450031563748
OUT_04591,124.82818097678228
OUT_04592,124.82818097678228
OUT_04593,299.2183843111108
OUT_04594,145.34018093237515
OUT_04595,124.82818097678228
OUT_04596,124.82818097678228
OUT_04597,124.82818097678228
OUT_04598,143.91999388087643
OUT_04599,124.51064599197278
OUT_04600,124.51064599197278
OUT_04601,122.07450031563748
OUT_04602,124.51064599197278
OUT_04603,124.82818097678228
OUT_04604,124.82818097678228
OUT_04605,124.51064599197278
OUT_04606,124.51064599197278
OUT_04607,124.51064599197278
OUT_04608,124.82818097678228
OUT_04609,222.0883368302493
OUT_04610,124.51064599197278
OUT_04611,124.82818097678228
OUT_04612,171.94025476828597
OUT_04613,124.82818097678228
OUT_04614,124.82818097678228
OUT_04615,141.7178554268272
OUT_04616,124.82818097678228
OUT_04617,122.07450031563748
OUT_04618,124.51064599197278
OUT_04619,122.07450031563748
OUT_04620,127.21211622909436
OUT_04621,124.51064599197278
OUT_04622,124.82818097678228
OUT_04623,124.82818097678228
OUT_04624,124.82818097678228
OUT_04625,124.82818097678228
OUT_04626,124.82818097678228
OUT_04627,124.82818097678228
OUT_04628,124.82818097678228
OUT_04629,122.07450031563748
OUT_04630,124.82818097678228
OUT_04631,124.82818097678228
OUT_04632,124.51064599197278
OUT_04633,124.82818097678228
OUT_04634,124.82818097678228
OUT_04635,122.07450031563748
OUT_04636,129.587564128123
OUT_04637,124.82818097678228
OUT_04638,124.82818097678228
OUT_04639,124.82818097678228
OUT_04640,291.21055325837693
OUT_04641,124.51064599197278
OUT_04642,124.51064599197278
OUT_04643,124.82818097678228
OUT_04644,124.82818097678228
OUT_04645,124.82818097678228
OUT_04646,129.587564128123
OUT_04647,129.587564128123
OUT_04648,124.82818097678228
OUT_04649,124.82818097678228
OUT_04650,124.82818097678228
OUT_04651,124.82818097678228
OUT_04652,124.82818097678228
OUT_04653,122.07450031563748
OUT_04654,124.82818097678228
OUT_04655,124.82818097678228
OUT_04656,124.82818097678228
OUT_04657,124.82818097678228
OUT_04658,124.82818097678228
OUT_04659,129.587564128123
OUT_04660,124.82818097678228
OUT_04661,124.82818097678228
OUT_04662,124.82818097678228
OUT_04663,124.82818097678228
OUT_04664,134.67453657611202
OUT_04665,124.51064599197278
OUT_04666,122.07450031563748
OUT_04667,133.9315878696206
OUT_04668,124.82818097678228
OUT_04669,124.82818097678228
OUT_04670,124.82818097678228
OUT_04671,124.82818097678228
OUT_04672,124.82818097678228
OUT_04673,129.587564128123
OUT_04674,124.82818097678228
OUT_04675,124.82818097678228
OUT_04676,159.07560478277043
OUT_04677,124.82818097678228
OUT_04678,198.11476263182988
OUT_04679,124.51064599197278
OUT_04680,124.82818097678228
OUT_04681,124.82818097678228
OUT_04682,124.82818097678228
OUT_04683,124.82818097678228
OUT_04684,124.82818097678228
OUT_04685,124.82818097678228
OUT_04686,124.82818097678228
OUT_04687,124.82818097678228
OUT_04688,129.587564128123
OUT_04689,124.82818097678228
OUT_04690,124.51064599197278
OUT_04691,124.82818097678228
OUT_04692,124.82818097678228
OUT_04693,124.82818097678228
OUT_04694,124.82818097678228
OUT_04695,124.82818097678228
OUT_04696,124.82818097678228
OUT_04697,124.51064599197278
OUT_04698,124.51064599197278
OUT_04699,124.82818097678228
OUT_04700,124.82818097678228
OUT_04701,124.82818097678228
OUT_04702,124.51064599197278
OUT_04703,122.07450031563748
OUT_04704,124.82818097678228
OUT_04705,124.82818097678228
OUT_04706,136.98903153158963
OUT_04707,124.82818097678228
OUT_04708,124.51064599197278
OUT_04709,124.82818097678228
OUT_04710,124.82818097678228
OUT_04711,124.82818097678228
OUT_04712,129.587564128123
OUT_04713,124.82818097678228
OUT_04714,125.10374320544382
OUT_04715,124.82818097678228
OUT_04716,124.82818097678228
OUT_04717,124.51064599197278
OUT_04718,141.14081786579698
OUT_04719,124.82818097678228
OUT_04720,124.51064599197278
OUT_04721,124.82818097678228
OUT_04722,124.82818097678228
OUT_04723,129.587564128123
OUT_04724,146.09316447475288
OUT_04725,129.587564128123
OUT_04726,124.82818097678228
OUT_04727,124.82818097678228
OUT_04728,124.82818097678228
OUT_04729,124.51064599197278
OUT_04730,124.82818097678228
OUT_04731,124.51064599197278
OUT_04732,124.51064599197278
OUT_04733,146.62347612004248
OUT_04734,124.51064599197278
OUT_04735,129.587564128123
OUT_04736,124.82818097678228
OUT_04737,137.50425648553906
OUT_04738,129.587564128123
OUT_04739,124.82818097678228
OUT_04740,124.82818097678228
OUT_04741,124.82818097678228
OUT_04742,124.82818097678228
OUT_04743,124.82818097678228
OUT_04744,124.82818097678228
OUT_04745,124.82818097678228
OUT_04746,124.82818097678228
OUT_04747,124.82818097678228
OUT_04748,124.51064599197278
OUT_04749,129.587564128123
OUT_04750,124.82818097678228
OUT_04751,124.82818097678228
OUT_04752,218.77724565988737
OUT_04753,124.82818097678228
OUT_04754,129.587564128123
OUT_04755,124.51064599197278
OUT_04756,124.82818097678228
OUT_04757,124.82818097678228
OUT_04758,124.82818097678228
OUT_04759,124.82818097678228
OUT_04760,129.587564128123
OUT_04761,124.82818097678228
OUT_04762,124.82818097678228
OUT_04763,124.51064599197278
OUT_04764,129.587564128123
OUT_04765,124.82818097678228
OUT_04766,127.86961148135222
OUT_04767,124.82818097678228
OUT_04768,124.82818097678228
OUT_04769,124.82818097678228
OUT_04770,124.82818097678228
OUT_04771,129.587564128123
OUT_04772,129.587564128123
OUT_04773,124.82818097678228
OUT_04774,124.82818097678228
OUT_04775,124.82818097678228
OUT_04776,124.82818097678228
OUT_04777,124.82818097678228
OUT_04778,124.82818097678228
OUT_04779,124.82818097678228
OUT_04780,124.82818097678228
OUT_04781,124.51064599197278
OUT_04782,124.82818097678228
OUT_04783,124.82818097678228
OUT_04784,124.82818097678228
OUT_04785,124.51064599197278
OUT_04786,124.82818097678228
OUT_04787,122.07450031563748
OUT_04788,124.82818097678228
OUT_04789,124.51064599197278
OUT_04790,303.27060795357363
OUT_04791,124.82818097678228
OUT_04792,129.587564128123
OUT_04793,122.07450031563748
OUT_04794,124.82818097678228
OUT_04795,122.07450031563748
OUT_04796,129.587564128123
OUT_04797,124.82818097678228
OUT_04798,124.82818097678228
OUT_04799,122.07450031563748
OUT_04800,124.82818097678228
OUT_04801,129.587564128123
OUT_04802,124.51064599197278
OUT_04803,124.51064599197278
OUT_04804,129.587564128123
OUT_04805,124.51064599197278
OUT_04806,124.82818097678228
OUT_04807,124.51064599197278
OUT_04808,124.51064599197278
OUT_04809,124.82818097678228
OUT_04810,124.82818097678228
OUT_04811,124.82818097678228
OUT_04812,140.74128844123237
OUT_04813,124.51064599197278
OUT_04814,124.82818097678228
OUT_04815,124.82818097678228
OUT_04816,124.82818097678228
OUT_04817,124.51064599197278
OUT_04818,124.82818097678228
OUT_04819,258.53215382994705
OUT_04820,124.82818097678228
OUT_04821,124.82818097678228
OUT_04822,124.82818097678228
OUT_04823,124.82818097678228
OUT_04824,124.82818097678228
OUT_04825,124.82818097678228
OUT_04826,129.587564128123
OUT_04827,124.82818097678228
OUT_04828,124.82818097678228
OUT_04829,124.82818097678228
OUT_04830,124.82818097678228
OUT_04831,129.587564128123
OUT_04832,124.82818097678228
OUT_04833,124.51064599197278
OUT_04834,124.82818097678228
OUT_04835,313.2349112329059
OUT_04836,124.51064599197278
OUT_04837,124.82818097678228
OUT_04838,124.82818097678228
OUT_04839,124.82818097678228
OUT_04840,124.82818097678228
OUT_04841,124.82818097678228
OUT_04842,124.82818097678228
OUT_04843,129.587564128123
OUT_04844,124.82818097678228
OUT_04845,124.82818097678228
OUT_04846,124.51064599197278
OUT_04847,124.82818097678228
OUT_04848,129.587564128123
OUT_04849,124.82818097678228
OUT_04850,124.82818097678228
OUT_04851,124.82818097678228
OUT_04852,122.07450031563748
OUT_04853,233.7884795365878
OUT_04854,124.82818097678228
OUT_04855,124.82818097678228
OUT_04856,124.51064599197278
OUT_04857,124.82818097678228
OUT_04858,124.82818097678228
OUT_04859,124.82818097678228
OUT_04860,124.82818097678228
OUT_04861,124.82818097678228
OUT_04862,129.587564128123
OUT_04863,124.82818097678228
OUT_04864,124.82818097678228
OUT_04865,124.51064599197278
OUT_04866,124.51064599197278
OUT_04867,124.51064599197278
OUT_04868,124.82818097678228
OUT_04869,124.82818097678228
OUT_04870,124.82818097678228
OUT_04871,124.51064599197278
OUT_04872,124.51064599197278
OUT_04873,124.82818097678228
OUT_04874,124.82818097678228
OUT_04875,124.51064599197278
OUT_04876,124.82818097678228
OUT_04877,124.51064599197278
OUT_04878,124.82818097678228
OUT_04879,265.4216896348757
OUT_04880,124.82818097678228
OUT_04881,124.82818097678228
OUT_04882,124.82818097678228
OUT_04883,124.82818097678228
OUT_04884,124.51064599197278
OUT_04885,148.80714376936743
OUT_04886,124.51064599197278
OUT_04887,124.82818097678228
OUT_04888,124.51064599197278
OUT_04889,129.587564128123
OUT_04890,124.82818097678228
OUT_04891,124.82818097678228
OUT_04892,124.82818097678228
OUT_04893,124.82818097678228
OUT_04894,124.82818097678228
OUT_04895,124.82818097678228
OUT_04896,124.82818097678228
OUT_04897,124.51064599197278
OUT_04898,124.82818097678228
OUT_04899,129.587564128123
OUT_04900,124.82818097678228
OUT_04901,124.82818097678228
OUT_04902,124.82818097678228
OUT_04903,124.51064599197278
OUT_04904,124.82818097678228
OUT_04905,124.82818097678228
OUT_04906,124.51064599197278
OUT_04907,129.587564128123
OUT_04908,122.07450031563748
OUT_04909,124.82818097678228
OUT_04910,122.07450031563748
OUT_04911,124.82818097678228
OUT_04912,124.82818097678228
OUT_04913,124.82818097678228
OUT_04914,124.82818097678228
OUT_04915,124.82818097678228
OUT_04916,124.82818097678228
OUT_04917,129.587564128123
OUT_04918,124.82818097678228
OUT_04919,308.2621648456227
OUT_04920,129.587564128123
OUT_04921,124.82818097678228
OUT_04922,124.82818097678228
OUT_04923,122.07450031563748
OUT_04924,124.82818097678228
OUT_04925,134.19958153723792
OUT_04926,124.82818097678228
OUT_04927,124.82818097678228
OUT_04928,124.51064599197278
OUT_04929,124.82818097678228
OUT_04930,124.82818097678228
OUT_04931,124.51064599197278
OUT_04932,124.82818097678228
OUT_04933,124.82818097678228
OUT_04934,124.51064599197278
OUT_04935,124.82818097678228
OUT_04936,122.07450031563748
OUT_04937,124.82818097678228
OUT_04938,124.51064599197278
OUT_04939,124.51064599197278
OUT_04940,124.82818097678228
OUT_04941,124.82818097678228
OUT_04942,124.82818097678228
OUT_04943,124.82818097678228
OUT_04944,129.587564128123
OUT_04945,124.82818097678228
OUT_04946,124.82818097678228
OUT_04947,124.82818097678228
OUT_04948,124.82818097678228
OUT_04949,124.82818097678228
OUT_04950,124.82818097678228
OUT_04951,124.51064599197278
OUT_04952,124.82818097678228
OUT_04953,124.82818097678228
OUT_04954,124.82818097678228
OUT_04955,124.82818097678228
OUT_04956,124.82818097678228
OUT_04957,124.82818097678228
OUT_04958,124.82818097678228
OUT_04959,124.82818097678228
OUT_04960,124.82818097678228
OUT_04961,129.587564128123
OUT_04962,280.7622681571699
OUT_04963,129.587564128123
OUT_04964,129.587564128123
OUT_04965,124.82818097678228
OUT_04966,129.587564128123
OUT_04967,124.82818097678228
OUT_04968,124.82818097678228
OUT_04969,124.82818097678228
OUT_04970,124.82818097678228
OUT_04971,124.51064599197278
OUT_04972,124.82818097678228
OUT_04973,124.82818097678228
OUT_04974,124.82818097678228
OUT_04975,124.82818097678228
OUT_04976,129.587564128123
OUT_04977,124.51064599197278
OUT_04978,124.82818097678228
OUT_04979,251.76670558726096
OUT_04980,124.51064599197278
OUT_04981,124.82818097678228
OUT_04982,124.82818097678228
OUT_04983,124.82818097678228
OUT_04984,129.587564128123
OUT_04985,124.82818097678228
OUT_04986,124.82818097678228
OUT_04987,124.51064599197278
OUT_04988,124.82818097678228
OUT_04989,124.82818097678228
OUT_04990,124.82818097678228
OUT_04991,124.82818097678228
OUT_04992,130.90774711620395
OUT_04993,124.82818097678228
OUT_04994,124.82818097678228
OUT_04995,124.82818097678228
OUT_04996,124.82818097678228
OUT_04997,124.51064599197278
OUT_04998,124.51064599197278
OUT_04999,124.51064599197278
OUT_05000,129.587564128123
OUT_05001,124.82818097678228
OUT_05002,124.82818097678228
OUT_05003,124.51064599197278
OUT_05004,124.51064599197278
OUT_05005,124.51064599197278
OUT_05006,124.82818097678228
OUT_05007,255.5565724235325
OUT_05008,124.82818097678228
OUT_05009,122.07450031563748
OUT_05010,124.82818097678228
OUT_05011,122.07450031563748
OUT_05012,124.82818097678228
OUT_05013,124.51064599197278
OUT_05014,124.51064599197278
OUT_05015,124.82818097678228
OUT_05016,124.82818097678228
OUT_05017,124.82818097678228
OUT_05018,124.82818097678228
OUT_05019,124.51064599197278
OUT_05020,124.82818097678228
OUT_05021,124.82818097678228
OUT_05022,124.51064599197278
OUT_05023,124.51064599197278
OUT_05024,122.07450031563748
OUT_05025,124.51064599197278
OUT_05026,124.82818097678228
OUT_05027,124.82818097678228
OUT_05028,124.82818097678228
OUT_05029,124.51064599197278
OUT_05030,129.587564128123
OUT_05031,124.82818097678228
OUT_05032,129.587564128123
OUT_05033,129.587564128123
OUT_05034,124.82818097678228
OUT_05035,124.82818097678228
OUT_05036,129.587564128123
OUT_05037,122.07450031563748
OUT_05038,124.51064599197278
OUT_05039,124.82818097678228
OUT_05040,124.82818097678228
OUT_05041,124.82818097678228
OUT_05042,124.82818097678228
OUT_05043,124.82818097678228
OUT_05044,124.82818097678228
OUT_05045,124.82818097678228
OUT_05046,124.82818097678228
OUT_05047,122.07450031563748
OUT_05048,124.82818097678228
OUT_05049,124.82818097678228
OUT_05050,217.13859631512577
OUT_05051,124.51064599197278
OUT_05052,146.63429508244624
OUT_05053,124.82818097678228
OUT_05054,124.82818097678228
OUT_05055,124.82818097678228
OUT_05056,124.51064599197278
OUT_05057,122.07450031563748
OUT_05058,124.82818097678228
OUT_05059,124.82818097678228
OUT_05060,124.82818097678228
OUT_05061,129.587564128123
OUT_05062,124.51064599197278
OUT_05063,129.587564128123
OUT_05064,124.82818097678228
OUT_05065,124.82818097678228
OUT_05066,122.07450031563748
OUT_05067,124.82818097678228
OUT_05068,124.82818097678228
OUT_05069,122.07450031563748
OUT_05070,124.82818097678228
OUT_05071,253.95048245656145
OUT_05072,124.51064599197278
OUT_05073,129.587564128123
OUT_05074,124.82818097678228
OUT_05075,129.587564128123
OUT_05076,129.587564128123
OUT_05077,124.82818097678228
OUT_05078,122.07450031563748
OUT_05079,124.82818097678228
OUT_05080,124.82818097678228
OUT_05081,124.82818097678228
OUT_05082,124.82818097678228
OUT_05083,124.82818097678228
OUT_05084,124.82818097678228
OUT_05085,124.82818097678228
OUT_05086,124.82818097678228
OUT_05087,124.82818097678228
OUT_05088,124.51064599197278
OUT_05089,124.82818097678228
OUT_05090,124.82818097678228
OUT_05091,129.587564128123
OUT_05092,212.3025134695923
OUT_05093,129.587564128123
OUT_05094,124.82818097678228
OUT_05095,200.7011748359013
OUT_05096,124.51064599197278
OUT_05097,132.19196607943334
OUT_05098,124.82818097678228
OUT_05099,129.587564128123
OUT_05100,124.82818097678228
OUT_05101,124.82818097678228
OUT_05102,124.82818097678228
OUT_05103,124.51064599197278
OUT_05104,124.51064599197278
OUT_05105,129.587564128123
OUT_05106,124.82818097678228
OUT_05107,124.51064599197278
OUT_05108,124.82818097678228
OUT_05109,129.587564128123
OUT_05110,124.82818097678228
OUT_05111,124.82818097678228
OUT_05112,124.51064599197278
OUT_05113,124.82818097678228
OUT_05114,122.07450031563748
OUT_05115,145.85171508421178
OUT_05116,129.587564128123
OUT_05117,124.51064599197278
OUT_05118,124.82818097678228
OUT_05119,124.82818097678228
OUT_05120,244.921766981916
OUT_05121,124.82818097678228
OUT_05122,124.82818097678228
OUT_05123,124.82818097678228
OUT_05124,124.82818097678228
OUT_05125,124.82818097678228
OUT_05126,124.82818097678228
OUT_05127,124.82818097678228
OUT_05128,124.82818097678228
OUT_05129,124.51064599197278
OUT_05130,124.82818097678228
OUT_05131,124.82818097678228
OUT_05132,124.82818097678228
OUT_05133,354.2885794471223
OUT_05134,124.51064599197278
OUT_05135,124.51064599197278
OUT_05136,124.82818097678228
OUT_05137,124.82818097678228
OUT_05138,124.82818097678228
OUT_05139,124.51064599197278
OUT_05140,122.07450031563748
OUT_05141,124.51064599197278
OUT_05142,133.7884731734221
OUT_05143,129.587564128123
OUT_05144,124.82818097678228
OUT_05145,124.82818097678228
OUT_05146,124.82818097678228
OUT_05147,124.82818097678228
OUT_05148,124.51064599197278
OUT_05149,129.587564128123
OUT_05150,124.82818097678228
OUT_05151,124.82818097678228
OUT_05152,124.82818097678228
OUT_05153,129.587564128123
OUT_05154,124.82818097678228
OUT_05155,124.82818097678228
OUT_05156,281.4708057784476
OUT_05157,254.60373794809308
OUT_05158,124.82818097678228
OUT_05159,124.51064599197278
OUT_05160,124.82818097678228
OUT_05161,124.51064599197278
OUT_05162,162.58237135754578
OUT_05163,124.82818097678228
OUT_05164,129.587564128123
OUT_05165,124.82818097678228
OUT_05166,124.82818097678228
OUT_05167,124.82818097678228
OUT_05168,124.51064599197278
OUT_05169,124.82818097678228
OUT_05170,158.86779953157824
OUT_05171,124.82818097678228
OUT_05172,124.82818097678228
OUT_05173,124.82818097678228
OUT_05174,124.82818097678228
OUT_05175,149.1750992341136
OUT_05176,129.587564128123
OUT_05177,124.82818097678228
OUT_05178,140.1778194405101
OUT_05179,124.82818097678228
OUT_05180,129.587564128123
OUT_05181,229.3759679657109
OUT_05182,124.51064599197278
OUT_05183,124.82818097678228
OUT_05184,124.82818097678228
OUT_05185,124.51064599197278
OUT_05186,124.82818097678228
OUT_05187,124.82818097678228
OUT_05188,124.82818097678228
OUT_05189,124.51064599197278
OUT_05190,122.07450031563748
OUT_05191,124.82818097678228
OUT_05192,124.82818097678228
OUT_05193,124.82818097678228
OUT_05194,124.82818097678228
OUT_05195,124.82818097678228
OUT_05196,129.587564128123
OUT_05197,124.82818097678228
OUT_05198,259.3479202669672
OUT_05199,124.82818097678228
OUT_05200,124.82818097678228
OUT_05201,225.02325373294
OUT_05202,124.82818097678228
OUT_05203,124.82818097678228
OUT_05204,321.3152476118515
OUT_05205,275.86636657629225
OUT_05206,124.82818097678228
OUT_05207,124.82818097678228
OUT_05208,124.82818097678228
OUT_05209,122.07450031563748
OUT_05210,124.82818097678228
OUT_05211,124.51064599197278
OUT_05212,124.82818097678228
OUT_05213,124.82818097678228
OUT_05214,124.51064599197278
OUT_05215,124.51064599197278
OUT_05216,122.07450031563748
OUT_05217,124.82818097678228
OUT_05218,124.82818097678228
OUT_05219,124.82818097678228
OUT_05220,124.51064599197278
OUT_05221,129.587564128123
OUT_05222,139.9471134705602
OUT_05223,124.51064599197278
OUT_05224,124.82818097678228
OUT_05225,124.82818097678228
OUT_05226,124.82818097678228
OUT_05227,124.82818097678228
OUT_05228,124.82818097678228
OUT_05229,124.51064599197278
OUT_05230,349.14276607872955
OUT_05231,129.587564128123
OUT_05232,124.82818097678228
OUT_05233,124.51064599197278
OUT_05234,124.82818097678228
OUT_05235,124.82818097678228
OUT_05236,124.82818097678228
OUT_05237,124.82818097678228
OUT_05238,122.07450031563748
OUT_05239,124.82818097678228
OUT_05240,124.82818097678228
OUT_05241,124.82818097678228
OUT_05242,124.82818097678228
OUT_05243,124.82818097678228
OUT_05244,124.82818097678228
OUT_05245,124.51064599197278
OUT_05246,124.82818097678228
OUT_05247,124.82818097678228
OUT_05248,124.51064599197278
OUT_05249,124.82818097678228
OUT_05250,347.7231654344451
OUT_05251,124.82818097678228
OUT_05252,129.587564128123
OUT_05253,124.51064599197278
OUT_05254,124.82818097678228
OUT_05255,124.82818097678228
OUT_05256,124.82818097678228
OUT_05257,124.82818097678228
OUT_05258,0.0
OUT_05259,124.82818097678228
OUT_05260,124.82818097678228
OUT_05261,124.82818097678228
OUT_05262,124.82818097678228
OUT_05263,129.587564128123
OUT_05264,124.82818097678228
OUT_05265,124.82818097678228
OUT_05266,124.82818097678228
OUT_05267,124.82818097678228
OUT_05268,124.82818097678228
OUT_05269,291.52695156233017
OUT_05270,124.51064599197278
OUT_05271,124.82818097678228
OUT_05272,124.82818097678228
OUT_05273,124.82818097678228
OUT_05274,124.51064599197278
OUT_05275,124.82818097678228
OUT_05276,124.82818097678228
OUT_05277,129.587564128123
OUT_05278,124.82818097678228
OUT_05279,124.82818097678228
OUT_05280,229.58039697207465
OUT_05281,122.07450031563748
OUT_05282,129.587564128123
OUT_05283,124.82818097678228
OUT_05284,124.82818097678228
OUT_05285,124.82818097678228
OUT_05286,124.82818097678228
OUT_05287,124.51064599197278
OUT_05288,124.82818097678228
OUT_05289,124.82818097678228
OUT_05290,124.82818097678228
OUT_05291,124.82818097678228
OUT_05292,144.8543979918564
OUT_05293,124.82818097678228
OUT_05294,124.82818097678228
OUT_05295,124.82818097678228
OUT_05296,124.82818097678228
OUT_05297,243.6880317498362
OUT_05298,124.82818097678228
OUT_05299,124.82818097678228
OUT_05300,129.587564128123
OUT_05301,124.82818097678228
OUT_05302,122.07450031563748
OUT_05303,124.51064599197278
OUT_05304,124.51064599197278
OUT_05305,124.82818097678228
OUT_05306,124.82818097678228
OUT_05307,124.82818097678228
OUT_05308,124.82818097678228
OUT_05309,124.82818097678228
OUT_05310,124.51064599197278
OUT_05311,124.82818097678228
OUT_05312,124.51064599197278
OUT_05313,124.51064599197278
OUT_05314,124.82818097678228
OUT_05315,124.82818097678228
OUT_05316,124.82818097678228
OUT_05317,124.82818097678228
OUT_05318,124.82818097678228
OUT_05319,124.82818097678228
OUT_05320,124.82818097678228
OUT_05321,124.82818097678228
OUT_05322,124.82818097678228
OUT_05323,124.51064599197278
OUT_05324,124.82818097678228
OUT_05325,155.01194708432467
OUT_05326,124.82818097678228
OUT_05327,122.07450031563748
OUT_05328,124.82818097678228
OUT_05329,129.587564128123
OUT_05330,124.82818097678228
OUT_05331,124.82818097678228
OUT_05332,139.4112624187511
OUT_05333,124.51064599197278
OUT_05334,124.82818097678228
OUT_05335,129.587564128123
OUT_05336,124.82818097678228
OUT_05337,129.587564128123
OUT_05338,129.587564128123
OUT_05339,124.51064599197278
OUT_05340,124.82818097678228
OUT_05341,124.82818097678228
OUT_05342,124.82818097678228
OUT_05343,124.82818097678228
OUT_05344,124.82818097678228
OUT_05345,122.07450031563748
OUT_05346,124.82818097678228
OUT_05347,124.51064599197278
OUT_05348,124.82818097678228
OUT_05349,124.82818097678228
OUT_05350,124.82818097678228
OUT_05351,124.82818097678228
OUT_05352,124.82818097678228
OUT_05353,124.82818097678228
OUT_05354,124.51064599197278
OUT_05355,173.05113175822385
OUT_05356,122.07450031563748
OUT_05357,124.82818097678228
OUT_05358,124.51064599197278
OUT_05359,124.82818097678228
OUT_05360,124.82818097678228
OUT_05361,124.82818097678228
OUT_05362,129.587564128123
OUT_05363,129.587564128123
OUT_05364,124.82818097678228
OUT_05365,124.51064599197278
OUT_05366,236.5125423895967
OUT_05367,124.82818097678228
OUT_05368,122.07450031563748
OUT_05369,124.51064599197278
OUT_05370,124.82818097678228
OUT_05371,124.82818097678228
OUT_05372,124.51064599197278
OUT_05373,124.51064599197278
OUT_05374,122.07450031563748
OUT_05375,122.07450031563748
OUT_05376,122.07450031563748
OUT_05377,124.82818097678228
OUT_05378,124.51064599197278
OUT_05379,124.51064599197278
OUT_05380,124.82818097678228
OUT_05381,122.07450031563748
OUT_05382,124.82818097678228
OUT_05383,124.82818097678228
OUT_05384,150.42622266619816
OUT_05385,124.82818097678228
OUT_05386,124.82818097678228
OUT_05387,281.79434208164247
OUT_05388,124.82818097678228
OUT_05389,124.82818097678228
OUT_05390,124.82818097678228
OUT_05391,124.82818097678228
OUT_05392,124.82818097678228
OUT_05393,124.82818097678228
OUT_05394,124.82818097678228
OUT_05395,124.82818097678228
OUT_05396,124.82818097678228
OUT_05397,124.82818097678228
OUT_05398,124.51064599197278
OUT_05399,124.82818097678228
OUT_05400,124.82818097678228
OUT_05401,124.82818097678228
OUT_05402,122.07450031563748
OUT_05403,137.0662322777918
OUT_05404,124.82818097678228
OUT_05405,124.51064599197278
OUT_05406,124.51064599197278
OUT_05407,124.82818097678228
OUT_05408,124.82818097678228
OUT_05409,122.07450031563748
OUT_05410,122.07450031563748
OUT_05411,122.07450031563748
OUT_05412,122.07450031563748
OUT_05413,124.82818097678228
OUT_05414,122.07450031563748
OUT_05415,124.51064599197278
OUT_05416,124.51064599197278
OUT_05417,124.82818097678228
OUT_05418,141.06640461956746
OUT_05419,122.07450031563748
OUT_05420,122.07450031563748
OUT_05421,124.82818097678228
OUT_05422,124.82818097678228
OUT_05423,124.82818097678228
OUT_05424,124.82818097678228
OUT_05425,122.07450031563748
OUT_05426,252.97617343188324
OUT_05427,122.07450031563748
OUT_05428,124.51064599197278
OUT_05429,124.82818097678228
OUT_05430,363.7514241065272
OUT_05431,124.82818097678228
OUT_05432,122.07450031563748
OUT_05433,122.07450031563748
OUT_05434,124.82818097678228
OUT_05435,124.51064599197278
OUT_05436,122.07450031563748
OUT_05437,124.82818097678228
OUT_05438,124.82818097678228
OUT_05439,124.82818097678228
OUT_05440,124.82818097678228
OUT_05441,124.82818097678228
OUT_05442,124.82818097678228
OUT_05443,124.82818097678228
OUT_05444,124.82818097678228
OUT_05445,124.82818097678228
OUT_05446,124.82818097678228
OUT_05447,124.82818097678228
OUT_05448,122.07450031563748
OUT_05449,122.07450031563748
OUT_05450,122.07450031563748
OUT_05451,124.82818097678228
OUT_05452,124.82818097678228
OUT_05453,234.9568911066233
OUT_05454,124.82818097678228
OUT_05455,124.51064599197278
OUT_05456,124.82818097678228
OUT_05457,124.82818097678228
OUT_05458,124.82818097678228
OUT_05459,122.07450031563748
OUT_05460,124.82818097678228
OUT_05461,124.82818097678228
OUT_05462,124.82818097678228
OUT_05463,122.07450031563748
OUT_05464,124.82818097678228
OUT_05465,164.03207598825313
OUT_05466,124.82818097678228
OUT_05467,122.07450031563748
OUT_05468,122.07450031563748
OUT_05469,124.82818097678228
OUT_05470,269.2017578543648
OUT_05471,124.51064599197278
OUT_05472,124.51064599197278
OUT_05473,124.82818097678228
OUT_05474,124.82818097678228
OUT_05475,124.82818097678228
OUT_05476,124.82818097678228
OUT_05477,122.07450031563748
OUT_05478,126.51187383453552
OUT_05479,124.82818097678228
OUT_05480,124.82818097678228
OUT_05481,124.82818097678228
OUT_05482,146.44941790248808
OUT_05483,124.82818097678228
OUT_05484,124.51064599197278
OUT_05485,197.1925835225673
OUT_05486,139.84841558727416
OUT_05487,124.82818097678228
OUT_05488,124.82818097678228
OUT_05489,124.82818097678228
OUT_05490,124.82818097678228
OUT_05491,122.07450031563748
OUT_05492,122.07450031563748
OUT_05493,122.07450031563748
OUT_05494,124.82818097678228
OUT_05495,124.82818097678228
OUT_05496,124.82818097678228
OUT_05497,124.82818097678228
OUT_05498,124.82818097678228
OUT_05499,124.51064599197278
OUT_05500,124.82818097678228
OUT_05501,124.82818097678228
OUT_05502,124.82818097678228
OUT_05503,124.82818097678228
OUT_05504,124.82818097678228
OUT_05505,124.82818097678228
OUT_05506,122.07450031563748
OUT_05507,124.82818097678228
OUT_05508,196.18420975959225
OUT_05509,124.82818097678228
OUT_05510,124.82818097678228
OUT_05511,124.82818097678228
OUT_05512,124.51064599197278
OUT_05513,124.82818097678228
OUT_05514,124.82818097678228
OUT_05515,124.82818097678228
OUT_05516,124.82818097678228
OUT_05517,124.82818097678228
OUT_05518,124.82818097678228
OUT_05519,124.82818097678228
OUT_05520,124.82818097678228
OUT_05521,124.82818097678228
OUT_05522,124.51064599197278
OUT_05523,122.07450031563748
OUT_05524,124.82818097678228
OUT_05525,124.82818097678228
OUT_05526,124.82818097678228
OUT_05527,122.07450031563748
OUT_05528,124.82818097678228
OUT_05529,124.82818097678228
OUT_05530,122.07450031563748
OUT_05531,124.51064599197278
OUT_05532,124.51064599197278
OUT_05533,124.82818097678228
OUT_05534,124.82818097678228
OUT_05535,124.82818097678228
OUT_05536,122.07450031563748
OUT_05537,164.4040299951452
OUT_05538,124.82818097678228
OUT_05539,122.07450031563748
OUT_05540,127.78336831016296
OUT_05541,124.51064599197278
OUT_05542,124.82818097678228
OUT_05543,148.80629530529362
OUT_05544,124.51064599197278
OUT_05545,124.82818097678228
OUT_05546,124.82818097678228
OUT_05547,124.82818097678228
OUT_05548,124.82818097678228
OUT_05549,124.82818097678228
OUT_05550,124.82818097678228
OUT_05551,124.82818097678228
OUT_05552,124.51064599197278
OUT_05553,124.82818097678228
OUT_05554,124.82818097678228
OUT_05555,178.05333283471575
OUT_05556,122.07450031563748
OUT_05557,124.82818097678228
OUT_05558,124.51064599197278
OUT_05559,124.82818097678228
OUT_05560,124.82818097678228
OUT_05561,122.07450031563748
OUT_05562,124.82818097678228
OUT_05563,122.07450031563748
OUT_05564,185.10431427326853
OUT_05565,145.3113084597796
OUT_05566,124.82818097678228
OUT_05567,122.07450031563748
OUT_05568,122.07450031563748
OUT_05569,124.82818097678228
OUT_05570,124.51064599197278
OUT_05571,122.07450031563748
OUT_05572,124.51064599197278
OUT_05573,124.82818097678228
OUT_05574,124.82818097678228
OUT_05575,124.51064599197278
OUT_05576,124.82818097678228
OUT_05577,122.07450031563748
OUT_05578,185.70174486859904
OUT_05579,124.82818097678228
OUT_05580,124.82818097678228
OUT_05581,122.07450031563748
OUT_05582,122.07450031563748
OUT_05583,124.82818097678228
OUT_05584,124.82818097678228
OUT_05585,124.82818097678228
OUT_05586,124.82818097678228
OUT_05587,124.82818097678228
OUT_05588,124.82818097678228
OUT_05589,124.82818097678228
OUT_05590,122.07450031563748
OUT_05591,122.07450031563748
OUT_05592,280.02385104499507
OUT_05593,124.82818097678228
OUT_05594,122.07450031563748
OUT_05595,122.07450031563748
OUT_05596,122.07450031563748
OUT_05597,229.15657466377223
OUT_05598,124.82818097678228
OUT_05599,124.82818097678228
OUT_05600,124.82818097678228
OUT_05601,124.82818097678228
OUT_05602,124.82818097678228
OUT_05603,124.82818097678228
OUT_05604,127.54030540270288
OUT_05605,124.82818097678228
OUT_05606,236.3533962352361
OUT_05607,124.82818097678228
OUT_05608,124.82818097678228
OUT_05609,122.07450031563748
OUT_05610,124.82818097678228
OUT_05611,124.82818097678228
OUT_05612,124.51064599197278
OUT_05613,124.82818097678228
OUT_05614,122.07450031563748
OUT_05615,124.82818097678228
OUT_05616,122.07450031563748
OUT_05617,124.82818097678228
OUT_05618,124.82818097678228
OUT_05619,122.07450031563748
OUT_05620,168.7486430254236
OUT_05621,124.82818097678228
OUT_05622,124.82818097678228
OUT_05623,124.51064599197278
OUT_05624,124.82818097678228
OUT_05625,124.51064599197278
OUT_05626,124.51064599197278
OUT_05627,122.07450031563748
OUT_05628,122.07450031563748
OUT_05629,124.82818097678228
OUT_05630,124.82818097678228
OUT_05631,122.07450031563748
OUT_05632,124.82818097678228
OUT_05633,124.51064599197278
OUT_05634,124.82818097678228
OUT_05635,122.07450031563748
OUT_05636,124.82818097678228
OUT_05637,122.07450031563748
OUT_05638,124.82818097678228
OUT_05639,124.82818097678228
OUT_05640,138.14654962309717
OUT_05641,124.82818097678228
OUT_05642,124.82818097678228
OUT_05643,124.82818097678228
OUT_05644,124.51064599197278
OUT_05645,124.82818097678228
OUT_05646,124.82818097678228
OUT_05647,124.51064599197278
OUT_05648,124.51064599197278
OUT_05649,124.82818097678228
OUT_05650,124.82818097678228
OUT_05651,122.07450031563748
OUT_05652,122.07450031563748
OUT_05653,124.82818097678228
OUT_05654,122.07450031563748
OUT_05655,124.82818097678228
OUT_05656,124.51064599197278
OUT_05657,122.07450031563748
OUT_05658,124.51064599197278
OUT_05659,124.82818097678228
OUT_05660,122.07450031563748
OUT_05661,122.07450031563748
OUT_05662,124.82818097678228
OUT_05663,124.82818097678228
OUT_05664,124.82818097678228
OUT_05665,124.82818097678228
OUT_05666,122.07450031563748
OUT_05667,124.51064599197278
OUT_05668,124.82818097678228
OUT_05669,122.07450031563748
OUT_05670,122.07450031563748
OUT_05671,124.82818097678228
OUT_05672,124.51064599197278
OUT_05673,122.07450031563748
OUT_05674,124.82818097678228
OUT_05675,124.82818097678228
OUT_05676,124.82818097678228
OUT_05677,124.82818097678228
OUT_05678,124.51064599197278
OUT_05679,124.82818097678228
OUT_05680,124.82818097678228
OUT_05681,122.07450031563748
OUT_05682,124.82818097678228
OUT_05683,124.82818097678228
OUT_05684,124.82818097678228
OUT_05685,122.07450031563748
OUT_05686,124.82818097678228
OUT_05687,124.82818097678228
OUT_05688,124.82818097678228
OUT_05689,124.82818097678228
OUT_05690,124.82818097678228
OUT_05691,124.51064599197278
OUT_05692,124.51064599197278
OUT_05693,124.82818097678228
OUT_05694,287.585291769668
OUT_05695,124.82818097678228
OUT_05696,124.51064599197278
OUT_05697,124.82818097678228
OUT_05698,124.82818097678228
OUT_05699,206.5942116141788
OUT_05700,124.82818097678228
OUT_05701,124.82818097678228
OUT_05702,122.07450031563748
OUT_05703,135.05441168182048
OUT_05704,124.82818097678228
OUT_05705,124.51064599197278
OUT_05706,124.82818097678228
OUT_05707,124.82818097678228
OUT_05708,124.82818097678228
OUT_05709,122.07450031563748
OUT_05710,124.82818097678228
OUT_05711,131.47987498990258
OUT_05712,124.51064599197278
OUT_05713,124.82818097678228
OUT_05714,124.51064599197278
OUT_05715,124.82818097678228
OUT_05716,127.15478952834977
OUT_05717,124.82818097678228
OUT_05718,143.18199988474518
OUT_05719,122.07450031563748
OUT_05720,124.82818097678228
OUT_05721,124.82818097678228
OUT_05722,124.82818097678228
OUT_05723,124.82818097678228
OUT_05724,124.82818097678228
OUT_05725,124.51064599197278
OUT_05726,124.82818097678228
OUT_05727,301.7970958475691
OUT_05728,124.82818097678228
OUT_05729,124.82818097678228
OUT_05730,124.82818097678228
OUT_05731,124.82818097678228
OUT_05732,124.82818097678228
OUT_05733,167.50482138884774
OUT_05734,124.82818097678228
OUT_05735,122.07450031563748
OUT_05736,124.51064599197278
OUT_05737,122.07450031563748
OUT_05738,122.07450031563748
OUT_05739,122.07450031563748
OUT_05740,124.82818097678228
OUT_05741,124.82818097678228
OUT_05742,124.82818097678228
OUT_05743,328.3508474094934
OUT_05744,122.07450031563748
OUT_05745,124.82818097678228
OUT_05746,124.82818097678228
OUT_05747,124.82818097678228
OUT_05748,124.82818097678228
OUT_05749,124.82818097678228
OUT_05750,124.82818097678228
OUT_05751,124.51064599197278
OUT_05752,124.82818097678228
OUT_05753,122.07450031563748
OUT_05754,124.51064599197278
OUT_05755,122.07450031563748
OUT_05756,124.51064599197278
OUT_05757,264.6389771989167
OUT_05758,122.07450031563748
OUT_05759,124.51064599197278
OUT_05760,124.82818097678228
OUT_05761,124.82818097678228
OUT_05762,124.82818097678228
OUT_05763,122.07450031563748
OUT_05764,124.82818097678228
OUT_05765,124.82818097678228
OUT_05766,124.82818097678228
OUT_05767,124.82818097678228
OUT_05768,124.82818097678228
OUT_05769,124.82818097678228
OUT_05770,124.82818097678228
OUT_05771,122.07450031563748
OUT_05772,124.82818097678228
OUT_05773,122.07450031563748
OUT_05774,124.82818097678228
OUT_05775,124.82818097678228
OUT_05776,279.7324469622097
OUT_05777,124.82818097678228
OUT_05778,124.51064599197278
OUT_05779,124.82818097678228
OUT_05780,124.82818097678228
OUT_05781,124.51064599197278
OUT_05782,124.51064599197278
OUT_05783,124.82818097678228
OUT_05784,124.82818097678228
OUT_05785,122.07450031563748
OUT_05786,130.3397706448342
OUT_05787,124.82818097678228
OUT_05788,124.82818097678228
OUT_05789,124.82818097678228
OUT_05790,124.82818097678228
OUT_05791,122.07450031563748
OUT_05792,124.82818097678228
OUT_05793,124.82818097678228
OUT_05794,122.07450031563748
OUT_05795,124.82818097678228
OUT_05796,124.82818097678228
OUT_05797,124.82818097678228
OUT_05798,124.82818097678228
OUT_05799,122.07450031563748
OUT_05800,124.82818097678228
OUT_05801,124.82818097678228
OUT_05802,124.82818097678228
OUT_05803,122.07450031563748
OUT_05804,124.51064599197278
OUT_05805,122.07450031563748
OUT_05806,122.07450031563748
OUT_05807,124.82818097678228
OUT_05808,124.51064599197278
OUT_05809,124.82818097678228
OUT_05810,122.07450031563748
OUT_05811,122.07450031563748
OUT_05812,122.07450031563748
OUT_05813,124.82818097678228
OUT_05814,124.82818097678228
OUT_05815,124.51064599197278
OUT_05816,124.82818097678228
OUT_05817,122.07450031563748
OUT_05818,124.82818097678228
OUT_05819,124.82818097678228
OUT_05820,124.82818097678228
OUT_05821,124.82818097678228
OUT_05822,124.82818097678228
OUT_05823,124.82818097678228
OUT_05824,127.08342005282496
OUT_05825,331.99508974432325
OUT_05826,124.82818097678228
OUT_05827,124.82818097678228
OUT_05828,124.82818097678228
OUT_05829,124.51064599197278
OUT_05830,124.82818097678228
OUT_05831,122.07450031563748
OUT_05832,122.07450031563748
OUT_05833,124.82818097678228
OUT_05834,124.51064599197278
OUT_05835,124.82818097678228
OUT_05836,124.82818097678228
OUT_05837,122.07450031563748
OUT_05838,270.4038204876164
OUT_05839,124.82818097678228
OUT_05840,124.51064599197278
OUT_05841,122.07450031563748
OUT_05842,124.82818097678228
OUT_05843,126.09491699437748
OUT_05844,122.07450031563748
OUT_05845,124.51064599197278
OUT_05846,122.07450031563748
OUT_05847,134.59236352644518
OUT_05848,122.07450031563748
OUT_05849,124.82818097678228
OUT_05850,124.82818097678228
OUT_05851,122.07450031563748
OUT_05852,124.51064599197278
OUT_05853,124.82818097678228
OUT_05854,126.8766719751456
OUT_05855,124.51064599197278
OUT_05856,124.82818097678228
OUT_05857,124.82818097678228
OUT_05858,124.82818097678228
OUT_05859,124.82818097678228
OUT_05860,124.82818097678228
OUT_05861,124.82818097678228
OUT_05862,124.82818097678228
OUT_05863,122.07450031563748
OUT_05864,124.82818097678228
OUT_05865,124.82818097678228
OUT_05866,122.07450031563748
OUT_05867,124.82818097678228
OUT_05868,124.82818097678228
OUT_05869,122.07450031563748
OUT_05870,132.88568145673128
OUT_05871,124.82818097678228
OUT_05872,124.82818097678228
OUT_05873,124.82818097678228
OUT_05874,124.82818097678228
OUT_05875,124.82818097678228
OUT_05876,124.82818097678228
OUT_05877,124.51064599197278
OUT_05878,124.82818097678228
OUT_05879,124.82818097678228
OUT_05880,124.82818097678228
OUT_05881,124.82818097678228
OUT_05882,124.51064599197278
OUT_05883,124.82818097678228
OUT_05884,122.07450031563748
OUT_05885,124.51064599197278
OUT_05886,124.82818097678228
OUT_05887,124.51064599197278
OUT_05888,122.07450031563748
OUT_05889,124.51064599197278
OUT_05890,124.82818097678228
OUT_05891,124.82818097678228
OUT_05892,130.3970608416338
OUT_05893,124.82818097678228
OUT_05894,132.18795234979248
OUT_05895,124.82818097678228
OUT_05896,124.82818097678228
OUT_05897,124.82818097678228
OUT_05898,122.07450031563748
OUT_05899,122.07450031563748
OUT_05900,124.82818097678228
OUT_05901,122.07450031563748
OUT_05902,124.82818097678228
OUT_05903,241.4808843902272
OUT_05904,124.82818097678228
OUT_05905,122.07450031563748
OUT_05906,124.82818097678228
OUT_05907,124.82818097678228
OUT_05908,122.07450031563748
OUT_05909,124.82818097678228
OUT_05910,124.51064599197278
OUT_05911,124.82818097678228
OUT_05912,124.51064599197278
OUT_05913,124.82818097678228
OUT_05914,124.51064599197278
OUT_05915,122.07450031563748
OUT_05916,122.07450031563748
OUT_05917,124.82818097678228
OUT_05918,122.07450031563748
OUT_05919,122.07450031563748
OUT_05920,124.82818097678228
OUT_05921,122.07450031563748
OUT_05922,122.07450031563748
OUT_05923,124.82818097678228
OUT_05924,124.82818097678228
OUT_05925,122.07450031563748
OUT_05926,122.07450031563748
OUT_05927,234.64266103935265
OUT_05928,124.51064599197278
OUT_05929,124.82818097678228
OUT_05930,124.82818097678228
OUT_05931,124.82818097678228
OUT_05932,124.82818097678228
OUT_05933,124.82818097678228
OUT_05934,124.51064599197278
OUT_05935,124.82818097678228
OUT_05936,274.60179319670607
OUT_05937,122.07450031563748
OUT_05938,296.4752758295037
OUT_05939,124.82818097678228
OUT_05940,209.0341548078173
OUT_05941,124.51064599197278
OUT_05942,124.51064599197278
OUT_05943,128.2312864958387
OUT_05944,122.07450031563748
OUT_05945,124.82818097678228
OUT_05946,124.82818097678228
OUT_05947,288.8780480426074
OUT_05948,122.07450031563748
OUT_05949,124.82818097678228
OUT_05950,124.82818097678228
OUT_05951,124.82818097678228
OUT_05952,124.82818097678228
OUT_05953,124.82818097678228
OUT_05954,124.82818097678228
OUT_05955,124.82818097678228
OUT_05956,124.82818097678228
OUT_05957,124.51064599197278
OUT_05958,124.82818097678228
OUT_05959,124.82818097678228
OUT_05960,132.25792740081104
OUT_05961,124.82818097678228
OUT_05962,124.82818097678228
OUT_05963,124.82818097678228
OUT_05964,124.82818097678228
OUT_05965,124.51064599197278
OUT_05966,124.82818097678228
OUT_05967,124.82818097678228
OUT_05968,124.51064599197278
OUT_05969,124.82818097678228
OUT_05970,124.82818097678228
OUT_05971,124.82818097678228
OUT_05972,122.07450031563748
OUT_05973,124.82818097678228
OUT_05974,124.82818097678228
OUT_05975,124.82818097678228
OUT_05976,124.82818097678228
OUT_05977,124.82818097678228
OUT_05978,124.82818097678228
OUT_05979,124.82818097678228
OUT_05980,124.51064599197278
OUT_05981,192.75192788413915
OUT_05982,122.07450031563748
OUT_05983,124.82818097678228
OUT_05984,140.89492925242936
OUT_05985,124.82818097678228
OUT_05986,124.82818097678228
OUT_05987,124.51064599197278
OUT_05988,124.51064599197278
OUT_05989,124.82818097678228
OUT_05990,124.82818097678228
OUT_05991,122.07450031563748
OUT_05992,147.82856241114635
OUT_05993,122.07450031563748
OUT_05994,122.07450031563748
OUT_05995,124.82818097678228
OUT_05996,124.82818097678228
OUT_05997,124.82818097678228
OUT_05998,124.82818097678228
OUT_05999,124.82818097678228
OUT_06000,124.82818097678228
OUT_06001,124.82818097678228
OUT_06002,124.82818097678228
OUT_06003,124.82818097678228
OUT_06004,122.07450031563748
OUT_06005,124.82818097678228
OUT_06006,124.82818097678228
OUT_06007,124.51064599197278
OUT_06008,122.07450031563748
OUT_06009,124.51064599197278
OUT_06010,122.07450031563748
OUT_06011,124.82818097678228
OUT_06012,124.82818097678228
OUT_06013,124.82818097678228
OUT_06014,124.82818097678228
OUT_06015,122.07450031563748
OUT_06016,124.51064599197278
OUT_06017,122.07450031563748
OUT_06018,124.82818097678228
OUT_06019,122.07450031563748
OUT_06020,124.82818097678228
OUT_06021,124.82818097678228
OUT_06022,124.82818097678228
OUT_06023,213.65887942136345
OUT_06024,124.51064599197278
OUT_06025,124.82818097678228
OUT_06026,143.46868039005574
OUT_06027,122.07450031563748
OUT_06028,124.82818097678228
OUT_06029,124.51064599197278
OUT_06030,228.1431916549514
OUT_06031,124.82818097678228
OUT_06032,125.27499071250276
OUT_06033,238.08724929000772
OUT_06034,124.82818097678228
OUT_06035,124.82818097678228
OUT_06036,124.82818097678228
OUT_06037,124.82818097678228
OUT_06038,124.82818097678228
OUT_06039,124.82818097678228
OUT_06040,124.82818097678228
OUT_06041,124.82818097678228
OUT_06042,122.07450031563748
OUT_06043,124.82818097678228
OUT_06044,182.4450389527385
OUT_06045,124.51064599197278
OUT_06046,122.07450031563748
OUT_06047,124.82818097678228
OUT_06048,122.07450031563748
OUT_06049,126.87992236475571
OUT_06050,124.82818097678228
OUT_06051,122.07450031563748
OUT_06052,124.82818097678228
OUT_06053,124.82818097678228
OUT_06054,124.82818097678228
OUT_06055,122.07450031563748
OUT_06056,124.82818097678228
OUT_06057,122.07450031563748
OUT_06058,124.51064599197278
OUT_06059,124.82818097678228
OUT_06060,124.51064599197278
OUT_06061,124.82818097678228
OUT_06062,124.82818097678228
OUT_06063,122.07450031563748
OUT_06064,124.82818097678228
OUT_06065,124.51064599197278
OUT_06066,124.82818097678228
OUT_06067,124.82818097678228
OUT_06068,124.51064599197278
OUT_06069,124.82818097678228
OUT_06070,124.82818097678228
OUT_06071,124.82818097678228
OUT_06072,124.82818097678228
OUT_06073,124.82818097678228
OUT_06074,124.82818097678228
OUT_06075,124.51064599197278
OUT_06076,124.51064599197278
OUT_06077,124.82818097678228
OUT_06078,124.82818097678228
OUT_06079,124.82818097678228
OUT_06080,124.82818097678228
OUT_06081,260.9532503941203
OUT_06082,131.44649503283034
OUT_06083,246.1227045769673
OUT_06084,124.51064599197278
OUT_06085,124.82818097678228
OUT_06086,124.82818097678228
OUT_06087,124.82818097678228
OUT_06088,122.07450031563748
OUT_06089,122.07450031563748
OUT_06090,124.82818097678228
OUT_06091,124.51064599197278
OUT_06092,124.82818097678228
OUT_06093,347.0195542585586
OUT_06094,124.82818097678228
OUT_06095,124.51064599197278
OUT_06096,124.82818097678228
OUT_06097,124.51064599197278
OUT_06098,124.82818097678228
OUT_06099,124.51064599197278
OUT_06100,124.82818097678228
OUT_06101,124.82818097678228
OUT_06102,124.82818097678228
OUT_06103,122.07450031563748
OUT_06104,124.82818097678228
OUT_06105,124.82818097678228
OUT_06106,124.82818097678228
OUT_06107,141.50918149872194
OUT_06108,124.51064599197278
OUT_06109,122.07450031563748
OUT_06110,124.51064599197278
OUT_06111,124.82818097678228
OUT_06112,124.51064599197278
OUT_06113,122.07450031563748
OUT_06114,124.82818097678228
OUT_06115,124.82818097678228
OUT_06116,124.51064599197278
OUT_06117,124.82818097678228
OUT_06118,124.82818097678228
OUT_06119,266.9992891166064
OUT_06120,122.07450031563748
OUT_06121,124.82818097678228
OUT_06122,124.51064599197278
OUT_06123,122.07450031563748
OUT_06124,124.82818097678228
OUT_06125,122.07450031563748
OUT_06126,124.82818097678228
OUT_06127,124.51064599197278
OUT_06128,124.82818097678228
OUT_06129,124.82818097678228
OUT_06130,124.82818097678228
OUT_06131,124.82818097678228
OUT_06132,124.82818097678228
OUT_06133,124.82818097678228
OUT_06134,124.82818097678228
OUT_06135,122.07450031563748
OUT_06136,124.82818097678228
OUT_06137,124.82818097678228
OUT_06138,122.07450031563748
OUT_06139,122.07450031563748
OUT_06140,122.07450031563748
OUT_06141,124.82818097678228
OUT_06142,124.82818097678228
OUT_06143,124.82818097678228
OUT_06144,124.82818097678228
OUT_06145,124.82818097678228
OUT_06146,122.07450031563748
OUT_06147,122.07450031563748
OUT_06148,124.82818097678228
OUT_06149,124.82818097678228
OUT_06150,124.82818097678228
OUT_06151,279.98470389557275
OUT_06152,124.82818097678228
OUT_06153,124.51064599197278
OUT_06154,124.82818097678228
OUT_06155,124.82818097678228
OUT_06156,124.51064599197278
OUT_06157,124.82818097678228
OUT_06158,124.82818097678228
OUT_06159,235.97539731456712
OUT_06160,124.82818097678228
OUT_06161,124.51064599197278
OUT_06162,124.82818097678228
OUT_06163,122.07450031563748
OUT_06164,122.07450031563748
OUT_06165,124.82818097678228
OUT_06166,122.07450031563748
OUT_06167,122.07450031563748
OUT_06168,124.82818097678228
OUT_06169,124.82818097678228
OUT_06170,122.07450031563748
OUT_06171,124.82818097678228
OUT_06172,190.67624016533776
OUT_06173,124.51064599197278
OUT_06174,124.82818097678228
OUT_06175,124.82818097678228
OUT_06176,124.51064599197278
OUT_06177,124.82818097678228
OUT_06178,122.07450031563748
OUT_06179,124.82818097678228
OUT_06180,124.82818097678228
OUT_06181,124.82818097678228
OUT_06182,122.07450031563748
OUT_06183,124.51064599197278
OUT_06184,124.82818097678228
OUT_06185,124.82818097678228
OUT_06186,124.82818097678228
OUT_06187,122.07450031563748
OUT_06188,124.51064599197278
OUT_06189,206.38779509954912
OUT_06190,124.51064599197278
OUT_06191,124.82818097678228
OUT_06192,124.51064599197278
OUT_06193,124.51064599197278
OUT_06194,124.82818097678228
OUT_06195,124.82818097678228
OUT_06196,124.82818097678228
OUT_06197,124.51064599197278
OUT_06198,122.07450031563748
OUT_06199,124.82818097678228
OUT_06200,124.82818097678228
OUT_06201,124.51064599197278
OUT_06202,124.82818097678228
OUT_06203,138.1147633282778
OUT_06204,124.82818097678228
OUT_06205,218.14040349751951
OUT_06206,124.82818097678228
OUT_06207,124.82818097678228
OUT_06208,124.82818097678228
OUT_06209,124.82818097678228
OUT_06210,241.78511950291343
OUT_06211,124.82818097678228
OUT_06212,124.51064599197278
OUT_06213,124.82818097678228
OUT_06214,124.82818097678228
OUT_06215,124.82818097678228
OUT_06216,124.82818097678228
OUT_06217,124.82818097678228
OUT_06218,124.82818097678228
OUT_06219,124.82818097678228
OUT_06220,122.07450031563748
OUT_06221,122.07450031563748
OUT_06222,124.82818097678228
OUT_06223,124.82818097678228
OUT_06224,124.82818097678228
OUT_06225,122.07450031563748
OUT_06226,121.50457719319442
OUT_06227,124.51064599197278
OUT_06228,124.51064599197278
OUT_06229,124.51064599197278
OUT_06230,122.07450031563748
OUT_06231,121.50457719319442
OUT_06232,141.0794868282124
OUT_06233,121.50457719319442
OUT_06234,121.50457719319442
OUT_06235,122.07450031563748
OUT_06236,124.51064599197278
OUT_06237,121.50457719319442
OUT_06238,121.50457719319442
OUT_06239,121.50457719319442
OUT_06240,121.50457719319442
OUT_06241,124.51064599197278
OUT_06242,121.50457719319442
OUT_06243,121.50457719319442
OUT_06244,121.50457719319442
OUT_06245,121.50457719319442
OUT_06246,121.50457719319442
OUT_06247,121.50457719319442
OUT_06248,121.50457719319442
OUT_06249,124.51064599197278
OUT_06250,121.50457719319442
OUT_06251,121.50457719319442
OUT_06252,148.54539996091228
OUT_06253,121.50457719319442
OUT_06254,121.50457719319442
OUT_06255,121.50457719319442
OUT_06256,121.50457719319442
OUT_06257,122.07450031563748
OUT_06258,121.50457719319442
OUT_06259,122.07450031563748
OUT_06260,121.50457719319442
OUT_06261,121.50457719319442
OUT_06262,121.50457719319442
OUT_06263,121.50457719319442
OUT_06264,276.40220236210087
OUT_06265,124.51064599197278
OUT_06266,124.51064599197278
OUT_06267,121.50457719319442
OUT_06268,124.51064599197278
OUT_06269,121.50457719319442
OUT_06270,121.50457719319442
OUT_06271,121.50457719319442
OUT_06272,121.50457719319442
OUT_06273,124.51064599197278
OUT_06274,121.50457719319442
OUT_06275,121.50457719319442
OUT_06276,124.51064599197278
OUT_06277,124.51064599197278
OUT_06278,244.3120352997491
OUT_06279,138.37639258428047
OUT_06280,121.50457719319442
OUT_06281,122.07450031563748
OUT_06282,122.07450031563748
OUT_06283,121.50457719319442
OUT_06284,121.50457719319442
OUT_06285,124.51064599197278
OUT_06286,121.50457719319442
OUT_06287,124.51064599197278
OUT_06288,121.50457719319442
OUT_06289,121.50457719319442
OUT_06290,122.07450031563748
OUT_06291,124.51064599197278
OUT_06292,121.50457719319442
OUT_06293,124.51064599197278
OUT_06294,121.50457719319442
OUT_06295,121.50457719319442
OUT_06296,121.50457719319442
OUT_06297,124.51064599197278
OUT_06298,121.50457719319442
OUT_06299,124.51064599197278
OUT_06300,121.50457719319442
OUT_06301,122.07450031563748
OUT_06302,124.51064599197278
OUT_06303,122.07450031563748
OUT_06304,190.7786242085116
OUT_06305,121.50457719319442
OUT_06306,121.50457719319442
OUT_06307,122.07450031563748
OUT_06308,121.50457719319442
OUT_06309,121.50457719319442
OUT_06310,121.50457719319442
OUT_06311,121.50457719319442
OUT_06312,121.50457719319442
OUT_06313,121.50457719319442
OUT_06314,121.50457719319442
OUT_06315,124.51064599197278
OUT_06316,121.50457719319442
OUT_06317,121.50457719319442
OUT_06318,121.50457719319442
OUT_06319,121.50457719319442
OUT_06320,121.50457719319442
OUT_06321,254.03821340518505
OUT_06322,121.50457719319442
OUT_06323,121.50457719319442
OUT_06324,121.50457719319442
OUT_06325,124.51064599197278
OUT_06326,121.50457719319442
OUT_06327,131.20910559837355
OUT_06328,124.51064599197278
OUT_06329,124.51064599197278
OUT_06330,121.50457719319442
OUT_06331,121.50457719319442
OUT_06332,121.50457719319442
OUT_06333,121.50457719319442
OUT_06334,121.50457719319442
OUT_06335,121.50457719319442
OUT_06336,121.50457719319442
OUT_06337,121.50457719319442
OUT_06338,121.50457719319442
OUT_06339,121.50457719319442
OUT_06340,135.0082482370932
OUT_06341,122.07450031563748
OUT_06342,121.50457719319442
OUT_06343,121.50457719319442
OUT_06344,122.07450031563748
OUT_06345,121.50457719319442
OUT_06346,121.50457719319442
OUT_06347,121.50457719319442
OUT_06348,121.50457719319442
OUT_06349,122.07450031563748
OUT_06350,121.50457719319442
OUT_06351,121.50457719319442
OUT_06352,121.50457719319442
OUT_06353,121.50457719319442
OUT_06354,121.50457719319442
OUT_06355,121.50457719319442
OUT_06356,271.25844034622133
OUT_06357,121.50457719319442
OUT_06358,295.18272164084925
OUT_06359,124.51064599197278
OUT_06360,121.50457719319442
OUT_06361,121.50457719319442
OUT_06362,124.51064599197278
OUT_06363,122.07450031563748
OUT_06364,124.51064599197278
OUT_06365,121.50457719319442
OUT_06366,122.07450031563748
OUT_06367,124.51064599197278
OUT_06368,122.07450031563748
OUT_06369,121.50457719319442
OUT_06370,136.2266173168056
OUT_06371,122.07450031563748
OUT_06372,121.50457719319442
OUT_06373,142.2437396268189
OUT_06374,121.50457719319442
OUT_06375,124.51064599197278
OUT_06376,121.50457719319442
OUT_06377,121.50457719319442
OUT_06378,121.50457719319442
OUT_06379,121.50457719319442
OUT_06380,121.50457719319442
OUT_06381,197.48602171938447
OUT_06382,121.50457719319442
OUT_06383,121.50457719319442
OUT_06384,122.07450031563748
OUT_06385,124.51064599197278
OUT_06386,131.68629052048934
OUT_06387,369.5638842283405
OUT_06388,121.50457719319442
OUT_06389,124.51064599197278
OUT_06390,121.50457719319442
OUT_06391,121.50457719319442
OUT_06392,224.9841681842699
OUT_06393,121.50457719319442
OUT_06394,121.50457719319442
OUT_06395,121.50457719319442
OUT_06396,124.51064599197278
OUT_06397,121.50457719319442
OUT_06398,124.51064599197278
OUT_06399,122.07450031563748
OUT_06400,122.07450031563748
OUT_06401,122.07450031563748
OUT_06402,121.50457719319442
OUT_06403,121.50457719319442
OUT_06404,158.611208376579
OUT_06405,122.07450031563748
OUT_06406,121.50457719319442
OUT_06407,121.50457719319442
OUT_06408,121.50457719319442
OUT_06409,121.50457719319442
OUT_06410,246.5058201971071
OUT_06411,122.07450031563748
OUT_06412,121.50457719319442
OUT_06413,121.50457719319442
OUT_06414,264.8594625874768
OUT_06415,121.50457719319442
OUT_06416,121.50457719319442
OUT_06417,264.16579506982373
OUT_06418,121.50457719319442
OUT_06419,122.07450031563748
OUT_06420,325.7754468420834
OUT_06421,124.51064599197278
OUT_06422,121.50457719319442
OUT_06423,121.50457719319442
OUT_06424,121.50457719319442
OUT_06425,121.50457719319442
OUT_06426,121.50457719319442
OUT_06427,197.22156127135
OUT_06428,124.51064599197278
OUT_06429,124.51064599197278
OUT_06430,121.50457719319442
OUT_06431,121.50457719319442
OUT_06432,171.68005940461373
OUT_06433,124.51064599197278
OUT_06434,121.50457719319442
OUT_06435,121.50457719319442
OUT_06436,124.51064599197278
OUT_06437,124.51064599197278
OUT_06438,124.51064599197278
OUT_06439,394.95149878323576
OUT_06440,121.50457719319442
OUT_06441,122.07450031563748
OUT_06442,121.50457719319442
OUT_06443,121.50457719319442
OUT_06444,124.51064599197278
OUT_06445,122.07450031563748
OUT_06446,124.51064599197278
OUT_06447,124.51064599197278
OUT_06448,124.51064599197278
OUT_06449,121.50457719319442
OUT_06450,122.07450031563748
OUT_06451,121.50457719319442
OUT_06452,122.07450031563748
OUT_06453,124.51064599197278
OUT_06454,124.51064599197278
OUT_06455,121.50457719319442
OUT_06456,122.07450031563748
OUT_06457,122.07450031563748
OUT_06458,121.50457719319442
OUT_06459,121.50457719319442
OUT_06460,122.07450031563748
OUT_06461,121.50457719319442
OUT_06462,150.51498940712028
OUT_06463,121.50457719319442
OUT_06464,122.07450031563748
OUT_06465,121.50457719319442
OUT_06466,121.50457719319442
OUT_06467,124.51064599197278
OUT_06468,121.50457719319442
OUT_06469,121.50457719319442
OUT_06470,124.51064599197278
OUT_06471,121.50457719319442
OUT_06472,156.70082833991617
OUT_06473,124.51064599197278
OUT_06474,122.07450031563748
OUT_06475,121.50457719319442
OUT_06476,124.51064599197278
OUT_06477,121.50457719319442
OUT_06478,121.50457719319442
OUT_06479,121.50457719319442
OUT_06480,122.07450031563748
OUT_06481,121.50457719319442
OUT_06482,122.07450031563748
OUT_06483,121.50457719319442
OUT_06484,122.07450031563748
OUT_06485,124.51064599197278
OUT_06486,121.50457719319442
OUT_06487,121.50457719319442
OUT_06488,124.51064599197278
OUT_06489,124.51064599197278
OUT_06490,124.51064599197278
OUT_06491,122.07450031563748
OUT_06492,122.07450031563748
OUT_06493,121.50457719319442
OUT_06494,121.50457719319442
OUT_06495,121.50457719319442
OUT_06496,122.07450031563748
OUT_06497,124.51064599197278
OUT_06498,121.50457719319442
OUT_06499,172.5642112611557
OUT_06500,121.50457719319442
OUT_06501,121.50457719319442
OUT_06502,153.9226205909705
OUT_06503,121.50457719319442
OUT_06504,121.50457719319442
OUT_06505,124.51064599197278
OUT_06506,121.50457719319442
OUT_06507,121.50457719319442
OUT_06508,124.51064599197278
OUT_06509,121.50457719319442
OUT_06510,121.50457719319442
OUT_06511,121.50457719319442
OUT_06512,121.50457719319442
OUT_06513,121.50457719319442
OUT_06514,121.50457719319442
OUT_06515,122.07450031563748
OUT_06516,122.07450031563748
OUT_06517,124.51064599197278
OUT_06518,121.50457719319442
OUT_06519,121.50457719319442
OUT_06520,121.50457719319442
OUT_06521,121.50457719319442
OUT_06522,121.50457719319442
OUT_06523,124.51064599197278
OUT_06524,121.50457719319442
OUT_06525,124.51064599197278
OUT_06526,121.50457719319442
OUT_06527,121.50457719319442
OUT_06528,124.51064599197278
OUT_06529,122.07450031563748
OUT_06530,121.50457719319442
OUT_06531,124.51064599197278
OUT_06532,121.50457719319442
OUT_06533,124.51064599197278
OUT_06534,121.50457719319442
OUT_06535,150.310430932863
OUT_06536,121.50457719319442
OUT_06537,121.50457719319442
OUT_06538,124.51064599197278
OUT_06539,121.50457719319442
OUT_06540,124.51064599197278
OUT_06541,122.07450031563748
OUT_06542,124.51064599197278
OUT_06543,122.07450031563748
OUT_06544,121.50457719319442
OUT_06545,122.07450031563748
OUT_06546,121.50457719319442
OUT_06547,121.50457719319442
OUT_06548,121.50457719319442
OUT_06549,121.50457719319442
OUT_06550,122.07450031563748
OUT_06551,124.51064599197278
OUT_06552,121.50457719319442
OUT_06553,121.50457719319442
OUT_06554,121.50457719319442
OUT_06555,121.50457719319442
OUT_06556,328.2956743960143
OUT_06557,121.50457719319442
OUT_06558,121.50457719319442
OUT_06559,153.5364855125088
OUT_06560,121.50457719319442
OUT_06561,124.51064599197278
OUT_06562,121.50457719319442
OUT_06563,121.50457719319442
OUT_06564,121.50457719319442
OUT_06565,121.50457719319442
OUT_06566,121.50457719319442
OUT_06567,122.07450031563748
OUT_06568,124.51064599197278
OUT_06569,121.50457719319442
OUT_06570,124.51064599197278
OUT_06571,121.50457719319442
OUT_06572,121.50457719319442
OUT_06573,121.50457719319442
OUT_06574,125.03112164771976
OUT_06575,121.50457719319442
OUT_06576,121.50457719319442
OUT_06577,121.50457719319442
OUT_06578,124.51064599197278
OUT_06579,121.50457719319442
OUT_06580,124.51064599197278
OUT_06581,122.07450031563748
OUT_06582,121.50457719319442
OUT_06583,121.50457719319442
OUT_06584,121.50457719319442
OUT_06585,121.50457719319442
OUT_06586,124.51064599197278
OUT_06587,121.50457719319442
OUT_06588,121.50457719319442
OUT_06589,230.58212650961147
OUT_06590,122.07450031563748
OUT_06591,124.51064599197278
OUT_06592,121.50457719319442
OUT_06593,121.50457719319442
OUT_06594,122.07450031563748
OUT_06595,121.50457719319442
OUT_06596,121.50457719319442
OUT_06597,124.51064599197278
OUT_06598,121.50457719319442
OUT_06599,121.50457719319442
OUT_06600,124.51064599197278
OUT_06601,122.07450031563748
OUT_06602,124.51064599197278
OUT_06603,124.51064599197278
OUT_06604,121.50457719319442
OUT_06605,121.50457719319442
OUT_06606,122.07450031563748
OUT_06607,121.50457719319442
OUT_06608,121.50457719319442
OUT_06609,121.50457719319442
OUT_06610,124.51064599197278
OUT_06611,122.07450031563748
OUT_06612,121.50457719319442
OUT_06613,121.50457719319442
OUT_06614,121.50457719319442
OUT_06615,124.51064599197278
OUT_06616,121.50457719319442
OUT_06617,121.50457719319442
OUT_06618,121.50457719319442
OUT_06619,121.50457719319442
OUT_06620,121.50457719319442
OUT_06621,124.51064599197278
OUT_06622,121.50457719319442
OUT_06623,122.07450031563748
OUT_06624,121.50457719319442
OUT_06625,180.81412815278844
OUT_06626,124.51064599197278
OUT_06627,121.50457719319442
OUT_06628,122.07450031563748
OUT_06629,121.50457719319442
OUT_06630,121.50457719319442
OUT_06631,122.07450031563748
OUT_06632,124.51064599197278
OUT_06633,124.51064599197278
OUT_06634,121.50457719319442
OUT_06635,121.50457719319442
OUT_06636,121.50457719319442
OUT_06637,121.50457719319442
OUT_06638,122.07450031563748
OUT_06639,121.50457719319442
OUT_06640,121.50457719319442
OUT_06641,121.50457719319442
OUT_06642,121.50457719319442
OUT_06643,124.51064599197278
OUT_06644,121.50457719319442
OUT_06645,121.50457719319442
OUT_06646,122.07450031563748
OUT_06647,124.51064599197278
OUT_06648,124.51064599197278
OUT_06649,124.51064599197278
OUT_06650,124.51064599197278
OUT_06651,121.50457719319442
OUT_06652,121.50457719319442
OUT_06653,121.50457719319442
OUT_06654,121.50457719319442
OUT_06655,133.0448115200982
OUT_06656,121.50457719319442
OUT_06657,121.50457719319442
OUT_06658,257.60358857414616
OUT_06659,121.50457719319442
OUT_06660,277.2229917742136
OUT_06661,121.50457719319442
OUT_06662,121.50457719319442
OUT_06663,216.66218018134109
OUT_06664,121.50457719319442
OUT_06665,124.51064599197278
OUT_06666,121.50457719319442
OUT_06667,121.50457719319442
OUT_06668,121.50457719319442
OUT_06669,121.50457719319442
OUT_06670,122.07450031563748
OUT_06671,122.07450031563748
OUT_06672,122.07450031563748
OUT_06673,124.51064599197278
OUT_06674,121.50457719319442
OUT_06675,122.07450031563748
OUT_06676,121.50457719319442
OUT_06677,121.50457719319442
OUT_06678,121.50457719319442
OUT_06679,121.50457719319442
OUT_06680,121.50457719319442
OUT_06681,121.50457719319442
OUT_06682,121.50457719319442
OUT_06683,122.07450031563748
OUT_06684,121.50457719319442
OUT_06685,122.07450031563748
OUT_06686,121.50457719319442
OUT_06687,121.50457719319442
OUT_06688,122.07450031563748
OUT_06689,124.51064599197278
OUT_06690,121.50457719319442
OUT_06691,121.50457719319442
OUT_06692,124.51064599197278
OUT_06693,121.50457719319442
OUT_06694,121.50457719319442
OUT_06695,121.50457719319442
OUT_06696,121.50457719319442
OUT_06697,124.51064599197278
OUT_06698,121.50457719319442
OUT_06699,260.2912170640924
OUT_06700,124.51064599197278
OUT_06701,121.50457719319442
OUT_06702,121.50457719319442
OUT_06703,121.50457719319442
OUT_06704,124.51064599197278
OUT_06705,121.50457719319442
OUT_06706,121.50457719319442
OUT_06707,121.50457719319442
OUT_06708,121.50457719319442
OUT_06709,121.50457719319442
OUT_06710,121.50457719319442
OUT_06711,163.55131474553477
OUT_06712,121.50457719319442
OUT_06713,121.50457719319442
OUT_06714,124.51064599197278
OUT_06715,121.50457719319442
OUT_06716,121.50457719319442
OUT_06717,121.50457719319442
OUT_06718,238.59754848307784
OUT_06719,121.50457719319442
OUT_06720,124.51064599197278
OUT_06721,122.07450031563748
OUT_06722,121.50457719319442
OUT_06723,121.50457719319442
OUT_06724,135.05690750535885
OUT_06725,121.50457719319442
OUT_06726,121.50457719319442
OUT_06727,121.50457719319442
OUT_06728,124.51064599197278
OUT_06729,124.51064599197278
OUT_06730,121.50457719319442
OUT_06731,121.50457719319442
OUT_06732,124.51064599197278
OUT_06733,192.47985465479087
OUT_06734,121.50457719319442
OUT_06735,121.50457719319442
OUT_06736,121.50457719319442
OUT_06737,124.51064599197278
OUT_06738,124.51064599197278
OUT_06739,121.50457719319442
OUT_06740,121.50457719319442
OUT_06741,121.50457719319442
OUT_06742,122.07450031563748
OUT_06743,122.07450031563748
OUT_06744,121.50457719319442
OUT_06745,124.51064599197278
OUT_06746,121.50457719319442
OUT_06747,121.50457719319442
OUT_06748,121.50457719319442
OUT_06749,122.07450031563748
OUT_06750,121.50457719319442
OUT_06751,121.50457719319442
OUT_06752,121.50457719319442
OUT_06753,121.50457719319442
OUT_06754,124.51064599197278
OUT_06755,121.50457719319442
OUT_06756,122.07450031563748
OUT_06757,121.50457719319442
OUT_06758,121.50457719319442
OUT_06759,124.51064599197278
OUT_06760,139.65969632982774
OUT_06761,122.07450031563748
OUT_06762,121.50457719319442
OUT_06763,144.89456118763852
OUT_06764,121.50457719319442
OUT_06765,121.50457719319442
OUT_06766,121.50457719319442
OUT_06767,122.07450031563748
OUT_06768,121.50457719319442
OUT_06769,122.07450031563748
OUT_06770,122.07450031563748
OUT_06771,121.50457719319442
OUT_06772,121.50457719319442
OUT_06773,122.07450031563748
OUT_06774,121.50457719319442
OUT_06775,124.51064599197278
OUT_06776,121.50457719319442
OUT_06777,142.41754605271305
OUT_06778,124.51064599197278
OUT_06779,121.50457719319442
OUT_06780,121.50457719319442
OUT_06781,121.50457719319442
OUT_06782,121.50457719319442
OUT_06783,121.50457719319442
OUT_06784,124.51064599197278
OUT_06785,121.50457719319442
OUT_06786,121.50457719319442
OUT_06787,121.50457719319442
OUT_06788,121.50457719319442
OUT_06789,122.07450031563748
OUT_06790,121.50457719319442
OUT_06791,121.50457719319442
OUT_06792,121.50457719319442
OUT_06793,122.07450031563748
OUT_06794,122.07450031563748
OUT_06795,121.50457719319442
OUT_06796,124.51064599197278
OUT_06797,138.1841199240343
OUT_06798,121.50457719319442
OUT_06799,122.07450031563748
OUT_06800,121.50457719319442
OUT_06801,122.07450031563748
OUT_06802,122.07450031563748
OUT_06803,124.51064599197278
OUT_06804,124.51064599197278
OUT_06805,122.07450031563748
OUT_06806,122.07450031563748
OUT_06807,121.50457719319442
OUT_06808,124.51064599197278
OUT_06809,124.51064599197278
OUT_06810,264.4505322235568
OUT_06811,121.50457719319442
OUT_06812,121.50457719319442
OUT_06813,124.51064599197278
OUT_06814,121.50457719319442
OUT_06815,130.74991064241956
OUT_06816,121.50457719319442
OUT_06817,148.00103455568558
OUT_06818,361.4463866491886
OUT_06819,121.50457719319442
OUT_06820,124.51064599197278
OUT_06821,124.51064599197278
OUT_06822,121.50457719319442
OUT_06823,121.50457719319442
OUT_06824,121.50457719319442
OUT_06825,121.50457719319442
OUT_06826,124.51064599197278
OUT_06827,121.50457719319442
OUT_06828,121.50457719319442
OUT_06829,122.07450031563748
OUT_06830,129.77484956808885
OUT_06831,121.50457719319442
OUT_06832,121.50457719319442
OUT_06833,121.50457719319442
OUT_06834,121.50457719319442
OUT_06835,121.50457719319442
OUT_06836,124.51064599197278
OUT_06837,121.50457719319442
OUT_06838,121.50457719319442
OUT_06839,124.51064599197278
OUT_06840,121.50457719319442
OUT_06841,121.50457719319442
OUT_06842,124.51064599197278
OUT_06843,121.50457719319442
OUT_06844,121.50457719319442
OUT_06845,121.50457719319442
OUT_06846,124.51064599197278
OUT_06847,121.50457719319442
OUT_06848,121.50457719319442
OUT_06849,121.50457719319442
OUT_06850,122.07450031563748
OUT_06851,121.50457719319442
OUT_06852,121.50457719319442
OUT_06853,121.50457719319442
OUT_06854,121.50457719319442
OUT_06855,121.50457719319442
OUT_06856,124.51064599197278
OUT_06857,121.50457719319442
OUT_06858,122.07450031563748
OUT_06859,121.50457719319442
OUT_06860,124.51064599197278
OUT_06861,124.51064599197278
OUT_06862,121.50457719319442
OUT_06863,121.50457719319442
OUT_06864,122.07450031563748
OUT_06865,121.50457719319442
OUT_06866,122.07450031563748
OUT_06867,121.50457719319442
OUT_06868,121.50457719319442
OUT_06869,122.07450031563748
OUT_06870,124.51064599197278
OUT_06871,121.50457719319442
OUT_06872,124.51064599197278
OUT_06873,124.51064599197278
OUT_06874,121.50457719319442
OUT_06875,121.50457719319442
OUT_06876,122.07450031563748
OUT_06877,121.50457719319442
OUT_06878,121.50457719319442
OUT_06879,121.50457719319442
OUT_06880,122.07450031563748
OUT_06881,121.50457719319442
OUT_06882,152.49758543115692
OUT_06883,121.50457719319442
OUT_06884,124.51064599197278
OUT_06885,121.50457719319442
OUT_06886,121.50457719319442
OUT_06887,121.50457719319442
OUT_06888,122.07450031563748
OUT_06889,121.50457719319442
OUT_06890,124.51064599197278
OUT_06891,121.50457719319442
OUT_06892,121.50457719319442
OUT_06893,121.50457719319442
OUT_06894,121.50457719319442
OUT_06895,124.51064599197278
OUT_06896,121.50457719319442
OUT_06897,121.50457719319442
OUT_06898,121.50457719319442
OUT_06899,122.07450031563748
OUT_06900,121.50457719319442
OUT_06901,121.50457719319442
OUT_06902,124.51064599197278
OUT_06903,122.07450031563748
OUT_06904,124.51064599197278
OUT_06905,124.51064599197278
OUT_06906,124.51064599197278
OUT_06907,121.50457719319442
OUT_06908,121.50457719319442
OUT_06909,121.50457719319442
OUT_06910,121.50457719319442
OUT_06911,121.50457719319442
OUT_06912,121.50457719319442
OUT_06913,121.50457719319442
OUT_06914,124.51064599197278
OUT_06915,124.51064599197278
OUT_06916,122.07450031563748
OUT_06917,121.50457719319442
OUT_06918,122.07450031563748
OUT_06919,121.50457719319442
OUT_06920,121.50457719319442
OUT_06921,121.50457719319442
OUT_06922,124.51064599197278
OUT_06923,121.50457719319442
OUT_06924,121.50457719319442
OUT_06925,121.50457719319442
OUT_06926,121.50457719319442
OUT_06927,121.50457719319442
OUT_06928,121.50457719319442
OUT_06929,121.50457719319442
OUT_06930,121.50457719319442
OUT_06931,124.51064599197278
OUT_06932,124.51064599197278
OUT_06933,124.51064599197278
OUT_06934,121.50457719319442
OUT_06935,121.50457719319442
OUT_06936,121.50457719319442
OUT_06937,122.07450031563748
OUT_06938,121.50457719319442
OUT_06939,121.50457719319442
OUT_06940,218.89969166355735
OUT_06941,121.50457719319442
OUT_06942,121.50457719319442
OUT_06943,124.51064599197278
OUT_06944,121.50457719319442
OUT_06945,121.50457719319442
OUT_06946,121.50457719319442
OUT_06947,121.50457719319442
OUT_06948,125.55526153921473
OUT_06949,124.51064599197278
OUT_06950,124.51064599197278
OUT_06951,124.51064599197278
OUT_06952,121.50457719319442
OUT_06953,124.51064599197278
OUT_06954,121.50457719319442
OUT_06955,121.50457719319442
OUT_06956,122.07450031563748
OUT_06957,121.50457719319442
OUT_06958,121.50457719319442
OUT_06959,121.50457719319442
OUT_06960,124.51064599197278
OUT_06961,124.51064599197278
OUT_06962,124.51064599197278
OUT_06963,121.50457719319442
OUT_06964,121.50457719319442
OUT_06965,121.50457719319442
OUT_06966,121.50457719319442
OUT_06967,121.50457719319442
OUT_06968,121.50457719319442
OUT_06969,121.50457719319442
OUT_06970,122.07450031563748
OUT_06971,122.07450031563748
OUT_06972,121.50457719319442
OUT_06973,121.50457719319442
OUT_06974,124.51064599197278
OUT_06975,124.51064599197278
OUT_06976,121.50457719319442
OUT_06977,121.50457719319442
OUT_06978,121.50457719319442
OUT_06979,122.07450031563748
OUT_06980,121.50457719319442
OUT_06981,225.3653496663342
OUT_06982,121.50457719319442
OUT_06983,124.51064599197278
OUT_06984,122.07450031563748
OUT_06985,265.6842315904854
OUT_06986,121.50457719319442
OUT_06987,124.51064599197278
OUT_06988,121.50457719319442
OUT_06989,121.50457719319442
OUT_06990,148.12333184857124
OUT_06991,121.50457719319442
OUT_06992,124.51064599197278
OUT_06993,124.51064599197278
OUT_06994,121.50457719319442
OUT_06995,121.50457719319442
OUT_06996,139.99143901097804
OUT_06997,124.51064599197278
OUT_06998,124.51064599197278
OUT_06999,121.50457719319442
OUT_07000,121.50457719319442
OUT_07001,121.50457719319442
OUT_07002,124.51064599197278
OUT_07003,121.50457719319442
OUT_07004,124.51064599197278
OUT_07005,121.50457719319442
OUT_07006,121.50457719319442
OUT_07007,121.50457719319442
OUT_07008,301.1448614456209
OUT_07009,124.51064599197278
OUT_07010,124.51064599197278
OUT_07011,122.07450031563748
OUT_07012,124.26559312157598
OUT_07013,320.8994133590018
OUT_07014,121.50457719319442
OUT_07015,124.51064599197278
OUT_07016,291.8004832195074
OUT_07017,122.07450031563748
OUT_07018,122.07450031563748
OUT_07019,121.50457719319442
OUT_07020,154.33416424570711
OUT_07021,121.50457719319442
OUT_07022,121.50457719319442
OUT_07023,121.50457719319442
OUT_07024,121.50457719319442
OUT_07025,121.50457719319442
OUT_07026,244.0241125994096
OUT_07027,245.59012967785887
OUT_07028,121.50457719319442
OUT_07029,121.50457719319442
OUT_07030,121.50457719319442
OUT_07031,138.22341197023735
OUT_07032,124.51064599197278
OUT_07033,121.50457719319442
OUT_07034,121.50457719319442
OUT_07035,124.51064599197278
OUT_07036,121.50457719319442
OUT_07037,121.50457719319442
OUT_07038,121.50457719319442
OUT_07039,121.50457719319442
OUT_07040,122.07450031563748
OUT_07041,124.51064599197278
OUT_07042,124.51064599197278
OUT_07043,121.50457719319442
OUT_07044,124.51064599197278
OUT_07045,121.50457719319442
OUT_07046,124.51064599197278
OUT_07047,121.50457719319442
OUT_07048,122.07450031563748
OUT_07049,121.50457719319442
OUT_07050,121.50457719319442
OUT_07051,121.50457719319442
OUT_07052,121.50457719319442
OUT_07053,121.50457719319442
OUT_07054,122.07450031563748
OUT_07055,124.51064599197278
OUT_07056,121.50457719319442
OUT_07057,121.50457719319442
OUT_07058,122.07450031563748
OUT_07059,121.50457719319442
OUT_07060,121.50457719319442
OUT_07061,124.51064599197278
OUT_07062,121.50457719319442
OUT_07063,121.50457719319442
OUT_07064,121.50457719319442
OUT_07065,137.54393534086554
OUT_07066,121.50457719319442
OUT_07067,121.50457719319442
OUT_07068,236.8469506359721
OUT_07069,124.51064599197278
OUT_07070,121.50457719319442
OUT_07071,121.50457719319442
OUT_07072,121.50457719319442
OUT_07073,121.50457719319442
OUT_07074,122.07450031563748
OUT_07075,124.51064599197278
OUT_07076,121.50457719319442
OUT_07077,121.50457719319442
OUT_07078,121.50457719319442
OUT_07079,121.50457719319442
OUT_07080,310.89617368770854
OUT_07081,124.51064599197278
OUT_07082,121.50457719319442
OUT_07083,122.07450031563748
OUT_07084,121.50457719319442
OUT_07085,121.50457719319442
OUT_07086,121.50457719319442
OUT_07087,121.50457719319442
OUT_07088,121.50457719319442
OUT_07089,194.2733930699391
OUT_07090,121.50457719319442
OUT_07091,121.50457719319442
OUT_07092,121.50457719319442
OUT_07093,149.42124507050983
OUT_07094,121.50457719319442
OUT_07095,121.50457719319442
OUT_07096,122.07450031563748
OUT_07097,121.50457719319442
OUT_07098,121.50457719319442
OUT_07099,121.50457719319442
OUT_07100,121.50457719319442
OUT_07101,124.51064599197278
OUT_07102,124.51064599197278
OUT_07103,124.51064599197278
OUT_07104,121.50457719319442
OUT_07105,122.07450031563748
OUT_07106,122.07450031563748
OUT_07107,122.07450031563748
OUT_07108,173.24102096287848
OUT_07109,121.50457719319442
OUT_07110,121.50457719319442
OUT_07111,121.50457719319442
OUT_07112,124.51064599197278
OUT_07113,121.50457719319442
OUT_07114,122.07450031563748
OUT_07115,122.07450031563748
OUT_07116,121.50457719319442
OUT_07117,121.50457719319442
OUT_07118,121.50457719319442
OUT_07119,122.07450031563748
OUT_07120,121.50457719319442
OUT_07121,151.06980208795795
OUT_07122,124.51064599197278
OUT_07123,121.50457719319442
OUT_07124,121.50457719319442
OUT_07125,124.51064599197278
OUT_07126,122.07450031563748
OUT_07127,121.50457719319442
OUT_07128,121.50457719319442
OUT_07129,124.51064599197278
OUT_07130,121.50457719319442
OUT_07131,121.50457719319442
OUT_07132,121.50457719319442
OUT_07133,121.50457719319442
OUT_07134,121.50457719319442
OUT_07135,229.87016274791296
OUT_07136,121.50457719319442
OUT_07137,122.07450031563748
OUT_07138,122.07450031563748
OUT_07139,124.51064599197278
OUT_07140,121.50457719319442
OUT_07141,129.22444826169496
OUT_07142,124.51064599197278
OUT_07143,124.51064599197278
OUT_07144,175.21058896636987
OUT_07145,122.07450031563748
OUT_07146,121.50457719319442
OUT_07147,121.50457719319442
OUT_07148,124.51064599197278
OUT_07149,122.07450031563748
OUT_07150,124.51064599197278
OUT_07151,124.51064599197278
OUT_07152,121.50457719319442
OUT_07153,121.50457719319442
OUT_07154,121.50457719319442
OUT_07155,121.50457719319442
OUT_07156,124.51064599197278
OUT_07157,124.51064599197278
OUT_07158,121.50457719319442
OUT_07159,121.50457719319442
OUT_07160,121.50457719319442
OUT_07161,209.75815915852365
OUT_07162,124.51064599197278
OUT_07163,121.50457719319442
OUT_07164,121.50457719319442
OUT_07165,121.50457719319442
OUT_07166,121.50457719319442
OUT_07167,121.50457719319442
OUT_07168,122.07450031563748
OUT_07169,121.50457719319442
OUT_07170,124.51064599197278
OUT_07171,121.50457719319442
OUT_07172,124.51064599197278
OUT_07173,121.50457719319442
OUT_07174,124.51064599197278
OUT_07175,121.50457719319442
OUT_07176,124.51064599197278
OUT_07177,233.8993958901224
OUT_07178,124.51064599197278
OUT_07179,121.50457719319442
OUT_07180,121.50457719319442
OUT_07181,121.50457719319442
OUT_07182,121.50457719319442
OUT_07183,121.50457719319442
OUT_07184,121.50457719319442
OUT_07185,121.50457719319442
OUT_07186,122.07450031563748
OUT_07187,147.68779232793327
OUT_07188,121.50457719319442
OUT_07189,122.07450031563748
OUT_07190,124.51064599197278
OUT_07191,124.51064599197278
OUT_07192,121.50457719319442
OUT_07193,121.50457719319442
OUT_07194,121.50457719319442
OUT_07195,124.51064599197278
OUT_07196,121.50457719319442
OUT_07197,121.50457719319442
OUT_07198,124.51064599197278
OUT_07199,122.07450031563748
OUT_07200,122.07450031563748
OUT_07201,122.07450031563748
OUT_07202,124.51064599197278
OUT_07203,122.07450031563748
OUT_07204,124.51064599197278
OUT_07205,122.07450031563748
OUT_07206,121.50457719319442
OUT_07207,122.07450031563748
OUT_07208,121.50457719319442
OUT_07209,121.50457719319442
OUT_07210,121.50457719319442
OUT_07211,121.50457719319442
OUT_07212,121.50457719319442
OUT_07213,121.50457719319442
OUT_07214,122.07450031563748
OUT_07215,286.4767764938843
OUT_07216,122.07450031563748
OUT_07217,122.07450031563748
OUT_07218,124.51064599197278
OUT_07219,124.51064599197278
OUT_07220,124.51064599197278
OUT_07221,121.50457719319442
OUT_07222,122.07450031563748
OUT_07223,121.50457719319442
OUT_07224,124.51064599197278
OUT_07225,238.2613438703616
OUT_07226,121.50457719319442
OUT_07227,121.50457719319442
OUT_07228,121.50457719319442
OUT_07229,121.50457719319442
OUT_07230,122.07450031563748
OUT_07231,121.50457719319442
OUT_07232,121.50457719319442
OUT_07233,250.94230110778787
OUT_07234,121.50457719319442
OUT_07235,124.51064599197278
OUT_07236,124.51064599197278
OUT_07237,121.50457719319442
OUT_07238,121.50457719319442
OUT_07239,121.50457719319442
OUT_07240,122.07450031563748
OUT_07241,124.51064599197278
OUT_07242,121.50457719319442
OUT_07243,121.50457719319442
OUT_07244,121.50457719319442
OUT_07245,121.50457719319442
OUT_07246,124.51064599197278
OUT_07247,121.50457719319442
OUT_07248,124.51064599197278
OUT_07249,121.50457719319442
OUT_07250,252.2307267252188
OUT_07251,121.50457719319442
OUT_07252,121.50457719319442
OUT_07253,122.07450031563748
OUT_07254,122.07450031563748
OUT_07255,122.07450031563748
OUT_07256,124.51064599197278
OUT_07257,121.50457719319442
OUT_07258,124.51064599197278
OUT_07259,135.25348542466693
OUT_07260,121.50457719319442
OUT_07261,124.51064599197278
OUT_07262,122.07450031563748
OUT_07263,121.50457719319442
OUT_07264,121.50457719319442
OUT_07265,121.50457719319442
OUT_07266,121.50457719319442
OUT_07267,121.50457719319442
OUT_07268,124.51064599197278
OUT_07269,121.50457719319442
OUT_07270,124.51064599197278
OUT_07271,121.50457719319442
OUT_07272,121.50457719319442
OUT_07273,121.50457719319442
OUT_07274,121.50457719319442
OUT_07275,121.50457719319442
OUT_07276,273.81360688068906
OUT_07277,121.50457719319442
OUT_07278,121.50457719319442
OUT_07279,124.51064599197278
OUT_07280,122.07450031563748
OUT_07281,137.44890915068035
OUT_07282,124.51064599197278
OUT_07283,122.07450031563748
OUT_07284,122.07450031563748
OUT_07285,253.6486812604748
OUT_07286,121.50457719319442
OUT_07287,121.50457719319442
OUT_07288,122.07450031563748
OUT_07289,126.57717997367172
OUT_07290,122.07450031563748
OUT_07291,122.07450031563748
OUT_07292,121.50457719319442
OUT_07293,121.50457719319442
OUT_07294,121.50457719319442
OUT_07295,121.50457719319442
OUT_07296,121.50457719319442
OUT_07297,124.51064599197278
OUT_07298,124.51064599197278
OUT_07299,124.51064599197278
OUT_07300,174.42315765403234
OUT_07301,124.51064599197278
OUT_07302,124.51064599197278
OUT_07303,121.50457719319442
OUT_07304,122.07450031563748
OUT_07305,121.50457719319442
OUT_07306,124.51064599197278
OUT_07307,122.5076623025268
OUT_07308,124.51064599197278
OUT_07309,122.07450031563748
OUT_07310,124.51064599197278
OUT_07311,124.51064599197278
OUT_07312,121.50457719319442
OUT_07313,124.51064599197278
OUT_07314,122.07450031563748
OUT_07315,121.50457719319442
OUT_07316,246.35981668696493
OUT_07317,129.87477563128255
OUT_07318,121.50457719319442
OUT_07319,124.51064599197278
OUT_07320,121.50457719319442
OUT_07321,292.940022890124
OUT_07322,124.51064599197278
OUT_07323,122.07450031563748
OUT_07324,159.63106659053815
OUT_07325,124.51064599197278
OUT_07326,124.51064599197278
OUT_07327,163.44856353982905
OUT_07328,121.50457719319442
OUT_07329,122.07450031563748
OUT_07330,124.51064599197278
OUT_07331,121.50457719319442
OUT_07332,124.51064599197278
OUT_07333,121.50457719319442
OUT_07334,121.50457719319442
OUT_07335,124.51064599197278
OUT_07336,122.07450031563748
OUT_07337,121.50457719319442
OUT_07338,122.07450031563748
OUT_07339,122.07450031563748
OUT_07340,121.50457719319442
OUT_07341,121.50457719319442
OUT_07342,122.07450031563748
OUT_07343,121.50457719319442
OUT_07344,122.07450031563748
OUT_07345,121.50457719319442
OUT_07346,124.51064599197278
OUT_07347,122.07450031563748
OUT_07348,121.50457719319442
OUT_07349,121.50457719319442
OUT_07350,122.07450031563748
OUT_07351,122.07450031563748
OUT_07352,122.07450031563748
OUT_07353,122.07450031563748
OUT_07354,144.19136295553884
OUT_07355,121.50457719319442
OUT_07356,121.50457719319442
OUT_07357,121.50457719319442
OUT_07358,124.51064599197278
OUT_07359,122.07450031563748
OUT_07360,122.07450031563748
OUT_07361,121.50457719319442
OUT_07362,124.51064599197278
OUT_07363,121.50457719319442
OUT_07364,122.07450031563748
OUT_07365,124.51064599197278
OUT_07366,121.50457719319442
OUT_07367,121.50457719319442
OUT_07368,122.07450031563748
OUT_07369,122.07450031563748
OUT_07370,121.50457719319442
OUT_07371,121.50457719319442
OUT_07372,121.50457719319442
OUT_07373,122.07450031563748
OUT_07374,134.92846667912409
OUT_07375,121.50457719319442
OUT_07376,121.50457719319442
OUT_07377,121.50457719319442
OUT_07378,122.21750159402409
OUT_07379,121.50457719319442
OUT_07380,121.50457719319442
OUT_07381,121.50457719319442
OUT_07382,121.50457719319442
OUT_07383,121.50457719319442
OUT_07384,121.50457719319442
OUT_07385,121.50457719319442
OUT_07386,121.50457719319442
OUT_07387,121.50457719319442
OUT_07388,229.77632204394612
OUT_07389,121.50457719319442
OUT_07390,124.51064599197278
OUT_07391,211.37807607125168
OUT_07392,124.51064599197278
OUT_07393,121.50457719319442
OUT_07394,121.50457719319442
OUT_07395,121.50457719319442
OUT_07396,122.07450031563748
OUT_07397,121.50457719319442
OUT_07398,121.50457719319442
OUT_07399,124.51064599197278
OUT_07400,121.50457719319442
OUT_07401,122.07450031563748
OUT_07402,122.07450031563748
OUT_07403,121.50457719319442
OUT_07404,121.50457719319442
OUT_07405,121.50457719319442
OUT_07406,121.50457719319442
OUT_07407,122.07450031563748
OUT_07408,273.6501679399448
OUT_07409,121.50457719319442
OUT_07410,121.50457719319442
OUT_07411,124.51064599197278
OUT_07412,122.07450031563748
OUT_07413,124.51064599197278
OUT_07414,124.51064599197278
OUT_07415,121.50457719319442
OUT_07416,122.07450031563748
OUT_07417,235.34416448197425
OUT_07418,133.78086874287231
OUT_07419,124.51064599197278
OUT_07420,121.50457719319442
OUT_07421,121.50457719319442
OUT_07422,124.51064599197278
OUT_07423,122.07450031563748
OUT_07424,121.50457719319442
OUT_07425,122.07450031563748
OUT_07426,121.50457719319442
OUT_07427,122.07450031563748
OUT_07428,121.50457719319442
OUT_07429,121.50457719319442
OUT_07430,124.51064599197278
OUT_07431,121.50457719319442
OUT_07432,134.41479037895928
OUT_07433,121.50457719319442
OUT_07434,121.50457719319442
OUT_07435,121.50457719319442
OUT_07436,124.51064599197278
OUT_07437,121.50457719319442
OUT_07438,121.50457719319442
OUT_07439,121.50457719319442
OUT_07440,124.51064599197278
OUT_07441,121.50457719319442
OUT_07442,121.50457719319442
OUT_07443,132.21677686618088
OUT_07444,122.07450031563748
OUT_07445,124.51064599197278
OUT_07446,121.50457719319442
OUT_07447,121.50457719319442
OUT_07448,121.50457719319442
OUT_07449,121.50457719319442
OUT_07450,124.51064599197278
OUT_07451,141.38952679214177
OUT_07452,122.07450031563748
OUT_07453,121.50457719319442
OUT_07454,121.50457719319442
OUT_07455,124.51064599197278
OUT_07456,128.28313266963664
OUT_07457,122.07450031563748
OUT_07458,121.50457719319442
OUT_07459,121.50457719319442
OUT_07460,122.07450031563748
OUT_07461,121.50457719319442
OUT_07462,121.50457719319442
OUT_07463,121.50457719319442
OUT_07464,121.50457719319442
OUT_07465,121.50457719319442
OUT_07466,121.50457719319442
OUT_07467,124.51064599197278
OUT_07468,122.07450031563748
OUT_07469,121.50457719319442
OUT_07470,121.50457719319442
OUT_07471,121.50457719319442
OUT_07472,122.07450031563748
OUT_07473,122.07450031563748
OUT_07474,250.9032505026874
OUT_07475,122.07450031563748
OUT_07476,121.50457719319442
OUT_07477,121.50457719319442
OUT_07478,121.50457719319442
OUT_07479,121.50457719319442
OUT_07480,121.50457719319442
OUT_07481,121.50457719319442
OUT_07482,124.51064599197278
OUT_07483,124.51064599197278
OUT_07484,121.50457719319442
OUT_07485,122.07450031563748
OUT_07486,121.50457719319442
OUT_07487,122.07450031563748
OUT_07488,121.50457719319442
OUT_07489,121.50457719319442
OUT_07490,131.0714942559959
OUT_07491,121.50457719319442
OUT_07492,249.49703851181604
OUT_07493,121.50457719319442
OUT_07494,122.07450031563748
OUT_07495,122.07450031563748
OUT_07496,124.51064599197278
OUT_07497,122.07450031563748
OUT_07498,124.51064599197278
OUT_07499,121.50457719319442
OUT_07500,124.51064599197278
OUT_07501,121.50457719319442
OUT_07502,121.50457719319442
OUT_07503,121.50457719319442
OUT_07504,232.5028342240578
OUT_07505,142.5449879055501
OUT_07506,122.07450031563748
OUT_07507,122.07450031563748
OUT_07508,124.51064599197278
OUT_07509,121.50457719319442
OUT_07510,121.50457719319442
OUT_07511,122.07450031563748
OUT_07512,124.51064599197278
OUT_07513,121.50457719319442
OUT_07514,122.07450031563748
OUT_07515,122.49328653279208
OUT_07516,121.50457719319442
OUT_07517,121.50457719319442
OUT_07518,122.07450031563748
OUT_07519,275.2393693346677
OUT_07520,124.51064599197278
OUT_07521,124.51064599197278
OUT_07522,124.51064599197278
OUT_07523,121.50457719319442
OUT_07524,121.50457719319442
OUT_07525,122.07450031563748
OUT_07526,121.50457719319442
OUT_07527,124.51064599197278
OUT_07528,124.51064599197278
OUT_07529,121.50457719319442
OUT_07530,121.50457719319442
OUT_07531,121.50457719319442
OUT_07532,122.07450031563748
OUT_07533,124.51064599197278
OUT_07534,124.51064599197278
OUT_07535,121.50457719319442
OUT_07536,121.50457719319442
OUT_07537,121.50457719319442
OUT_07538,121.50457719319442
OUT_07539,122.07450031563748
OUT_07540,121.50457719319442
OUT_07541,121.50457719319442
OUT_07542,121.50457719319442
OUT_07543,121.50457719319442
OUT_07544,122.07450031563748
OUT_07545,121.50457719319442
OUT_07546,322.47625711283064
OUT_07547,121.50457719319442
OUT_07548,121.50457719319442
OUT_07549,121.50457719319442
OUT_07550,124.51064599197278
OUT_07551,122.07450031563748
OUT_07552,122.07450031563748
OUT_07553,275.1200392136916
OUT_07554,121.50457719319442
OUT_07555,122.07450031563748
OUT_07556,121.50457719319442
OUT_07557,121.50457719319442
OUT_07558,121.50457719319442
OUT_07559,121.50457719319442
OUT_07560,121.50457719319442
OUT_07561,122.07450031563748
OUT_07562,121.50457719319442
OUT_07563,121.50457719319442
OUT_07564,124.51064599197278
OUT_07565,121.50457719319442
OUT_07566,122.07450031563748
OUT_07567,122.07450031563748
OUT_07568,121.50457719319442
OUT_07569,122.07450031563748
OUT_07570,121.50457719319442
OUT_07571,124.51064599197278
OUT_07572,124.51064599197278
OUT_07573,121.50457719319442
OUT_07574,121.50457719319442
OUT_07575,124.51064599197278
OUT_07576,122.07450031563748
OUT_07577,124.51064599197278
OUT_07578,121.50457719319442
OUT_07579,124.51064599197278
OUT_07580,124.51064599197278
OUT_07581,126.16837469575796
OUT_07582,124.51064599197278
OUT_07583,121.50457719319442
OUT_07584,121.50457719319442
OUT_07585,121.50457719319442
OUT_07586,122.07450031563748
OUT_07587,121.50457719319442
OUT_07588,121.50457719319442
OUT_07589,122.07450031563748
OUT_07590,171.12319266466002
OUT_07591,121.50457719319442
OUT_07592,121.50457719319442
OUT_07593,121.50457719319442
OUT_07594,121.50457719319442
OUT_07595,124.51064599197278
OUT_07596,124.51064599197278
OUT_07597,121.50457719319442
OUT_07598,121.50457719319442
OUT_07599,121.50457719319442
OUT_07600,124.51064599197278
OUT_07601,122.07450031563748
OUT_07602,122.07450031563748
OUT_07603,121.50457719319442
OUT_07604,355.50818282644786
OUT_07605,122.07450031563748
OUT_07606,121.50457719319442
OUT_07607,121.50457719319442
OUT_07608,121.50457719319442
OUT_07609,122.07450031563748
OUT_07610,122.07450031563748
OUT_07611,121.50457719319442
OUT_07612,121.50457719319442
OUT_07613,121.50457719319442
OUT_07614,124.51064599197278
OUT_07615,121.50457719319442
OUT_07616,121.50457719319442
OUT_07617,140.0779295101407
OUT_07618,124.51064599197278
OUT_07619,122.07450031563748
OUT_07620,121.50457719319442
OUT_07621,124.51064599197278
OUT_07622,121.50457719319442
OUT_07623,124.51064599197278
OUT_07624,121.50457719319442
OUT_07625,121.50457719319442
OUT_07626,124.51064599197278
OUT_07627,121.50457719319442
OUT_07628,121.50457719319442
OUT_07629,200.93874399535864
OUT_07630,121.50457719319442
OUT_07631,121.50457719319442
OUT_07632,122.07450031563748
OUT_07633,121.50457719319442
OUT_07634,121.50457719319442
OUT_07635,157.5305193387552
OUT_07636,125.21774369724764
OUT_07637,121.50457719319442
OUT_07638,121.50457719319442
OUT_07639,264.45677347909805
OUT_07640,121.50457719319442
OUT_07641,121.50457719319442
OUT_07642,124.51064599197278
OUT_07643,121.50457719319442
OUT_07644,124.51064599197278
OUT_07645,121.50457719319442
OUT_07646,121.50457719319442
OUT_07647,122.07450031563748
OUT_07648,121.50457719319442
OUT_07649,121.50457719319442
OUT_07650,122.07450031563748
OUT_07651,121.50457719319442
OUT_07652,122.07450031563748
OUT_07653,121.50457719319442
OUT_07654,121.50457719319442
OUT_07655,346.1839083602821
OUT_07656,121.50457719319442
OUT_07657,121.50457719319442
OUT_07658,252.62227528415696
OUT_07659,121.50457719319442
OUT_07660,121.50457719319442
OUT_07661,121.50457719319442
OUT_07662,121.50457719319442
OUT_07663,121.50457719319442
OUT_07664,122.07450031563748
OUT_07665,121.50457719319442
OUT_07666,121.50457719319442
OUT_07667,121.50457719319442
OUT_07668,122.07450031563748
OUT_07669,124.51064599197278
OUT_07670,124.51064599197278
OUT_07671,130.88361161731444
OUT_07672,121.50457719319442
OUT_07673,121.50457719319442
OUT_07674,122.07450031563748
OUT_07675,121.50457719319442
OUT_07676,121.50457719319442
OUT_07677,121.50457719319442
OUT_07678,124.51064599197278
OUT_07679,124.51064599197278
OUT_07680,121.50457719319442
OUT_07681,124.51064599197278
OUT_07682,121.50457719319442
OUT_07683,124.51064599197278
OUT_07684,122.07450031563748
OUT_07685,140.71198952930544
OUT_07686,124.51064599197278
OUT_07687,270.8268090234332
OUT_07688,196.0316888935453
OUT_07689,121.50457719319442
OUT_07690,122.07450031563748
OUT_07691,121.50457719319442
OUT_07692,121.50457719319442
OUT_07693,121.50457719319442
OUT_07694,121.50457719319442
OUT_07695,121.50457719319442
OUT_07696,122.07450031563748
OUT_07697,121.50457719319442
OUT_07698,121.50457719319442
OUT_07699,122.07450031563748
OUT_07700,121.50457719319442
OUT_07701,124.51064599197278
OUT_07702,121.50457719319442
OUT_07703,295.8529052617779
OUT_07704,162.89879298951178
OUT_07705,121.50457719319442
OUT_07706,121.50457719319442
OUT_07707,121.50457719319442
OUT_07708,121.50457719319442
OUT_07709,124.51064599197278
OUT_07710,121.50457719319442
OUT_07711,124.51064599197278
OUT_07712,121.50457719319442
OUT_07713,124.51064599197278
OUT_07714,121.50457719319442
OUT_07715,122.07450031563748
OUT_07716,121.50457719319442
OUT_07717,121.50457719319442
OUT_07718,121.50457719319442
OUT_07719,121.50457719319442
OUT_07720,303.03335435807367
OUT_07721,121.50457719319442
OUT_07722,142.76396558419876
OUT_07723,121.50457719319442
OUT_07724,121.50457719319442
OUT_07725,124.51064599197278
OUT_07726,121.50457719319442
OUT_07727,122.07450031563748
OUT_07728,122.07450031563748
OUT_07729,122.07450031563748
OUT_07730,121.50457719319442
OUT_07731,121.50457719319442
OUT_07732,121.50457719319442
OUT_07733,121.50457719319442
OUT_07734,121.50457719319442
OUT_07735,121.50457719319442
OUT_07736,290.0815989514245
OUT_07737,121.50457719319442
OUT_07738,121.50457719319442
OUT_07739,124.51064599197278
OUT_07740,122.07450031563748
OUT_07741,121.50457719319442
OUT_07742,150.89221161811128
OUT_07743,121.50457719319442
OUT_07744,124.51064599197278
OUT_07745,124.51064599197278
OUT_07746,121.50457719319442
OUT_07747,121.50457719319442
OUT_07748,121.50457719319442
OUT_07749,121.50457719319442
OUT_07750,121.50457719319442
OUT_07751,122.07450031563748
OUT_07752,122.07450031563748
OUT_07753,121.50457719319442
OUT_07754,121.50457719319442
OUT_07755,121.50457719319442
OUT_07756,124.51064599197278
OUT_07757,121.50457719319442
OUT_07758,121.50457719319442
OUT_07759,121.50457719319442
OUT_07760,121.50457719319442
OUT_07761,121.50457719319442
OUT_07762,265.0758745994507
OUT_07763,121.50457719319442
OUT_07764,124.51064599197278
OUT_07765,225.9842567750569
OUT_07766,121.50457719319442
OUT_07767,122.07450031563748
OUT_07768,122.07450031563748
OUT_07769,126.81084724614486
OUT_07770,121.50457719319442
OUT_07771,121.50457719319442
OUT_07772,122.07450031563748
OUT_07773,122.07450031563748
OUT_07774,121.50457719319442
OUT_07775,121.50457719319442
OUT_07776,121.50457719319442
OUT_07777,121.50457719319442
OUT_07778,122.07450031563748
OUT_07779,124.51064599197278
OUT_07780,121.50457719319442
OUT_07781,124.51064599197278
OUT_07782,122.07450031563748
OUT_07783,121.50457719319442
OUT_07784,121.50457719319442
OUT_07785,122.07450031563748
OUT_07786,125.99204344134216
OUT_07787,121.50457719319442
OUT_07788,121.50457719319442
OUT_07789,121.50457719319442
OUT_07790,121.50457719319442
OUT_07791,122.07450031563748
OUT_07792,124.51064599197278
OUT_07793,127.03189180852917
OUT_07794,121.50457719319442
OUT_07795,123.32938825767368
OUT_07796,267.4020420121914
OUT_07797,124.51064599197278
OUT_07798,121.50457719319442
OUT_07799,121.50457719319442
OUT_07800,122.07450031563748
OUT_07801,121.50457719319442
OUT_07802,121.50457719319442
OUT_07803,121.50457719319442
OUT_07804,124.51064599197278
OUT_07805,121.50457719319442
OUT_07806,121.50457719319442
OUT_07807,122.07450031563748
OUT_07808,121.50457719319442
OUT_07809,121.50457719319442
OUT_07810,167.4057477960307
OUT_07811,124.51064599197278
OUT_07812,121.50457719319442
OUT_07813,122.07450031563748
OUT_07814,121.50457719319442
OUT_07815,285.8223156913457
OUT_07816,121.50457719319442
OUT_07817,121.50457719319442
OUT_07818,121.50457719319442
OUT_07819,121.50457719319442
OUT_07820,121.50457719319442
OUT_07821,121.50457719319442
OUT_07822,121.50457719319442
OUT_07823,146.87461108337732
OUT_07824,121.50457719319442
OUT_07825,124.51064599197278
OUT_07826,121.50457719319442
OUT_07827,124.51064599197278
OUT_07828,121.50457719319442
OUT_07829,121.50457719319442
OUT_07830,121.50457719319442
OUT_07831,124.51064599197278
OUT_07832,187.8217685449084
OUT_07833,121.50457719319442
OUT_07834,124.51064599197278
OUT_07835,121.50457719319442
OUT_07836,121.50457719319442
OUT_07837,312.7606522146899
OUT_07838,121.50457719319442
OUT_07839,121.50457719319442
OUT_07840,121.50457719319442
OUT_07841,121.50457719319442
OUT_07842,121.50457719319442
OUT_07843,121.50457719319442
OUT_07844,124.51064599197278
OUT_07845,124.51064599197278
OUT_07846,121.50457719319442
OUT_07847,122.07450031563748
OUT_07848,124.51064599197278
OUT_07849,121.50457719319442
OUT_07850,121.50457719319442
OUT_07851,121.50457719319442
OUT_07852,121.50457719319442
OUT_07853,122.07450031563748
OUT_07854,121.50457719319442
OUT_07855,121.50457719319442
OUT_07856,121.50457719319442
OUT_07857,124.51064599197278
OUT_07858,121.50457719319442
OUT_07859,137.30421473965748
OUT_07860,121.50457719319442
OUT_07861,121.50457719319442
OUT_07862,122.07450031563748
OUT_07863,121.50457719319442
OUT_07864,121.50457719319442
OUT_07865,121.50457719319442
OUT_07866,121.50457719319442
OUT_07867,121.50457719319442
OUT_07868,121.50457719319442
OUT_07869,121.50457719319442
OUT_07870,121.50457719319442
OUT_07871,124.51064599197278
OUT_07872,124.51064599197278
OUT_07873,121.50457719319442
OUT_07874,121.50457719319442
OUT_07875,121.50457719319442
OUT_07876,372.47887015533166
OUT_07877,286.2138956376332
OUT_07878,121.50457719319442
OUT_07879,124.51064599197278
OUT_07880,325.92446030517385
OUT_07881,121.50457719319442
OUT_07882,121.50457719319442
OUT_07883,121.50457719319442
OUT_07884,122.07450031563748
OUT_07885,121.50457719319442
OUT_07886,121.50457719319442
OUT_07887,124.51064599197278
OUT_07888,121.50457719319442
OUT_07889,121.50457719319442
OUT_07890,121.50457719319442
OUT_07891,122.07450031563748
OUT_07892,124.51064599197278
OUT_07893,121.50457719319442
OUT_07894,124.51064599197278
OUT_07895,122.07450031563748
OUT_07896,224.98986586135956
OUT_07897,121.50457719319442
OUT_07898,121.50457719319442
OUT_07899,121.50457719319442
OUT_07900,121.50457719319442
OUT_07901,124.51064599197278
OUT_07902,121.50457719319442
OUT_07903,124.51064599197278
OUT_07904,122.07450031563748
OUT_07905,121.50457719319442
OUT_07906,121.50457719319442
OUT_07907,122.07450031563748
OUT_07908,134.82129513462465
OUT_07909,121.50457719319442
OUT_07910,122.07450031563748
OUT_07911,121.50457719319442
OUT_07912,121.50457719319442
OUT_07913,122.07450031563748
OUT_07914,124.51064599197278
OUT_07915,121.50457719319442
OUT_07916,178.24190080241672
OUT_07917,121.50457719319442
OUT_07918,124.51064599197278
OUT_07919,124.51064599197278
OUT_07920,124.51064599197278
OUT_07921,122.07450031563748
OUT_07922,121.50457719319442
OUT_07923,288.94375387156595
OUT_07924,121.50457719319442
OUT_07925,277.14536346127665
OUT_07926,121.50457719319442
OUT_07927,124.51064599197278
OUT_07928,124.51064599197278
OUT_07929,121.50457719319442
OUT_07930,121.50457719319442
OUT_07931,122.07450031563748
OUT_07932,124.51064599197278
OUT_07933,122.07450031563748
OUT_07934,122.07450031563748
OUT_07935,135.43712869890427
OUT_07936,124.51064599197278
OUT_07937,121.50457719319442
OUT_07938,161.09609638013632
OUT_07939,121.50457719319442
OUT_07940,124.51064599197278
OUT_07941,121.50457719319442
OUT_07942,122.07450031563748
OUT_07943,122.07450031563748
OUT_07944,124.51064599197278
OUT_07945,121.50457719319442
OUT_07946,122.07450031563748
OUT_07947,121.50457719319442
OUT_07948,122.07450031563748
OUT_07949,121.50457719319442
OUT_07950,121.50457719319442
OUT_07951,121.50457719319442
OUT_07952,121.50457719319442
OUT_07953,122.07450031563748
OUT_07954,121.50457719319442
OUT_07955,121.50457719319442
OUT_07956,124.51064599197278
OUT_07957,121.50457719319442
OUT_07958,122.07450031563748
OUT_07959,121.50457719319442
OUT_07960,121.50457719319442
OUT_07961,121.50457719319442
OUT_07962,121.50457719319442
OUT_07963,121.50457719319442
OUT_07964,121.50457719319442
OUT_07965,121.50457719319442
OUT_07966,122.07450031563748
OUT_07967,161.8249650989765
OUT_07968,124.51064599197278
OUT_07969,122.07450031563748
OUT_07970,124.51064599197278
OUT_07971,122.07450031563748
OUT_07972,121.50457719319442
OUT_07973,122.07450031563748
OUT_07974,121.50457719319442
OUT_07975,122.07450031563748
OUT_07976,121.50457719319442
OUT_07977,121.50457719319442
OUT_07978,121.50457719319442
OUT_07979,122.07450031563748
OUT_07980,295.70991006104924
OUT_07981,121.50457719319442
OUT_07982,124.51064599197278
OUT_07983,124.51064599197278
OUT_07984,121.50457719319442
OUT_07985,129.20725122109684
OUT_07986,122.07450031563748
OUT_07987,121.50457719319442
OUT_07988,124.51064599197278
OUT_07989,121.50457719319442
OUT_07990,121.50457719319442
OUT_07991,124.51064599197278
OUT_07992,121.50457719319442
OUT_07993,160.07059818219372
OUT_07994,121.50457719319442
OUT_07995,121.50457719319442
OUT_07996,121.50457719319442
OUT_07997,121.50457719319442
OUT_07998,124.51064599197278
OUT_07999,121.50457719319442
OUT_08000,121.50457719319442
OUT_08001,121.50457719319442
OUT_08002,121.50457719319442
OUT_08003,124.51064599197278
OUT_08004,121.50457719319442
OUT_08005,121.50457719319442
OUT_08006,121.50457719319442
OUT_08007,124.51064599197278
OUT_08008,124.51064599197278
OUT_08009,121.50457719319442
OUT_08010,121.50457719319442
OUT_08011,124.51064599197278
OUT_08012,121.50457719319442
OUT_08013,121.50457719319442
OUT_08014,121.50457719319442
OUT_08015,154.54087361281998
OUT_08016,121.50457719319442
OUT_08017,121.50457719319442
OUT_08018,122.07450031563748
OUT_08019,121.50457719319442
OUT_08020,121.50457719319442
OUT_08021,121.50457719319442
OUT_08022,121.50457719319442
OUT_08023,122.07450031563748
OUT_08024,124.51064599197278
OUT_08025,124.51064599197278
OUT_08026,122.07450031563748
OUT_08027,121.50457719319442
OUT_08028,122.07450031563748
OUT_08029,121.50457719319442
OUT_08030,155.95033070492804
OUT_08031,121.50457719319442
OUT_08032,261.9255571193757
OUT_08033,226.89987858685816
OUT_08034,121.50457719319442
OUT_08035,122.07450031563748
OUT_08036,122.07450031563748
OUT_08037,121.50457719319442
OUT_08038,122.07450031563748
OUT_08039,121.50457719319442
OUT_08040,121.50457719319442
OUT_08041,124.59717138803246
OUT_08042,121.50457719319442
OUT_08043,122.07450031563748
OUT_08044,121.50457719319442
OUT_08045,200.81988875366628
OUT_08046,124.51064599197278
OUT_08047,258.3381797399103
OUT_08048,121.50457719319442
OUT_08049,124.51064599197278
OUT_08050,121.50457719319442
OUT_08051,124.51064599197278
OUT_08052,121.50457719319442
OUT_08053,122.07450031563748
OUT_08054,121.50457719319442
OUT_08055,121.50457719319442
OUT_08056,122.07450031563748
OUT_08057,121.50457719319442
OUT_08058,121.50457719319442
OUT_08059,122.65212607421672
OUT_08060,124.51064599197278
OUT_08061,124.51064599197278
OUT_08062,123.86546814246888
OUT_08063,121.50457719319442
OUT_08064,124.51064599197278
OUT_08065,124.51064599197278
OUT_08066,131.37413445872377
OUT_08067,156.46040398619408
OUT_08068,121.50457719319442
OUT_08069,122.07450031563748
OUT_08070,121.50457719319442
OUT_08071,121.50457719319442
OUT_08072,121.50457719319442
OUT_08073,121.50457719319442
OUT_08074,121.50457719319442
OUT_08075,121.50457719319442
OUT_08076,121.50457719319442
OUT_08077,121.50457719319442
OUT_08078,121.50457719319442
OUT_08079,216.8183132467313
OUT_08080,121.50457719319442
OUT_08081,124.51064599197278
OUT_08082,124.51064599197278
OUT_08083,122.07450031563748
OUT_08084,121.50457719319442
OUT_08085,121.50457719319442
OUT_08086,122.07450031563748
OUT_08087,122.07450031563748
OUT_08088,122.07450031563748
OUT_08089,121.50457719319442
OUT_08090,216.0926481837911
OUT_08091,122.07450031563748
OUT_08092,124.51064599197278
OUT_08093,121.50457719319442
OUT_08094,122.07450031563748
OUT_08095,121.50457719319442
OUT_08096,121.50457719319442
OUT_08097,125.72974519221027
OUT_08098,121.50457719319442
OUT_08099,154.80718228690225
OUT_08100,247.96882860758257
OUT_08101,121.50457719319442
OUT_08102,121.50457719319442
OUT_08103,121.50457719319442
OUT_08104,121.50457719319442
OUT_08105,121.50457719319442
OUT_08106,121.50457719319442
OUT_08107,121.50457719319442
OUT_08108,124.51064599197278
OUT_08109,316.93204306972564
OUT_08110,124.51064599197278
OUT_08111,121.50457719319442
OUT_08112,121.50457719319442
OUT_08113,121.50457719319442
OUT_08114,124.51064599197278
OUT_08115,121.50457719319442
OUT_08116,121.50457719319442
OUT_08117,121.50457719319442
OUT_08118,121.50457719319442
OUT_08119,124.51064599197278
OUT_08120,121.50457719319442
OUT_08121,121.50457719319442
OUT_08122,122.07450031563748
OUT_08123,121.50457719319442
OUT_08124,124.51064599197278
OUT_08125,121.50457719319442
OUT_08126,124.51064599197278
OUT_08127,121.50457719319442
OUT_08128,164.4876918287009
OUT_08129,124.51064599197278
OUT_08130,121.50457719319442
OUT_08131,133.83652923402042
OUT_08132,122.07450031563748
OUT_08133,121.50457719319442
OUT_08134,121.50457719319442
OUT_08135,124.51064599197278
OUT_08136,121.50457719319442
OUT_08137,121.50457719319442
OUT_08138,141.21620078561884
OUT_08139,122.07450031563748
OUT_08140,121.50457719319442
OUT_08141,124.51064599197278
OUT_08142,122.07450031563748
OUT_08143,121.50457719319442
OUT_08144,122.07450031563748
OUT_08145,121.50457719319442
OUT_08146,121.50457719319442
OUT_08147,124.51064599197278
OUT_08148,121.50457719319442
OUT_08149,121.50457719319442
OUT_08150,121.50457719319442
OUT_08151,122.07450031563748
OUT_08152,121.50457719319442
OUT_08153,121.50457719319442
OUT_08154,122.07450031563748
OUT_08155,121.50457719319442
OUT_08156,121.50457719319442
OUT_08157,124.51064599197278
OUT_08158,121.50457719319442
OUT_08159,230.39606087688787
OUT_08160,124.98539618145465
OUT_08161,124.51064599197278
OUT_08162,121.50457719319442
OUT_08163,121.50457719319442
OUT_08164,121.50457719319442
OUT_08165,124.51064599197278
OUT_08166,121.50457719319442
OUT_08167,124.51064599197278
OUT_08168,122.07450031563748
OUT_08169,124.51064599197278
OUT_08170,121.50457719319442
OUT_08171,121.50457719319442
OUT_08172,121.50457719319442
OUT_08173,124.51064599197278
OUT_08174,121.50457719319442
OUT_08175,121.50457719319442
OUT_08176,121.50457719319442
OUT_08177,122.07450031563748
OUT_08178,121.50457719319442
OUT_08179,131.8581505158023
OUT_08180,122.07450031563748
OUT_08181,121.50457719319442
OUT_08182,124.51064599197278
OUT_08183,124.51064599197278
OUT_08184,121.50457719319442
OUT_08185,121.50457719319442
OUT_08186,153.97806706526455
OUT_08187,137.34363236888842
OUT_08188,121.50457719319442
OUT_08189,121.50457719319442
OUT_08190,124.51064599197278
OUT_08191,121.50457719319442
OUT_08192,121.50457719319442
OUT_08193,121.50457719319442
OUT_08194,122.07450031563748
OUT_08195,121.50457719319442
OUT_08196,122.07450031563748
OUT_08197,121.50457719319442
OUT_08198,121.50457719319442
OUT_08199,121.50457719319442
OUT_08200,124.51064599197278
OUT_08201,351.8134207919939
OUT_08202,121.50457719319442
OUT_08203,121.50457719319442
OUT_08204,121.50457719319442
OUT_08205,124.51064599197278
OUT_08206,122.07450031563748
OUT_08207,121.50457719319442
OUT_08208,124.51064599197278
OUT_08209,121.50457719319442
OUT_08210,121.50457719319442
OUT_08211,121.50457719319442
OUT_08212,124.51064599197278
OUT_08213,124.51064599197278
OUT_08214,122.07450031563748
OUT_08215,121.50457719319442
OUT_08216,121.50457719319442
OUT_08217,124.51064599197278
OUT_08218,357.8294771890861
OUT_08219,121.50457719319442
OUT_08220,124.51064599197278
OUT_08221,121.50457719319442
OUT_08222,158.22527629734012
OUT_08223,121.50457719319442
OUT_08224,122.07450031563748
OUT_08225,155.17886196287338
OUT_08226,208.07191842792844
OUT_08227,167.48042175582947
OUT_08228,124.64674866958974
OUT_08229,121.50457719319442
OUT_08230,121.50457719319442
OUT_08231,224.20800156231016
OUT_08232,121.50457719319442
OUT_08233,122.07450031563748
OUT_08234,121.50457719319442
OUT_08235,121.50457719319442
OUT_08236,124.51064599197278
OUT_08237,122.07450031563748
OUT_08238,121.50457719319442
OUT_08239,121.50457719319442
OUT_08240,121.50457719319442
OUT_08241,121.50457719319442
OUT_08242,122.07450031563748
OUT_08243,121.50457719319442
OUT_08244,122.07450031563748
OUT_08245,122.07450031563748
OUT_08246,124.51064599197278
OUT_08247,124.51064599197278
OUT_08248,121.50457719319442
OUT_08249,121.50457719319442
OUT_08250,121.50457719319442
OUT_08251,124.51064599197278
OUT_08252,124.51064599197278
OUT_08253,124.51064599197278
OUT_08254,121.50457719319442
OUT_08255,121.50457719319442
OUT_08256,121.50457719319442
OUT_08257,122.07450031563748
OUT_08258,124.51064599197278
OUT_08259,121.50457719319442
OUT_08260,121.50457719319442
OUT_08261,121.50457719319442
OUT_08262,122.07450031563748
OUT_08263,121.50457719319442
OUT_08264,121.50457719319442
OUT_08265,121.50457719319442
OUT_08266,121.50457719319442
OUT_08267,121.50457719319442
OUT_08268,122.07450031563748
OUT_08269,121.50457719319442
OUT_08270,122.07450031563748
OUT_08271,126.7794838833354
OUT_08272,121.50457719319442
OUT_08273,139.73942338565058
OUT_08274,124.51064599197278
OUT_08275,124.51064599197278
OUT_08276,121.50457719319442
OUT_08277,122.07450031563748
OUT_08278,286.4201775238094
OUT_08279,121.50457719319442
OUT_08280,124.51064599197278
OUT_08281,139.34762417966255
OUT_08282,121.50457719319442
OUT_08283,121.50457719319442
OUT_08284,124.51064599197278
OUT_08285,121.50457719319442
OUT_08286,121.50457719319442
OUT_08287,121.50457719319442
OUT_08288,121.50457719319442
OUT_08289,121.50457719319442
OUT_08290,121.50457719319442
OUT_08291,121.50457719319442
OUT_08292,122.07450031563748
OUT_08293,121.50457719319442
OUT_08294,124.51064599197278
OUT_08295,124.51064599197278
OUT_08296,291.1963252069677
OUT_08297,124.51064599197278
OUT_08298,202.27421056442657
OUT_08299,121.50457719319442
OUT_08300,121.50457719319442
OUT_08301,124.51064599197278
OUT_08302,121.50457719319442
OUT_08303,122.07450031563748
OUT_08304,366.7450819154665
OUT_08305,124.51064599197278
OUT_08306,121.50457719319442
OUT_08307,133.19763821929382
OUT_08308,122.07450031563748
OUT_08309,121.50457719319442
OUT_08310,121.50457719319442
OUT_08311,121.50457719319442
OUT_08312,124.51064599197278
OUT_08313,122.07450031563748
OUT_08314,121.50457719319442
OUT_08315,121.50457719319442
OUT_08316,121.50457719319442
OUT_08317,121.50457719319442
OUT_08318,121.50457719319442
OUT_08319,122.07450031563748
OUT_08320,121.50457719319442
OUT_08321,121.50457719319442
OUT_08322,122.07450031563748
OUT_08323,122.07450031563748
OUT_08324,121.50457719319442
OUT_08325,121.50457719319442
OUT_08326,121.50457719319442
OUT_08327,121.50457719319442
OUT_08328,121.50457719319442
OUT_08329,122.07450031563748
OUT_08330,124.51064599197278
OUT_08331,121.50457719319442
OUT_08332,127.31158011042552
OUT_08333,124.51064599197278
OUT_08334,121.50457719319442
OUT_08335,121.50457719319442
OUT_08336,122.07450031563748
OUT_08337,121.50457719319442
OUT_08338,122.07450031563748
OUT_08339,121.50457719319442
OUT_08340,124.51064599197278
OUT_08341,124.51064599197278
OUT_08342,121.50457719319442
OUT_08343,121.50457719319442
OUT_08344,121.50457719319442
OUT_08345,121.50457719319442
OUT_08346,121.50457719319442
OUT_08347,121.50457719319442
OUT_08348,121.50457719319442
OUT_08349,122.07450031563748
OUT_08350,121.50457719319442
OUT_08351,124.51064599197278
OUT_08352,124.51064599197278
OUT_08353,121.50457719319442
OUT_08354,121.50457719319442
OUT_08355,124.51064599197278
OUT_08356,124.51064599197278
OUT_08357,121.50457719319442
OUT_08358,121.50457719319442
OUT_08359,124.51064599197278
OUT_08360,121.50457719319442
OUT_08361,121.50457719319442
OUT_08362,124.51064599197278
OUT_08363,121.50457719319442
OUT_08364,122.07450031563748
OUT_08365,121.50457719319442
OUT_08366,121.50457719319442
OUT_08367,121.50457719319442
OUT_08368,124.51064599197278
OUT_08369,121.50457719319442
OUT_08370,121.50457719319442
OUT_08371,121.50457719319442
OUT_08372,121.50457719319442
OUT_08373,121.50457719319442
OUT_08374,124.51064599197278
OUT_08375,124.51064599197278
OUT_08376,121.50457719319442
OUT_08377,124.51064599197278
OUT_08378,121.50457719319442
OUT_08379,121.50457719319442
OUT_08380,121.50457719319442
OUT_08381,121.50457719319442
OUT_08382,122.07450031563748
OUT_08383,121.50457719319442
OUT_08384,121.50457719319442
OUT_08385,121.50457719319442
OUT_08386,121.50457719319442
OUT_08387,124.51064599197278
OUT_08388,124.51064599197278
OUT_08389,121.50457719319442
OUT_08390,121.50457719319442
OUT_08391,121.50457719319442
OUT_08392,121.50457719319442
OUT_08393,121.50457719319442
OUT_08394,121.50457719319442
OUT_08395,121.50457719319442
OUT_08396,121.50457719319442
OUT_08397,121.50457719319442
OUT_08398,121.50457719319442
OUT_08399,124.51064599197278
OUT_08400,167.93458767389163
OUT_08401,121.50457719319442
OUT_08402,293.27809377864315
OUT_08403,121.50457719319442
OUT_08404,122.07450031563748
OUT_08405,121.50457719319442
OUT_08406,121.50457719319442
OUT_08407,122.07450031563748
OUT_08408,121.50457719319442
OUT_08409,121.50457719319442
OUT_08410,121.50457719319442
OUT_08411,124.51064599197278
OUT_08412,122.07450031563748
OUT_08413,121.50457719319442
OUT_08414,121.50457719319442
OUT_08415,122.07450031563748
OUT_08416,121.50457719319442
OUT_08417,121.50457719319442
OUT_08418,121.50457719319442
OUT_08419,121.50457719319442
OUT_08420,121.50457719319442
OUT_08421,121.50457719319442
OUT_08422,121.50457719319442
OUT_08423,121.50457719319442
OUT_08424,121.50457719319442
OUT_08425,124.51064599197278
OUT_08426,121.50457719319442
OUT_08427,129.74153730926014
OUT_08428,121.50457719319442
OUT_08429,122.07450031563748
OUT_08430,121.50457719319442
OUT_08431,121.50457719319442
OUT_08432,263.62940952263835
OUT_08433,122.07450031563748
OUT_08434,121.50457719319442
OUT_08435,124.51064599197278
OUT_08436,124.51064599197278
OUT_08437,122.07450031563748
OUT_08438,124.51064599197278
OUT_08439,121.50457719319442
OUT_08440,121.50457719319442
OUT_08441,121.50457719319442
OUT_08442,209.7557012579129
OUT_08443,122.07450031563748
OUT_08444,121.50457719319442
OUT_08445,122.07450031563748
OUT_08446,121.50457719319442
OUT_08447,121.50457719319442
OUT_08448,121.50457719319442
OUT_08449,139.03434470091614
OUT_08450,121.50457719319442
OUT_08451,121.50457719319442
OUT_08452,214.9674516720412
OUT_08453,121.50457719319442
OUT_08454,121.50457719319442
OUT_08455,121.50457719319442
OUT_08456,124.51064599197278
OUT_08457,121.50457719319442
OUT_08458,127.01494283187546
OUT_08459,122.07450031563748
OUT_08460,121.50457719319442
OUT_08461,121.50457719319442
OUT_08462,121.50457719319442
OUT_08463,121.50457719319442
OUT_08464,158.46522453934526
OUT_08465,121.50457719319442
OUT_08466,121.50457719319442
OUT_08467,122.07450031563748
OUT_08468,122.07450031563748
OUT_08469,122.07450031563748
OUT_08470,121.50457719319442
OUT_08471,121.50457719319442
OUT_08472,121.50457719319442
OUT_08473,122.07450031563748
OUT_08474,124.51064599197278
OUT_08475,122.07450031563748
OUT_08476,121.50457719319442
OUT_08477,121.50457719319442
OUT_08478,121.50457719319442
OUT_08479,121.50457719319442
OUT_08480,121.50457719319442
OUT_08481,121.50457719319442
OUT_08482,121.50457719319442
OUT_08483,121.50457719319442
OUT_08484,313.0356863468069
OUT_08485,266.2720125434436
OUT_08486,122.07450031563748
OUT_08487,122.07450031563748
OUT_08488,122.07450031563748
OUT_08489,165.47161199275064
OUT_08490,121.50457719319442
OUT_08491,122.07450031563748
OUT_08492,121.50457719319442
OUT_08493,126.73599507381934
OUT_08494,121.50457719319442
OUT_08495,122.07450031563748
OUT_08496,121.50457719319442
OUT_08497,124.51064599197278
OUT_08498,121.50457719319442
OUT_08499,121.50457719319442
OUT_08500,121.50457719319442
OUT_08501,122.07450031563748
OUT_08502,121.50457719319442
OUT_08503,121.50457719319442
OUT_08504,121.50457719319442
OUT_08505,121.50457719319442
OUT_08506,124.51064599197278
OUT_08507,121.50457719319442
OUT_08508,121.50457719319442
OUT_08509,121.50457719319442
OUT_08510,121.50457719319442
OUT_08511,121.50457719319442
OUT_08512,124.61264933633532
OUT_08513,121.50457719319442
OUT_08514,121.50457719319442
OUT_08515,124.51064599197278
OUT_08516,122.07450031563748
OUT_08517,140.59025693389967
OUT_08518,121.50457719319442
OUT_08519,121.50457719319442
OUT_08520,121.50457719319442
OUT_08521,121.50457719319442
OUT_08522,121.50457719319442
OUT_08523,121.50457719319442
OUT_08524,121.50457719319442
OUT_08525,124.51064599197278
OUT_08526,193.0303922504519
OUT_08527,124.51064599197278
OUT_08528,124.51064599197278
OUT_08529,121.50457719319442
OUT_08530,121.50457719319442
OUT_08531,124.51064599197278
OUT_08532,122.07450031563748
OUT_08533,121.50457719319442
OUT_08534,121.50457719319442
OUT_08535,121.50457719319442
OUT_08536,121.50457719319442
OUT_08537,130.1403726868396
OUT_08538,124.51064599197278
OUT_08539,121.50457719319442
OUT_08540,160.29558380590433
OUT_08541,124.51064599197278
OUT_08542,122.07450031563748
OUT_08543,121.50457719319442
OUT_08544,121.50457719319442
OUT_08545,121.50457719319442
OUT_08546,121.50457719319442
OUT_08547,124.51064599197278
OUT_08548,122.07450031563748
OUT_08549,252.40008613449217
OUT_08550,121.50457719319442
OUT_08551,121.50457719319442
OUT_08552,121.50457719319442
OUT_08553,122.07450031563748
OUT_08554,121.50457719319442
OUT_08555,134.55626808804814
OUT_08556,122.07450031563748
OUT_08557,122.07450031563748
OUT_08558,121.50457719319442
OUT_08559,122.0692276652758
OUT_08560,122.07450031563748
OUT_08561,121.50457719319442
OUT_08562,121.50457719319442
OUT_08563,121.50457719319442
OUT_08564,137.2999169094065
OUT_08565,159.5150073592818
OUT_08566,121.50457719319442
OUT_08567,121.50457719319442
OUT_08568,121.50457719319442
OUT_08569,121.50457719319442
OUT_08570,121.50457719319442
OUT_08571,124.51064599197278
OUT_08572,124.51064599197278
OUT_08573,121.50457719319442
OUT_08574,121.50457719319442
OUT_08575,121.50457719319442
OUT_08576,124.51064599197278
OUT_08577,124.51064599197278
OUT_08578,121.50457719319442
OUT_08579,121.50457719319442
OUT_08580,121.50457719319442
OUT_08581,124.51064599197278
OUT_08582,121.50457719319442
OUT_08583,267.51405371077794
OUT_08584,121.50457719319442
OUT_08585,124.51064599197278
OUT_08586,121.50457719319442
OUT_08587,122.07450031563748
OUT_08588,124.51064599197278
OUT_08589,121.50457719319442
OUT_08590,121.50457719319442
OUT_08591,124.51064599197278
OUT_08592,121.50457719319442
OUT_08593,121.50457719319442
OUT_08594,121.50457719319442
OUT_08595,122.07450031563748
OUT_08596,121.50457719319442
OUT_08597,121.50457719319442
OUT_08598,121.50457719319442
OUT_08599,121.50457719319442
OUT_08600,121.50457719319442
OUT_08601,121.50457719319442
OUT_08602,121.50457719319442
OUT_08603,121.50457719319442
OUT_08604,124.51064599197278
OUT_08605,124.51064599197278
OUT_08606,137.8653089449275
OUT_08607,121.50457719319442
OUT_08608,121.50457719319442
OUT_08609,121.50457719319442
OUT_08610,121.50457719319442
OUT_08611,122.07450031563748
OUT_08612,122.07450031563748
OUT_08613,121.50457719319442
OUT_08614,370.9017783423
OUT_08615,121.50457719319442
OUT_08616,121.50457719319442
OUT_08617,122.07450031563748
OUT_08618,121.50457719319442
OUT_08619,122.07450031563748
OUT_08620,121.50457719319442
OUT_08621,124.51064599197278
OUT_08622,122.07450031563748
OUT_08623,124.51064599197278
OUT_08624,124.51064599197278
OUT_08625,348.80146326225344
OUT_08626,121.50457719319442
OUT_08627,121.50457719319442
OUT_08628,121.50457719319442
OUT_08629,124.51064599197278
OUT_08630,121.50457719319442
OUT_08631,122.07450031563748
OUT_08632,121.50457719319442
OUT_08633,122.07450031563748
OUT_08634,122.07450031563748
OUT_08635,124.51064599197278
OUT_08636,216.31509022656755
OUT_08637,124.51064599197278
OUT_08638,121.50457719319442
OUT_08639,121.50457719319442
OUT_08640,121.50457719319442
OUT_08641,121.50457719319442
OUT_08642,121.50457719319442
OUT_08643,121.50457719319442
OUT_08644,121.50457719319442
OUT_08645,122.07450031563748
OUT_08646,121.50457719319442
OUT_08647,145.67860354420503
OUT_08648,121.50457719319442
OUT_08649,124.51064599197278
OUT_08650,122.07450031563748
OUT_08651,289.1656876489776
OUT_08652,132.09113103220247
OUT_08653,122.07450031563748
OUT_08654,121.50457719319442
OUT_08655,121.50457719319442
OUT_08656,121.50457719319442
OUT_08657,124.51064599197278
OUT_08658,166.8824704759236
OUT_08659,121.50457719319442
OUT_08660,325.8168035216392
OUT_08661,121.50457719319442
OUT_08662,122.07450031563748
OUT_08663,121.50457719319442
OUT_08664,122.07450031563748
OUT_08665,121.68159268324013
OUT_08666,202.097639901774
OUT_08667,121.50457719319442
OUT_08668,121.50457719319442
OUT_08669,124.51064599197278
OUT_08670,121.50457719319442
OUT_08671,122.07450031563748
OUT_08672,124.51064599197278
OUT_08673,124.51064599197278
OUT_08674,122.07450031563748
OUT_08675,121.50457719319442
OUT_08676,267.69829840744774
OUT_08677,124.51064599197278
OUT_08678,121.50457719319442
OUT_08679,121.50457719319442
OUT_08680,121.50457719319442
OUT_08681,124.51064599197278
OUT_08682,135.31731841250237
OUT_08683,121.50457719319442
OUT_08684,121.50457719319442
OUT_08685,121.50457719319442
OUT_08686,121.50457719319442
OUT_08687,124.51064599197278
OUT_08688,122.07450031563748
OUT_08689,124.51064599197278
OUT_08690,121.50457719319442
OUT_08691,121.50457719319442
OUT_08692,122.07450031563748
OUT_08693,121.50457719319442
OUT_08694,122.07450031563748
OUT_08695,121.50457719319442
OUT_08696,121.50457719319442
OUT_08697,124.51064599197278
OUT_08698,121.50457719319442
OUT_08699,122.07450031563748
OUT_08700,121.50457719319442
OUT_08701,121.50457719319442
OUT_08702,122.07450031563748
OUT_08703,121.50457719319442
OUT_08704,139.0432917880457
OUT_08705,121.50457719319442
OUT_08706,122.07450031563748
OUT_08707,121.50457719319442
OUT_08708,124.51064599197278
OUT_08709,121.50457719319442
OUT_08710,121.50457719319442
OUT_08711,122.07450031563748
OUT_08712,122.07450031563748
OUT_08713,124.51064599197278
OUT_08714,124.51064599197278
OUT_08715,121.50457719319442
OUT_08716,283.11762478505244
OUT_08717,121.50457719319442
OUT_08718,121.50457719319442
OUT_08719,124.51064599197278
OUT_08720,121.50457719319442
OUT_08721,124.51064599197278
OUT_08722,121.50457719319442
OUT_08723,121.50457719319442
OUT_08724,121.50457719319442
OUT_08725,121.50457719319442
OUT_08726,121.50457719319442
OUT_08727,121.50457719319442
OUT_08728,122.07450031563748
OUT_08729,121.50457719319442
OUT_08730,121.50457719319442
OUT_08731,121.50457719319442
OUT_08732,121.50457719319442
OUT_08733,121.50457719319442
OUT_08734,121.50457719319442
OUT_08735,121.50457719319442
OUT_08736,121.50457719319442
OUT_08737,121.50457719319442
OUT_08738,121.50457719319442
OUT_08739,258.6048318154146
OUT_08740,121.50457719319442
OUT_08741,122.07450031563748
OUT_08742,121.50457719319442
OUT_08743,124.51064599197278
OUT_08744,124.51064599197278
OUT_08745,121.50457719319442
OUT_08746,121.50457719319442
OUT_08747,124.51064599197278
OUT_08748,121.50457719319442
OUT_08749,124.51064599197278
OUT_08750,121.50457719319442
OUT_08751,121.50457719319442
OUT_08752,121.50457719319442
OUT_08753,121.50457719319442
OUT_08754,122.07450031563748
OUT_08755,121.50457719319442
OUT_08756,124.51064599197278
OUT_08757,121.50457719319442
OUT_08758,121.50457719319442
OUT_08759,142.54183779622272
OUT_08760,121.50457719319442
OUT_08761,137.96605425121734
OUT_08762,121.50457719319442
OUT_08763,121.50457719319442
OUT_08764,121.50457719319442
OUT_08765,121.50457719319442
OUT_08766,121.50457719319442
OUT_08767,122.07450031563748
OUT_08768,121.50457719319442
OUT_08769,121.50457719319442
OUT_08770,121.50457719319442
OUT_08771,121.50457719319442
OUT_08772,121.50457719319442
OUT_08773,122.07450031563748
OUT_08774,122.07450031563748
OUT_08775,124.51064599197278
OUT_08776,153.84067797364915
OUT_08777,122.07450031563748
OUT_08778,121.50457719319442
OUT_08779,121.50457719319442
OUT_08780,124.51064599197278
OUT_08781,124.51064599197278
OUT_08782,122.07450031563748
OUT_08783,121.50457719319442
OUT_08784,124.51064599197278
OUT_08785,122.07450031563748
OUT_08786,121.50457719319442
OUT_08787,121.50457719319442
OUT_08788,121.50457719319442
OUT_08789,124.51064599197278
OUT_08790,121.50457719319442
OUT_08791,121.50457719319442
OUT_08792,124.51064599197278
OUT_08793,121.50457719319442
OUT_08794,121.50457719319442
OUT_08795,124.51064599197278
OUT_08796,121.50457719319442
OUT_08797,121.50457719319442
OUT_08798,121.50457719319442
OUT_08799,121.50457719319442
OUT_08800,121.50457719319442
OUT_08801,121.50457719319442
OUT_08802,124.51064599197278
OUT_08803,121.50457719319442
OUT_08804,124.51064599197278
OUT_08805,239.05973195317887
OUT_08806,121.50457719319442
OUT_08807,122.07450031563748
OUT_08808,121.50457719319442
OUT_08809,121.50457719319442
OUT_08810,121.50457719319442
OUT_08811,124.51064599197278
OUT_08812,124.51064599197278
OUT_08813,121.50457719319442
OUT_08814,121.50457719319442
OUT_08815,121.50457719319442
OUT_08816,124.51064599197278
OUT_08817,122.07450031563748
OUT_08818,124.51064599197278
OUT_08819,124.51064599197278
OUT_08820,122.07450031563748
OUT_08821,121.50457719319442
OUT_08822,124.51064599197278
OUT_08823,124.51064599197278
OUT_08824,122.07450031563748
OUT_08825,121.50457719319442
OUT_08826,147.49060925196315
OUT_08827,176.7686693298431
OUT_08828,121.50457719319442
OUT_08829,121.50457719319442
OUT_08830,121.50457719319442
OUT_08831,261.4183386629149
OUT_08832,121.50457719319442
OUT_08833,122.07450031563748
OUT_08834,124.51064599197278
OUT_08835,324.3802454170056
OUT_08836,124.51064599197278
OUT_08837,122.07450031563748
OUT_08838,121.50457719319442
OUT_08839,121.50457719319442
OUT_08840,125.003983772816
OUT_08841,124.51064599197278
OUT_08842,121.50457719319442
OUT_08843,182.18178781151212
OUT_08844,121.50457719319442
OUT_08845,124.51064599197278
OUT_08846,121.50457719319442
OUT_08847,121.50457719319442
OUT_08848,121.50457719319442
OUT_08849,121.50457719319442
OUT_08850,163.77721473495237
OUT_08851,124.51064599197278
OUT_08852,121.50457719319442
OUT_08853,179.50712890910026
OUT_08854,122.07450031563748
OUT_08855,121.50457719319442
OUT_08856,121.50457719319442
OUT_08857,122.07450031563748
OUT_08858,124.51064599197278
OUT_08859,122.07450031563748
OUT_08860,121.50457719319442
OUT_08861,121.50457719319442
OUT_08862,122.07450031563748
OUT_08863,121.50457719319442
OUT_08864,121.50457719319442
OUT_08865,124.51064599197278
OUT_08866,122.07450031563748
OUT_08867,121.50457719319442
OUT_08868,121.50457719319442
OUT_08869,121.50457719319442
OUT_08870,122.07450031563748
OUT_08871,121.50457719319442
OUT_08872,228.75371080324072
OUT_08873,124.51064599197278
OUT_08874,124.51064599197278
OUT_08875,124.51064599197278
OUT_08876,122.07450031563748
OUT_08877,122.87109003598933
OUT_08878,121.50457719319442
OUT_08879,121.50457719319442
OUT_08880,121.50457719319442
OUT_08881,124.51064599197278
OUT_08882,121.50457719319442
OUT_08883,121.50457719319442
OUT_08884,165.2698012274312
OUT_08885,124.51064599197278
OUT_08886,155.14521916087284
OUT_08887,121.50457719319442
OUT_08888,121.50457719319442
OUT_08889,121.50457719319442
OUT_08890,121.50457719319442
OUT_08891,121.50457719319442
OUT_08892,121.50457719319442
OUT_08893,121.50457719319442
OUT_08894,121.50457719319442
OUT_08895,121.50457719319442
OUT_08896,121.50457719319442
OUT_08897,121.50457719319442
OUT_08898,138.3189123967222
OUT_08899,124.51064599197278
OUT_08900,122.07450031563748
OUT_08901,121.50457719319442
OUT_08902,121.50457719319442
OUT_08903,124.51064599197278
OUT_08904,124.51064599197278
OUT_08905,121.50457719319442
OUT_08906,122.07450031563748
OUT_08907,121.50457719319442
OUT_08908,121.50457719319442
OUT_08909,121.50457719319442
OUT_08910,126.43094103364317
OUT_08911,122.07450031563748
OUT_08912,121.50457719319442
OUT_08913,121.50457719319442
OUT_08914,123.65653570606058
OUT_08915,124.51064599197278
OUT_08916,124.51064599197278
OUT_08917,122.07450031563748
OUT_08918,121.50457719319442
OUT_08919,121.50457719319442
OUT_08920,121.50457719319442
OUT_08921,122.07450031563748
OUT_08922,121.50457719319442
OUT_08923,121.50457719319442
OUT_08924,121.50457719319442
OUT_08925,157.98480131520196
OUT_08926,121.50457719319442
OUT_08927,121.50457719319442
OUT_08928,124.05957004568474
OUT_08929,247.4698839607161
OUT_08930,121.50457719319442
OUT_08931,124.51064599197278
OUT_08932,122.07450031563748
OUT_08933,124.51064599197278
OUT_08934,121.50457719319442
OUT_08935,121.50457719319442
OUT_08936,124.51064599197278
OUT_08937,121.50457719319442
OUT_08938,121.50457719319442
OUT_08939,121.50457719319442
OUT_08940,124.51064599197278
OUT_08941,121.50457719319442
OUT_08942,122.07450031563748
OUT_08943,124.51064599197278
OUT_08944,121.50457719319442
OUT_08945,121.50457719319442
OUT_08946,121.50457719319442
OUT_08947,133.00084372077174
OUT_08948,124.51064599197278
OUT_08949,121.50457719319442
OUT_08950,122.07450031563748
OUT_08951,121.50457719319442
OUT_08952,124.51064599197278
OUT_08953,124.51064599197278
OUT_08954,121.50457719319442
OUT_08955,121.50457719319442
OUT_08956,124.51064599197278
OUT_08957,124.51064599197278
OUT_08958,125.03861138010924
OUT_08959,122.07450031563748
OUT_08960,121.50457719319442
OUT_08961,121.50457719319442
OUT_08962,121.50457719319442
OUT_08963,121.50457719319442
OUT_08964,123.4934004025904
OUT_08965,121.50457719319442
OUT_08966,122.07450031563748
OUT_08967,124.51064599197278
OUT_08968,121.50457719319442
OUT_08969,122.07450031563748
OUT_08970,121.50457719319442
OUT_08971,122.07450031563748
OUT_08972,121.50457719319442
OUT_08973,121.50457719319442
OUT_08974,122.07450031563748
OUT_08975,121.50457719319442
OUT_08976,121.50457719319442
OUT_08977,121.50457719319442
OUT_08978,121.50457719319442
OUT_08979,121.50457719319442
OUT_08980,121.50457719319442
OUT_08981,121.50457719319442
OUT_08982,121.50457719319442
OUT_08983,121.50457719319442
OUT_08984,121.50457719319442
OUT_08985,124.51064599197278
OUT_08986,121.50457719319442
OUT_08987,121.50457719319442
OUT_08988,122.07450031563748
OUT_08989,121.50457719319442
OUT_08990,121.50457719319442
OUT_08991,121.50457719319442
OUT_08992,165.18778735945656
OUT_08993,121.50457719319442
OUT_08994,121.50457719319442
OUT_08995,293.0369442394157
OUT_08996,121.50457719319442
OUT_08997,124.51064599197278
OUT_08998,122.07450031563748
OUT_08999,124.51064599197278
OUT_09000,121.50457719319442
OUT_09001,132.4620111770291
OUT_09002,135.29439738781542
OUT_09003,132.4620111770291
OUT_09004,132.4620111770291
OUT_09005,132.4620111770291
OUT_09006,206.37341513984836
OUT_09007,180.74394790690923
OUT_09008,135.29439738781542
OUT_09009,132.4620111770291
OUT_09010,158.4465047168066
OUT_09011,132.4620111770291
OUT_09012,235.32587012179607
OUT_09013,132.4620111770291
OUT_09014,146.28231378881833
OUT_09015,269.6365118879084
OUT_09016,132.4620111770291
OUT_09017,132.4620111770291
OUT_09018,135.29439738781542
OUT_09019,132.4620111770291
OUT_09020,132.4620111770291
OUT_09021,132.4620111770291
OUT_09022,132.4620111770291
OUT_09023,135.29439738781542
OUT_09024,205.6624287062173
OUT_09025,132.4620111770291
OUT_09026,132.4620111770291
OUT_09027,135.29439738781542
OUT_09028,132.4620111770291
OUT_09029,132.4620111770291
OUT_09030,132.4620111770291
OUT_09031,132.4620111770291
OUT_09032,132.4620111770291
OUT_09033,132.4620111770291
OUT_09034,132.4620111770291
OUT_09035,132.4620111770291
OUT_09036,204.431311764812
OUT_09037,132.4620111770291
OUT_09038,135.29439738781542
OUT_09039,160.3223285772841
OUT_09040,132.4620111770291
OUT_09041,132.4620111770291
OUT_09042,132.4620111770291
OUT_09043,132.4620111770291
OUT_09044,132.4620111770291
OUT_09045,132.4620111770291
OUT_09046,135.29439738781542
OUT_09047,166.032265943019
OUT_09048,132.4620111770291
OUT_09049,130.7737948913275
OUT_09050,132.4620111770291
OUT_09051,132.4620111770291
OUT_09052,132.4620111770291
OUT_09053,132.4620111770291
OUT_09054,132.4620111770291
OUT_09055,132.4620111770291
OUT_09056,132.4620111770291
OUT_09057,132.4620111770291
OUT_09058,132.4620111770291
OUT_09059,132.4620111770291
OUT_09060,132.4620111770291
OUT_09061,132.4620111770291
OUT_09062,132.4620111770291
OUT_09063,132.4620111770291
OUT_09064,132.4620111770291
OUT_09065,132.4620111770291
OUT_09066,135.29439738781542
OUT_09067,132.4620111770291
OUT_09068,168.20297113121208
OUT_09069,132.4620111770291
OUT_09070,135.29439738781542
OUT_09071,130.7737948913275
OUT_09072,296.55524317073133
OUT_09073,132.4620111770291
OUT_09074,140.75978214184514
OUT_09075,135.29439738781542
OUT_09076,132.4620111770291
OUT_09077,132.4620111770291
OUT_09078,132.4620111770291
OUT_09079,132.4620111770291
OUT_09080,132.4620111770291
OUT_09081,132.4620111770291
OUT_09082,132.4620111770291
OUT_09083,132.4620111770291
OUT_09084,132.4620111770291
OUT_09085,132.4620111770291
OUT_09086,132.4620111770291
OUT_09087,132.4620111770291
OUT_09088,132.4620111770291
OUT_09089,132.4620111770291
OUT_09090,132.4620111770291
OUT_09091,132.4620111770291
OUT_09092,132.4620111770291
OUT_09093,132.4620111770291
OUT_09094,132.4620111770291
OUT_09095,132.4620111770291
OUT_09096,132.4620111770291
OUT_09097,132.4620111770291
OUT_09098,132.4620111770291
OUT_09099,132.4620111770291
OUT_09100,132.4620111770291
OUT_09101,132.4620111770291
OUT_09102,132.4620111770291
OUT_09103,132.4620111770291
OUT_09104,139.9598162180164
OUT_09105,132.4620111770291
OUT_09106,132.4620111770291
OUT_09107,132.4620111770291
OUT_09108,132.4620111770291
OUT_09109,135.29439738781542
OUT_09110,132.4620111770291
OUT_09111,306.6663327878624
OUT_09112,132.4620111770291
OUT_09113,135.29439738781542
OUT_09114,132.4620111770291
OUT_09115,135.29439738781542
OUT_09116,130.7737948913275
OUT_09117,135.29439738781542
OUT_09118,132.4620111770291
OUT_09119,132.4620111770291
OUT_09120,132.4620111770291
OUT_09121,132.4620111770291
OUT_09122,143.3715613412098
OUT_09123,132.4620111770291
OUT_09124,132.4620111770291
OUT_09125,130.7737948913275
OUT_09126,132.4620111770291
OUT_09127,132.4620111770291
OUT_09128,135.29439738781542
OUT_09129,130.7737948913275
OUT_09130,132.4620111770291
OUT_09131,132.4620111770291
OUT_09132,132.4620111770291
OUT_09133,135.29439738781542
OUT_09134,132.4620111770291
OUT_09135,132.4620111770291
OUT_09136,132.4620111770291
OUT_09137,132.4620111770291
OUT_09138,135.29439738781542
OUT_09139,132.4620111770291
OUT_09140,135.29439738781542
OUT_09141,132.4620111770291
OUT_09142,132.4620111770291
OUT_09143,132.4620111770291
OUT_09144,132.4620111770291
OUT_09145,132.4620111770291
OUT_09146,135.29439738781542
OUT_09147,132.4620111770291
OUT_09148,132.4620111770291
OUT_09149,132.4620111770291
OUT_09150,132.4620111770291
OUT_09151,138.90947924414257
OUT_09152,132.4620111770291
OUT_09153,132.4620111770291
OUT_09154,132.4620111770291
OUT_09155,132.4620111770291
OUT_09156,132.4620111770291
OUT_09157,132.4620111770291
OUT_09158,132.4620111770291
OUT_09159,132.4620111770291
OUT_09160,132.4620111770291
OUT_09161,132.4620111770291
OUT_09162,132.4620111770291
OUT_09163,132.4620111770291
OUT_09164,135.29439738781542
OUT_09165,132.4620111770291
OUT_09166,132.4620111770291
OUT_09167,135.29439738781542
OUT_09168,135.29439738781542
OUT_09169,132.4620111770291
OUT_09170,132.4620111770291
OUT_09171,132.4620111770291
OUT_09172,132.4620111770291
OUT_09173,132.4620111770291
OUT_09174,132.4620111770291
OUT_09175,132.4620111770291
OUT_09176,132.4620111770291
OUT_09177,132.4620111770291
OUT_09178,135.29439738781542
OUT_09179,132.4620111770291
OUT_09180,130.7737948913275
OUT_09181,132.4620111770291
OUT_09182,135.29439738781542
OUT_09183,132.4620111770291
OUT_09184,132.4620111770291
OUT_09185,192.510227383689
OUT_09186,132.4620111770291
OUT_09187,132.4620111770291
OUT_09188,132.4620111770291
OUT_09189,135.29439738781542
OUT_09190,132.4620111770291
OUT_09191,135.29439738781542
OUT_09192,132.4620111770291
OUT_09193,132.4620111770291
OUT_09194,132.4620111770291
OUT_09195,132.4620111770291
OUT_09196,135.29439738781542
OUT_09197,130.7737948913275
OUT_09198,132.4620111770291
OUT_09199,130.7737948913275
OUT_09200,160.76375493875062
OUT_09201,132.4620111770291
OUT_09202,132.4620111770291
OUT_09203,135.29439738781542
OUT_09204,132.4620111770291
OUT_09205,132.4620111770291
OUT_09206,135.29439738781542
OUT_09207,132.4620111770291
OUT_09208,132.4620111770291
OUT_09209,132.4620111770291
OUT_09210,132.4620111770291
OUT_09211,135.29439738781542
OUT_09212,132.4620111770291
OUT_09213,130.7737948913275
OUT_09214,325.2816008077575
OUT_09215,132.4620111770291
OUT_09216,353.3744333449455
OUT_09217,161.82370375445296
OUT_09218,132.4620111770291
OUT_09219,132.4620111770291
OUT_09220,132.4620111770291
OUT_09221,310.15297338579853
OUT_09222,132.4620111770291
OUT_09223,135.29439738781542
OUT_09224,132.4620111770291
OUT_09225,132.4620111770291
OUT_09226,132.4620111770291
OUT_09227,132.4620111770291
OUT_09228,132.4620111770291
OUT_09229,130.7737948913275
OUT_09230,135.29439738781542
OUT_09231,132.4620111770291
OUT_09232,132.4620111770291
OUT_09233,132.4620111770291
OUT_09234,132.4620111770291
OUT_09235,132.4620111770291
OUT_09236,132.4620111770291
OUT_09237,132.4620111770291
OUT_09238,132.4620111770291
OUT_09239,130.7737948913275
OUT_09240,132.4620111770291
OUT_09241,132.4620111770291
OUT_09242,132.4620111770291
OUT_09243,132.4620111770291
OUT_09244,132.4620111770291
OUT_09245,132.4620111770291
OUT_09246,132.4620111770291
OUT_09247,132.4620111770291
OUT_09248,132.4620111770291
OUT_09249,132.4620111770291
OUT_09250,132.4620111770291
OUT_09251,132.4620111770291
OUT_09252,132.4620111770291
OUT_09253,132.4620111770291
OUT_09254,132.4620111770291
OUT_09255,132.4620111770291
OUT_09256,132.4620111770291
OUT_09257,255.16453980096816
OUT_09258,132.4620111770291
OUT_09259,135.29439738781542
OUT_09260,132.4620111770291
OUT_09261,135.29439738781542
OUT_09262,150.9348982001953
OUT_09263,148.61909455852515
OUT_09264,132.4620111770291
OUT_09265,132.4620111770291
OUT_09266,132.4620111770291
OUT_09267,132.4620111770291
OUT_09268,132.4620111770291
OUT_09269,132.4620111770291
OUT_09270,132.4620111770291
OUT_09271,132.4620111770291
OUT_09272,132.4620111770291
OUT_09273,132.4620111770291
OUT_09274,300.7032702377786
OUT_09275,365.2911089239653
OUT_09276,132.4620111770291
OUT_09277,132.4620111770291
OUT_09278,132.4620111770291
OUT_09279,132.4620111770291
OUT_09280,132.4620111770291
OUT_09281,132.4620111770291
OUT_09282,132.4620111770291
OUT_09283,132.4620111770291
OUT_09284,132.4620111770291
OUT_09285,132.4620111770291
OUT_09286,132.4620111770291
OUT_09287,132.4620111770291
OUT_09288,154.14566127219828
OUT_09289,135.29439738781542
OUT_09290,130.7737948913275
OUT_09291,132.4620111770291
OUT_09292,132.4620111770291
OUT_09293,132.4620111770291
OUT_09294,132.4620111770291
OUT_09295,132.4620111770291
OUT_09296,132.4620111770291
OUT_09297,132.4620111770291
OUT_09298,132.4620111770291
OUT_09299,132.4620111770291
OUT_09300,132.4620111770291
OUT_09301,135.29439738781542
OUT_09302,132.4620111770291
OUT_09303,299.2227161351743
OUT_09304,132.4620111770291
OUT_09305,132.4620111770291
OUT_09306,132.4620111770291
OUT_09307,161.2308289629512
OUT_09308,132.4620111770291
OUT_09309,132.4620111770291
OUT_09310,306.82665743732696
OUT_09311,135.29439738781542
OUT_09312,135.29439738781542
OUT_09313,132.4620111770291
OUT_09314,132.4620111770291
OUT_09315,132.4620111770291
OUT_09316,132.4620111770291
OUT_09317,135.3625693288311
OUT_09318,132.58663693382954
OUT_09319,132.58663693382954
OUT_09320,132.58663693382954
OUT_09321,132.58663693382954
OUT_09322,135.29439738781542
OUT_09323,262.36021309261685
OUT_09324,135.29439738781542
OUT_09325,130.7737948913275
OUT_09326,132.58663693382954
OUT_09327,132.58663693382954
OUT_09328,132.58663693382954
OUT_09329,132.58663693382954
OUT_09330,132.58663693382954
OUT_09331,132.58663693382954
OUT_09332,135.50892748940828
OUT_09333,132.58663693382954
OUT_09334,132.58663693382954
OUT_09335,132.58663693382954
OUT_09336,132.58663693382954
OUT_09337,132.58663693382954
OUT_09338,132.58663693382954
OUT_09339,132.58663693382954
OUT_09340,135.29439738781542
OUT_09341,132.58663693382954
OUT_09342,161.60590898765648
OUT_09343,132.58663693382954
OUT_09344,132.58663693382954
OUT_09345,135.29439738781542
OUT_09346,132.58663693382954
OUT_09347,132.58663693382954
OUT_09348,132.58663693382954
OUT_09349,132.58663693382954
OUT_09350,132.58663693382954
OUT_09351,132.58663693382954
OUT_09352,132.58663693382954
OUT_09353,132.58663693382954
OUT_09354,132.58663693382954
OUT_09355,132.58663693382954
OUT_09356,132.58663693382954
OUT_09357,135.29439738781542
OUT_09358,135.29439738781542
OUT_09359,135.29439738781542
OUT_09360,132.58663693382954
OUT_09361,132.58663693382954
OUT_09362,135.29439738781542
OUT_09363,132.58663693382954
OUT_09364,132.58663693382954
OUT_09365,135.29439738781542
OUT_09366,132.58663693382954
OUT_09367,132.58663693382954
OUT_09368,132.58663693382954
OUT_09369,276.3042077760994
OUT_09370,132.58663693382954
OUT_09371,132.58663693382954
OUT_09372,132.58663693382954
OUT_09373,132.58663693382954
OUT_09374,132.58663693382954
OUT_09375,132.58663693382954
OUT_09376,132.58663693382954
OUT_09377,130.7737948913275
OUT_09378,132.58663693382954
OUT_09379,132.58663693382954
OUT_09380,132.58663693382954
OUT_09381,132.58663693382954
OUT_09382,132.58663693382954
OUT_09383,132.58663693382954
OUT_09384,132.58663693382954
OUT_09385,132.58663693382954
OUT_09386,130.7737948913275
OUT_09387,132.58663693382954
OUT_09388,132.58663693382954
OUT_09389,132.58663693382954
OUT_09390,268.28931974770865
OUT_09391,132.58663693382954
OUT_09392,132.58663693382954
OUT_09393,132.58663693382954
OUT_09394,132.58663693382954
OUT_09395,132.58663693382954
OUT_09396,132.58663693382954
OUT_09397,132.58663693382954
OUT_09398,135.29439738781542
OUT_09399,132.58663693382954
OUT_09400,135.29439738781542
OUT_09401,132.58663693382954
OUT_09402,132.58663693382954
OUT_09403,132.58663693382954
OUT_09404,132.58663693382954
OUT_09405,132.58663693382954
OUT_09406,132.58663693382954
OUT_09407,135.29439738781542
OUT_09408,132.58663693382954
OUT_09409,135.29439738781542
OUT_09410,147.93880985169164
OUT_09411,132.58663693382954
OUT_09412,132.58663693382954
OUT_09413,132.58663693382954
OUT_09414,132.58663693382954
OUT_09415,132.58663693382954
OUT_09416,135.29439738781542
OUT_09417,132.58663693382954
OUT_09418,132.58663693382954
OUT_09419,132.58663693382954
OUT_09420,132.58663693382954
OUT_09421,130.7737948913275
OUT_09422,314.66860871299474
OUT_09423,132.58663693382954
OUT_09424,132.58663693382954
OUT_09425,132.58663693382954
OUT_09426,135.29439738781542
OUT_09427,132.58663693382954
OUT_09428,132.58663693382954
OUT_09429,132.58663693382954
OUT_09430,132.58663693382954
OUT_09431,130.7737948913275
OUT_09432,132.58663693382954
OUT_09433,135.29439738781542
OUT_09434,132.58663693382954
OUT_09435,132.58663693382954
OUT_09436,132.58663693382954
OUT_09437,132.58663693382954
OUT_09438,132.58663693382954
OUT_09439,132.58663693382954
OUT_09440,132.58663693382954
OUT_09441,132.58663693382954
OUT_09442,132.58663693382954
OUT_09443,132.58663693382954
OUT_09444,132.58663693382954
OUT_09445,342.64970384266627
OUT_09446,132.58663693382954
OUT_09447,132.58663693382954
OUT_09448,132.58663693382954
OUT_09449,132.58663693382954
OUT_09450,146.26516689727248
OUT_09451,132.58663693382954
OUT_09452,132.58663693382954
OUT_09453,132.58663693382954
OUT_09454,132.58663693382954
OUT_09455,132.58663693382954
OUT_09456,132.58663693382954
OUT_09457,130.7737948913275
OUT_09458,135.29439738781542
OUT_09459,132.58663693382954
OUT_09460,132.58663693382954
OUT_09461,132.58663693382954
OUT_09462,132.58663693382954
OUT_09463,132.58663693382954
OUT_09464,132.58663693382954
OUT_09465,132.58663693382954
OUT_09466,132.58663693382954
OUT_09467,132.58663693382954
OUT_09468,130.7737948913275
OUT_09469,132.58663693382954
OUT_09470,132.58663693382954
OUT_09471,132.58663693382954
OUT_09472,132.58663693382954
OUT_09473,135.29439738781542
OUT_09474,130.7737948913275
OUT_09475,132.58663693382954
OUT_09476,132.58663693382954
OUT_09477,170.88069482972278
OUT_09478,132.58663693382954
OUT_09479,132.58663693382954
OUT_09480,132.58663693382954
OUT_09481,132.58663693382954
OUT_09482,310.36994855536904
OUT_09483,132.58663693382954
OUT_09484,132.58663693382954
OUT_09485,132.58663693382954
OUT_09486,132.58663693382954
OUT_09487,132.58663693382954
OUT_09488,132.58663693382954
OUT_09489,132.58663693382954
OUT_09490,130.7737948913275
OUT_09491,132.58663693382954
OUT_09492,132.58663693382954
OUT_09493,132.58663693382954
OUT_09494,132.58663693382954
OUT_09495,132.58663693382954
OUT_09496,132.58663693382954
OUT_09497,132.58663693382954
OUT_09498,135.29439738781542
OUT_09499,132.58663693382954
OUT_09500,135.29439738781542
OUT_09501,288.28533072522475
OUT_09502,132.58663693382954
OUT_09503,132.58663693382954
OUT_09504,132.58663693382954
OUT_09505,132.58663693382954
OUT_09506,132.58663693382954
OUT_09507,132.58663693382954
OUT_09508,135.29439738781542
OUT_09509,203.5517999371712
OUT_09510,130.7737948913275
OUT_09511,132.58663693382954
OUT_09512,132.58663693382954
OUT_09513,132.58663693382954
OUT_09514,135.29439738781542
OUT_09515,135.79415522542783
OUT_09516,132.58663693382954
OUT_09517,132.58663693382954
OUT_09518,135.29439738781542
OUT_09519,156.31274163315166
OUT_09520,132.58663693382954
OUT_09521,132.58663693382954
OUT_09522,132.58663693382954
OUT_09523,322.25962687162547
OUT_09524,132.58663693382954
OUT_09525,130.7737948913275
OUT_09526,132.58663693382954
OUT_09527,132.58663693382954
OUT_09528,132.58663693382954
OUT_09529,132.58663693382954
OUT_09530,135.29439738781542
OUT_09531,132.58663693382954
OUT_09532,130.7737948913275
OUT_09533,298.3025625970136
OUT_09534,132.58663693382954
OUT_09535,132.58663693382954
OUT_09536,132.58663693382954
OUT_09537,132.58663693382954
OUT_09538,132.58663693382954
OUT_09539,132.58663693382954
OUT_09540,132.58663693382954
OUT_09541,135.29439738781542
OUT_09542,132.58663693382954
OUT_09543,132.58663693382954
OUT_09544,132.58663693382954
OUT_09545,132.58663693382954
OUT_09546,132.58663693382954
OUT_09547,132.58663693382954
OUT_09548,132.71914280851465
OUT_09549,130.7737948913275
OUT_09550,135.29439738781542
OUT_09551,130.7737948913275
OUT_09552,132.58663693382954
OUT_09553,132.58663693382954
OUT_09554,132.58663693382954
OUT_09555,135.29439738781542
OUT_09556,132.58663693382954
OUT_09557,135.29439738781542
OUT_09558,132.58663693382954
OUT_09559,132.58663693382954
OUT_09560,132.58663693382954
OUT_09561,135.29439738781542
OUT_09562,132.58663693382954
OUT_09563,135.29439738781542
OUT_09564,132.58663693382954
OUT_09565,132.58663693382954
OUT_09566,132.58663693382954
OUT_09567,132.58663693382954
OUT_09568,139.04348727499774
OUT_09569,132.58663693382954
OUT_09570,132.58663693382954
OUT_09571,132.58663693382954
OUT_09572,132.58663693382954
OUT_09573,132.58663693382954
OUT_09574,132.58663693382954
OUT_09575,132.58663693382954
OUT_09576,135.29439738781542
OUT_09577,130.7737948913275
OUT_09578,132.58663693382954
OUT_09579,132.58663693382954
OUT_09580,135.29439738781542
OUT_09581,132.58663693382954
OUT_09582,362.000863028035
OUT_09583,132.58663693382954
OUT_09584,132.58663693382954
OUT_09585,132.58663693382954
OUT_09586,314.4504262765023
OUT_09587,132.58663693382954
OUT_09588,132.58663693382954
OUT_09589,132.58663693382954
OUT_09590,132.58663693382954
OUT_09591,132.58663693382954
OUT_09592,197.07033765884415
OUT_09593,132.58663693382954
OUT_09594,132.58663693382954
OUT_09595,132.58663693382954
OUT_09596,130.7737948913275
OUT_09597,135.29439738781542
OUT_09598,132.58663693382954
OUT_09599,132.58663693382954
OUT_09600,132.58663693382954
OUT_09601,132.58663693382954
OUT_09602,132.58663693382954
OUT_09603,141.44599377651986
OUT_09604,132.58663693382954
OUT_09605,132.58663693382954
OUT_09606,132.58663693382954
OUT_09607,146.70017858367416
OUT_09608,345.04147636499334
OUT_09609,132.58663693382954
OUT_09610,132.58663693382954
OUT_09611,132.58663693382954
OUT_09612,132.58663693382954
OUT_09613,132.58663693382954
OUT_09614,135.6469790778521
OUT_09615,132.58663693382954
OUT_09616,132.58663693382954
OUT_09617,132.58663693382954
OUT_09618,132.58663693382954
OUT_09619,130.7737948913275
OUT_09620,132.58663693382954
OUT_09621,132.58663693382954
OUT_09622,132.58663693382954
OUT_09623,135.29439738781542
OUT_09624,132.58663693382954
OUT_09625,132.58663693382954
OUT_09626,135.29439738781542
OUT_09627,132.58663693382954
OUT_09628,132.58663693382954
OUT_09629,132.58663693382954
OUT_09630,132.58663693382954
OUT_09631,132.58663693382954
OUT_09632,132.58663693382954
OUT_09633,135.29439738781542
OUT_09634,308.53234625213724
OUT_09635,130.7737948913275
OUT_09636,132.58663693382954
OUT_09637,132.58663693382954
OUT_09638,135.29439738781542
OUT_09639,132.58663693382954
OUT_09640,135.29439738781542
OUT_09641,135.29439738781542
OUT_09642,132.58663693382954
OUT_09643,132.58663693382954
OUT_09644,132.58663693382954
OUT_09645,132.58663693382954
OUT_09646,132.58663693382954
OUT_09647,132.58663693382954
OUT_09648,135.29439738781542
OUT_09649,132.58663693382954
OUT_09650,132.58663693382954
OUT_09651,132.58663693382954
OUT_09652,132.58663693382954
OUT_09653,132.58663693382954
OUT_09654,132.58663693382954
OUT_09655,132.58663693382954
OUT_09656,137.23883605444456
OUT_09657,132.58663693382954
OUT_09658,132.58663693382954
OUT_09659,132.58663693382954
OUT_09660,132.58663693382954
OUT_09661,135.29439738781542
OUT_09662,132.58663693382954
OUT_09663,132.58663693382954
OUT_09664,135.29439738781542
OUT_09665,132.58663693382954
OUT_09666,130.7737948913275
OUT_09667,132.58663693382954
OUT_09668,132.58663693382954
OUT_09669,135.29439738781542
OUT_09670,132.58663693382954
OUT_09671,132.58663693382954
OUT_09672,132.58663693382954
OUT_09673,132.58663693382954
OUT_09674,135.29439738781542
OUT_09675,132.58663693382954
OUT_09676,130.7737948913275
OUT_09677,132.58663693382954
OUT_09678,132.58663693382954
OUT_09679,132.58663693382954
OUT_09680,132.58663693382954
OUT_09681,132.58663693382954
OUT_09682,132.58663693382954
OUT_09683,132.58663693382954
OUT_09684,132.58663693382954
OUT_09685,132.58663693382954
OUT_09686,132.58663693382954
OUT_09687,132.58663693382954
OUT_09688,132.58663693382954
OUT_09689,132.58663693382954
OUT_09690,132.58663693382954
OUT_09691,132.58663693382954
OUT_09692,132.58663693382954
OUT_09693,132.58663693382954
OUT_09694,132.58663693382954
OUT_09695,132.58663693382954
OUT_09696,132.58663693382954
OUT_09697,132.58663693382954
OUT_09698,132.58663693382954
OUT_09699,132.58663693382954
OUT_09700,132.58663693382954
OUT_09701,132.58663693382954
OUT_09702,132.58663693382954
OUT_09703,132.58663693382954
OUT_09704,132.58663693382954
OUT_09705,135.29439738781542
OUT_09706,135.29439738781542
OUT_09707,355.19479959193626
OUT_09708,132.58663693382954
OUT_09709,132.58663693382954
OUT_09710,276.421820746817
OUT_09711,135.29439738781542
OUT_09712,132.58663693382954
OUT_09713,132.58663693382954
OUT_09714,132.58663693382954
OUT_09715,296.0504467313407
OUT_09716,132.58663693382954
OUT_09717,132.58663693382954
OUT_09718,132.58663693382954
OUT_09719,132.58663693382954
OUT_09720,132.58663693382954
OUT_09721,135.29439738781542
OUT_09722,135.29439738781542
OUT_09723,132.58663693382954
OUT_09724,132.58663693382954
OUT_09725,132.58663693382954
OUT_09726,132.58663693382954
OUT_09727,340.285578140995
OUT_09728,132.58663693382954
OUT_09729,132.58663693382954
OUT_09730,135.29439738781542
OUT_09731,309.3114879738389
OUT_09732,132.58663693382954
OUT_09733,132.58663693382954
OUT_09734,132.58663693382954
OUT_09735,132.58663693382954
OUT_09736,132.58663693382954
OUT_09737,132.58663693382954
OUT_09738,132.58663693382954
OUT_09739,132.58663693382954
OUT_09740,132.58663693382954
OUT_09741,132.58663693382954
OUT_09742,132.58663693382954
OUT_09743,132.58663693382954
OUT_09744,132.58663693382954
OUT_09745,130.7737948913275
OUT_09746,132.58663693382954
OUT_09747,135.29439738781542
OUT_09748,135.29439738781542
OUT_09749,132.58663693382954
OUT_09750,261.2503123451789
OUT_09751,135.29439738781542
OUT_09752,130.7737948913275
OUT_09753,132.58663693382954
OUT_09754,132.58663693382954
OUT_09755,164.3616552133519
OUT_09756,132.58663693382954
OUT_09757,132.58663693382954
OUT_09758,132.58663693382954
OUT_09759,132.58663693382954
OUT_09760,132.58663693382954
OUT_09761,132.58663693382954
OUT_09762,132.58663693382954
OUT_09763,135.29439738781542
OUT_09764,132.58663693382954
OUT_09765,132.58663693382954
OUT_09766,132.58663693382954
OUT_09767,132.58663693382954
OUT_09768,135.29439738781542
OUT_09769,132.58663693382954
OUT_09770,132.58663693382954
OUT_09771,135.29439738781542
OUT_09772,159.63151379016892
OUT_09773,132.58663693382954
OUT_09774,135.29439738781542
OUT_09775,132.58663693382954
OUT_09776,132.58663693382954
OUT_09777,132.58663693382954
OUT_09778,324.48296588658377
OUT_09779,135.29439738781542
OUT_09780,372.1122620215901
OUT_09781,132.58663693382954
OUT_09782,130.7737948913275
OUT_09783,132.58663693382954
OUT_09784,135.29439738781542
OUT_09785,132.58663693382954
OUT_09786,132.58663693382954
OUT_09787,132.6998532941902
OUT_09788,161.0876470441977
OUT_09789,132.58663693382954
OUT_09790,132.58663693382954
OUT_09791,132.58663693382954
OUT_09792,133.04089632471613
OUT_09793,135.29439738781542
OUT_09794,132.58663693382954
OUT_09795,132.58663693382954
OUT_09796,135.29439738781542
OUT_09797,132.58663693382954
OUT_09798,135.29439738781542
OUT_09799,132.58663693382954
OUT_09800,132.58663693382954
OUT_09801,132.58663693382954
OUT_09802,132.58663693382954
OUT_09803,132.58663693382954
OUT_09804,132.58663693382954
OUT_09805,132.58663693382954
OUT_09806,132.58663693382954
OUT_09807,132.58663693382954
OUT_09808,132.58663693382954
OUT_09809,132.58663693382954
OUT_09810,135.29439738781542
OUT_09811,134.52152780072944
OUT_09812,209.459408728192
OUT_09813,132.58663693382954
OUT_09814,132.58663693382954
OUT_09815,132.58663693382954
OUT_09816,135.29439738781542
OUT_09817,280.15972196297065
OUT_09818,135.29439738781542
OUT_09819,132.58663693382954
OUT_09820,132.58663693382954
OUT_09821,132.58663693382954
OUT_09822,132.58663693382954
OUT_09823,132.58663693382954
OUT_09824,132.58663693382954
OUT_09825,132.58663693382954
OUT_09826,132.58663693382954
OUT_09827,132.58663693382954
OUT_09828,132.58663693382954
OUT_09829,132.58663693382954
OUT_09830,132.58663693382954
OUT_09831,132.58663693382954
OUT_09832,132.58663693382954
OUT_09833,130.7737948913275
OUT_09834,132.58663693382954
OUT_09835,132.58663693382954
OUT_09836,130.7737948913275
OUT_09837,186.691528612254
OUT_09838,132.58663693382954
OUT_09839,130.7737948913275
OUT_09840,132.58663693382954
OUT_09841,132.58663693382954
OUT_09842,132.58663693382954
OUT_09843,132.58663693382954
OUT_09844,132.58663693382954
OUT_09845,132.58663693382954
OUT_09846,135.29439738781542
OUT_09847,132.58663693382954
OUT_09848,132.58663693382954
OUT_09849,132.58663693382954
OUT_09850,132.58663693382954
OUT_09851,132.58663693382954
OUT_09852,132.58663693382954
OUT_09853,132.58663693382954
OUT_09854,132.58663693382954
OUT_09855,132.58663693382954
OUT_09856,135.29439738781542
OUT_09857,132.58663693382954
OUT_09858,132.58663693382954
OUT_09859,132.58663693382954
OUT_09860,132.58663693382954
OUT_09861,130.7737948913275
OUT_09862,132.58663693382954
OUT_09863,132.58663693382954
OUT_09864,132.58663693382954
OUT_09865,132.58663693382954
OUT_09866,132.58663693382954
OUT_09867,135.29439738781542
OUT_09868,132.58663693382954
OUT_09869,132.58663693382954
OUT_09870,135.29439738781542
OUT_09871,135.29439738781542
OUT_09872,132.58663693382954
OUT_09873,132.58663693382954
OUT_09874,132.58663693382954
OUT_09875,135.29439738781542
OUT_09876,132.58663693382954
OUT_09877,132.58663693382954
OUT_09878,135.29439738781542
OUT_09879,132.58663693382954
OUT_09880,132.58663693382954
OUT_09881,132.58663693382954
OUT_09882,132.58663693382954
OUT_09883,132.58663693382954
OUT_09884,132.58663693382954
OUT_09885,132.58663693382954
OUT_09886,132.58663693382954
OUT_09887,132.58663693382954
OUT_09888,132.58663693382954
OUT_09889,132.58663693382954
OUT_09890,135.29439738781542
OUT_09891,132.58663693382954
OUT_09892,132.58663693382954
OUT_09893,132.58663693382954
OUT_09894,132.58663693382954
OUT_09895,132.58663693382954
OUT_09896,132.58663693382954
OUT_09897,132.58663693382954
OUT_09898,132.58663693382954
OUT_09899,132.58663693382954
OUT_09900,132.58663693382954
OUT_09901,132.58663693382954
OUT_09902,135.29439738781542
OUT_09903,260.54604053481614
OUT_09904,132.58663693382954
OUT_09905,135.29439738781542
OUT_09906,135.29439738781542
OUT_09907,132.58663693382954
OUT_09908,130.7737948913275
OUT_09909,135.29439738781542
OUT_09910,135.29439738781542
OUT_09911,132.58663693382954
OUT_09912,142.51050118994488
OUT_09913,132.58663693382954
OUT_09914,130.7737948913275
OUT_09915,132.58663693382954
OUT_09916,135.29439738781542
OUT_09917,135.29439738781542
OUT_09918,132.58663693382954
OUT_09919,132.58663693382954
OUT_09920,132.58663693382954
OUT_09921,130.7737948913275
OUT_09922,245.593378046862
OUT_09923,132.58663693382954
OUT_09924,130.7737948913275
OUT_09925,132.58663693382954
OUT_09926,132.58663693382954
OUT_09927,135.29439738781542
OUT_09928,132.58663693382954
OUT_09929,135.29439738781542
OUT_09930,132.58663693382954
OUT_09931,132.58663693382954
OUT_09932,132.58663693382954
OUT_09933,240.08215998517767
OUT_09934,132.58663693382954
OUT_09935,186.5654156179869
OUT_09936,132.58663693382954
OUT_09937,132.58663693382954
OUT_09938,132.58663693382954
OUT_09939,132.58663693382954
OUT_09940,132.58663693382954
OUT_09941,132.58663693382954
OUT_09942,132.58663693382954
OUT_09943,132.58663693382954
OUT_09944,135.29439738781542
OUT_09945,132.58663693382954
OUT_09946,177.47242187574557
OUT_09947,132.58663693382954
OUT_09948,130.7737948913275
OUT_09949,132.58663693382954
OUT_09950,135.29439738781542
OUT_09951,132.58663693382954
OUT_09952,130.7737948913275
OUT_09953,132.58663693382954
OUT_09954,135.29439738781542
OUT_09955,132.58663693382954
OUT_09956,132.58663693382954
OUT_09957,132.58663693382954
OUT_09958,132.58663693382954
OUT_09959,132.58663693382954
OUT_09960,132.58663693382954
OUT_09961,132.58663693382954
OUT_09962,132.58663693382954
OUT_09963,132.58663693382954
OUT_09964,135.29439738781542
OUT_09965,132.58663693382954
OUT_09966,176.4602673109079
OUT_09967,135.29439738781542
OUT_09968,135.29439738781542
OUT_09969,132.58663693382954
OUT_09970,132.58663693382954
OUT_09971,132.58663693382954
OUT_09972,135.29439738781542
OUT_09973,132.58663693382954
OUT_09974,132.58663693382954
OUT_09975,135.29439738781542
OUT_09976,132.58663693382954
OUT_09977,132.58663693382954
OUT_09978,132.58663693382954
OUT_09979,132.58663693382954
OUT_09980,132.58663693382954
OUT_09981,130.7737948913275
OUT_09982,272.3499363811412
OUT_09983,132.58663693382954
OUT_09984,132.58663693382954
OUT_09985,135.29439738781542
OUT_09986,132.58663693382954
OUT_09987,132.58663693382954
OUT_09988,132.58663693382954
OUT_09989,153.3852251074411
OUT_09990,132.58663693382954
OUT_09991,132.58663693382954
OUT_09992,135.29439738781542
OUT_09993,132.58663693382954
OUT_09994,132.58663693382954
OUT_09995,132.58663693382954
OUT_09996,135.29439738781542
OUT_09997,132.58663693382954
OUT_09998,135.29439738781542
OUT_09999,132.58663693382954
OUT_10000,132.58663693382954
OUT_10001,132.58663693382954
OUT_10002,132.58663693382954
OUT_10003,132.58663693382954
OUT_10004,132.58663693382954
OUT_10005,132.58663693382954
OUT_10006,132.58663693382954
OUT_10007,330.98971083904
OUT_10008,132.58663693382954
OUT_10009,132.58663693382954
OUT_10010,132.58663693382954
OUT_10011,132.58663693382954
OUT_10012,132.58663693382954
OUT_10013,132.58663693382954
OUT_10014,132.58663693382954
OUT_10015,132.58663693382954
OUT_10016,132.58663693382954
OUT_10017,132.58663693382954
OUT_10018,132.58663693382954
OUT_10019,132.58663693382954
OUT_10020,132.58663693382954
OUT_10021,132.58663693382954
OUT_10022,132.58663693382954
OUT_10023,257.30703117992306
OUT_10024,135.29439738781542
OUT_10025,132.58663693382954
OUT_10026,135.29439738781542
OUT_10027,132.58663693382954
OUT_10028,132.58663693382954
OUT_10029,132.58663693382954
OUT_10030,132.58663693382954
OUT_10031,132.58663693382954
OUT_10032,132.58663693382954
OUT_10033,132.58663693382954
OUT_10034,132.58663693382954
OUT_10035,132.58663693382954
OUT_10036,132.58663693382954
OUT_10037,132.58663693382954
OUT_10038,132.58663693382954
OUT_10039,132.58663693382954
OUT_10040,132.58663693382954
OUT_10041,132.58663693382954
OUT_10042,132.58663693382954
OUT_10043,132.58663693382954
OUT_10044,132.58663693382954
OUT_10045,132.58663693382954
OUT_10046,132.58663693382954
OUT_10047,132.58663693382954
OUT_10048,157.04582550034326
OUT_10049,132.58663693382954
OUT_10050,132.58663693382954
OUT_10051,224.35718868129217
OUT_10052,132.58663693382954
OUT_10053,132.58663693382954
OUT_10054,132.58663693382954
OUT_10055,132.58663693382954
OUT_10056,132.58663693382954
OUT_10057,130.7737948913275
OUT_10058,132.58663693382954
OUT_10059,132.58663693382954
OUT_10060,135.29439738781542
OUT_10061,132.58663693382954
OUT_10062,132.58663693382954
OUT_10063,132.58663693382954
OUT_10064,135.29439738781542
OUT_10065,132.58663693382954
OUT_10066,132.58663693382954
OUT_10067,132.58663693382954
OUT_10068,132.58663693382954
OUT_10069,132.58663693382954
OUT_10070,135.29439738781542
OUT_10071,132.58663693382954
OUT_10072,132.58663693382954
OUT_10073,132.58663693382954
OUT_10074,132.58663693382954
OUT_10075,132.58663693382954
OUT_10076,161.79037255787483
OUT_10077,132.58663693382954
OUT_10078,132.58663693382954
OUT_10079,132.58663693382954
OUT_10080,132.58663693382954
OUT_10081,132.58663693382954
OUT_10082,132.58663693382954
OUT_10083,132.58663693382954
OUT_10084,132.58663693382954
OUT_10085,130.7737948913275
OUT_10086,132.58663693382954
OUT_10087,132.58663693382954
OUT_10088,169.42345518385636
OUT_10089,132.58663693382954
OUT_10090,132.58663693382954
OUT_10091,130.7737948913275
OUT_10092,132.58663693382954
OUT_10093,132.58663693382954
OUT_10094,135.29439738781542
OUT_10095,132.58663693382954
OUT_10096,188.1969151061502
OUT_10097,132.58663693382954
OUT_10098,135.29439738781542
OUT_10099,135.29439738781542
OUT_10100,132.58663693382954
OUT_10101,132.58663693382954
OUT_10102,132.58663693382954
OUT_10103,132.58663693382954
OUT_10104,132.58663693382954
OUT_10105,318.83961307244755
OUT_10106,135.29439738781542
OUT_10107,181.60989089459392
OUT_10108,183.21643725939617
OUT_10109,132.58663693382954
OUT_10110,135.29439738781542
OUT_10111,132.58663693382954
OUT_10112,132.58663693382954
OUT_10113,135.29439738781542
OUT_10114,132.58663693382954
OUT_10115,132.58663693382954
OUT_10116,283.943777734779
OUT_10117,132.58663693382954
OUT_10118,132.58663693382954
OUT_10119,135.29439738781542
OUT_10120,132.58663693382954
OUT_10121,132.58663693382954
OUT_10122,132.58663693382954
OUT_10123,132.58663693382954
OUT_10124,195.36767757558957
OUT_10125,132.58663693382954
OUT_10126,135.29439738781542
OUT_10127,132.58663693382954
OUT_10128,132.58663693382954
OUT_10129,132.58663693382954
OUT_10130,132.58663693382954
OUT_10131,269.10465532878976
OUT_10132,132.58663693382954
OUT_10133,132.58663693382954
OUT_10134,132.58663693382954
OUT_10135,132.58663693382954
OUT_10136,132.58663693382954
OUT_10137,132.58663693382954
OUT_10138,132.58663693382954
OUT_10139,135.29439738781542
OUT_10140,154.7686790911449
OUT_10141,132.58663693382954
OUT_10142,322.5826252867533
OUT_10143,132.58663693382954
OUT_10144,132.58663693382954
OUT_10145,132.58663693382954
OUT_10146,132.58663693382954
OUT_10147,132.58663693382954
OUT_10148,135.29439738781542
OUT_10149,132.58663693382954
OUT_10150,132.58663693382954
OUT_10151,132.58663693382954
OUT_10152,135.29439738781542
OUT_10153,132.58663693382954
OUT_10154,132.58663693382954
OUT_10155,135.29439738781542
OUT_10156,132.58663693382954
OUT_10157,135.29439738781542
OUT_10158,132.58663693382954
OUT_10159,181.7512604932084
OUT_10160,135.29439738781542
OUT_10161,130.7737948913275
OUT_10162,132.58663693382954
OUT_10163,132.58663693382954
OUT_10164,132.58663693382954
OUT_10165,132.58663693382954
OUT_10166,132.58663693382954
OUT_10167,135.29439738781542
OUT_10168,140.3302941988976
OUT_10169,132.58663693382954
OUT_10170,130.7737948913275
OUT_10171,132.58663693382954
OUT_10172,132.58663693382954
OUT_10173,135.29439738781542
OUT_10174,357.6930296574414
OUT_10175,132.58663693382954
OUT_10176,132.58663693382954
OUT_10177,132.58663693382954
OUT_10178,132.58663693382954
OUT_10179,132.58663693382954
OUT_10180,132.58663693382954
OUT_10181,132.58663693382954
OUT_10182,132.58663693382954
OUT_10183,132.58663693382954
OUT_10184,135.29439738781542
OUT_10185,148.15742890286728
OUT_10186,132.58663693382954
OUT_10187,132.58663693382954
OUT_10188,132.58663693382954
OUT_10189,130.7737948913275
OUT_10190,140.21028341028614
OUT_10191,130.7737948913275
OUT_10192,135.29439738781542
OUT_10193,132.58663693382954
OUT_10194,132.58663693382954
OUT_10195,132.58663693382954
OUT_10196,132.58663693382954
OUT_10197,135.29439738781542
OUT_10198,135.29439738781542
OUT_10199,132.58663693382954
OUT_10200,132.58663693382954
OUT_10201,132.58663693382954
OUT_10202,132.58663693382954
OUT_10203,132.58663693382954
OUT_10204,135.29439738781542
OUT_10205,135.29439738781542
OUT_10206,147.00566238781653
OUT_10207,135.29439738781542
OUT_10208,130.7737948913275
OUT_10209,132.58663693382954
OUT_10210,132.58663693382954
OUT_10211,132.58663693382954
OUT_10212,135.29439738781542
OUT_10213,324.45078401173106
OUT_10214,132.58663693382954
OUT_10215,168.7656790726673
OUT_10216,132.58663693382954
OUT_10217,132.58663693382954
OUT_10218,139.4445714490764
OUT_10219,132.58663693382954
OUT_10220,132.58663693382954
OUT_10221,132.58663693382954
OUT_10222,132.58663693382954
OUT_10223,132.58663693382954
OUT_10224,132.58663693382954
OUT_10225,132.58663693382954
OUT_10226,135.29439738781542
OUT_10227,132.58663693382954
OUT_10228,132.58663693382954
OUT_10229,132.58663693382954
OUT_10230,132.58663693382954
OUT_10231,132.58663693382954
OUT_10232,132.58663693382954
OUT_10233,130.7737948913275
OUT_10234,135.29439738781542
OUT_10235,132.58663693382954
OUT_10236,132.58663693382954
OUT_10237,132.58663693382954
OUT_10238,132.58663693382954
OUT_10239,132.58663693382954
OUT_10240,132.58663693382954
OUT_10241,130.7737948913275
OUT_10242,132.58663693382954
OUT_10243,132.58663693382954
OUT_10244,252.66915027917705
OUT_10245,132.58663693382954
OUT_10246,132.58663693382954
OUT_10247,132.58663693382954
OUT_10248,132.58663693382954
OUT_10249,132.58663693382954
OUT_10250,132.58663693382954
OUT_10251,132.58663693382954
OUT_10252,135.29439738781542
OUT_10253,132.58663693382954
OUT_10254,132.58663693382954
OUT_10255,132.58663693382954
OUT_10256,132.58663693382954
OUT_10257,132.58663693382954
OUT_10258,132.58663693382954
OUT_10259,169.0733839863265
OUT_10260,132.58663693382954
OUT_10261,132.58663693382954
OUT_10262,148.9955929694359
OUT_10263,135.29439738781542
OUT_10264,132.58663693382954
OUT_10265,132.58663693382954
OUT_10266,132.58663693382954
OUT_10267,132.58663693382954
OUT_10268,132.8651732735101
OUT_10269,132.58663693382954
OUT_10270,135.29439738781542
OUT_10271,132.58663693382954
OUT_10272,132.58663693382954
OUT_10273,135.29439738781542
OUT_10274,138.3455590235992
OUT_10275,132.58663693382954
OUT_10276,135.29439738781542
OUT_10277,132.58663693382954
OUT_10278,135.29439738781542
OUT_10279,132.58663693382954
OUT_10280,132.58663693382954
OUT_10281,132.58663693382954
OUT_10282,162.61860184843388
OUT_10283,142.3813628185907
OUT_10284,132.58663693382954
OUT_10285,132.58663693382954
OUT_10286,132.58663693382954
OUT_10287,132.58663693382954
OUT_10288,135.29439738781542
OUT_10289,135.29439738781542
OUT_10290,135.29439738781542
OUT_10291,138.73050512478693
OUT_10292,132.58663693382954
OUT_10293,132.58663693382954
OUT_10294,246.718029178194
OUT_10295,132.58663693382954
OUT_10296,132.58663693382954
OUT_10297,132.58663693382954
OUT_10298,132.58663693382954
OUT_10299,241.0577316223516
OUT_10300,132.58663693382954
OUT_10301,135.29439738781542
OUT_10302,132.58663693382954
OUT_10303,132.58663693382954
OUT_10304,135.29439738781542
OUT_10305,132.58663693382954
OUT_10306,132.58663693382954
OUT_10307,132.58663693382954
OUT_10308,132.58663693382954
OUT_10309,135.29439738781542
OUT_10310,132.58663693382954
OUT_10311,132.58663693382954
OUT_10312,132.58663693382954
OUT_10313,132.58663693382954
OUT_10314,132.58663693382954
OUT_10315,132.58663693382954
OUT_10316,132.58663693382954
OUT_10317,132.58663693382954
OUT_10318,132.58663693382954
OUT_10319,135.29439738781542
OUT_10320,132.58663693382954
OUT_10321,132.58663693382954
OUT_10322,132.58663693382954
OUT_10323,132.58663693382954
OUT_10324,132.58663693382954
OUT_10325,132.58663693382954
OUT_10326,132.58663693382954
OUT_10327,132.58663693382954
OUT_10328,132.58663693382954
OUT_10329,132.58663693382954
OUT_10330,132.58663693382954
OUT_10331,132.58663693382954
OUT_10332,132.58663693382954
OUT_10333,132.58663693382954
OUT_10334,132.58663693382954
OUT_10335,132.58663693382954
OUT_10336,132.58663693382954
OUT_10337,132.58663693382954
OUT_10338,132.58663693382954
OUT_10339,132.58663693382954
OUT_10340,132.58663693382954
OUT_10341,132.58663693382954
OUT_10342,132.58663693382954
OUT_10343,312.4958115104648
OUT_10344,132.58663693382954
OUT_10345,132.58663693382954
OUT_10346,135.29439738781542
OUT_10347,132.58663693382954
OUT_10348,132.58663693382954
OUT_10349,132.58663693382954
OUT_10350,132.58663693382954
OUT_10351,132.58663693382954
OUT_10352,151.50849319351892
OUT_10353,132.58663693382954
OUT_10354,132.58663693382954
OUT_10355,132.58663693382954
OUT_10356,130.7737948913275
OUT_10357,132.58663693382954
OUT_10358,132.58663693382954
OUT_10359,132.58663693382954
OUT_10360,132.58663693382954
OUT_10361,132.58663693382954
OUT_10362,132.58663693382954
OUT_10363,135.29439738781542
OUT_10364,132.58663693382954
OUT_10365,130.7737948913275
OUT_10366,132.58663693382954
OUT_10367,132.58663693382954
OUT_10368,132.58663693382954
OUT_10369,132.58663693382954
OUT_10370,132.58663693382954
OUT_10371,132.58663693382954
OUT_10372,132.58663693382954
OUT_10373,132.58663693382954
OUT_10374,132.58663693382954
OUT_10375,132.58663693382954
OUT_10376,132.58663693382954
OUT_10377,132.58663693382954
OUT_10378,132.58663693382954
OUT_10379,132.58663693382954
OUT_10380,132.58663693382954
OUT_10381,132.58663693382954
OUT_10382,132.58663693382954
OUT_10383,132.58663693382954
OUT_10384,132.58663693382954
OUT_10385,132.58663693382954
OUT_10386,132.58663693382954
OUT_10387,132.58663693382954
OUT_10388,135.29439738781542
OUT_10389,132.58663693382954
OUT_10390,132.58663693382954
OUT_10391,263.97846537023287
OUT_10392,132.58663693382954
OUT_10393,130.7737948913275
OUT_10394,130.7737948913275
OUT_10395,132.58663693382954
OUT_10396,132.58663693382954
OUT_10397,350.65069986097296
OUT_10398,132.58663693382954
OUT_10399,154.1034560454881
OUT_10400,135.29439738781542
OUT_10401,132.58663693382954
OUT_10402,132.58663693382954
OUT_10403,132.58663693382954
OUT_10404,132.58663693382954
OUT_10405,132.58663693382954
OUT_10406,132.58663693382954
OUT_10407,143.3020480612003
OUT_10408,135.29439738781542
OUT_10409,132.58663693382954
OUT_10410,132.58663693382954
OUT_10411,132.58663693382954
OUT_10412,132.58663693382954
OUT_10413,135.29439738781542
OUT_10414,132.58663693382954
OUT_10415,135.29439738781542
OUT_10416,132.58663693382954
OUT_10417,132.58663693382954
OUT_10418,132.58663693382954
OUT_10419,132.58663693382954
OUT_10420,132.58663693382954
OUT_10421,132.58663693382954
OUT_10422,132.58663693382954
OUT_10423,132.58663693382954
OUT_10424,132.58663693382954
OUT_10425,130.7737948913275
OUT_10426,132.58663693382954
OUT_10427,132.58663693382954
OUT_10428,133.13320678495606
OUT_10429,132.58663693382954
OUT_10430,132.58663693382954
OUT_10431,135.29439738781542
OUT_10432,132.58663693382954
OUT_10433,132.58663693382954
OUT_10434,132.58663693382954
OUT_10435,132.58663693382954
OUT_10436,132.58663693382954
OUT_10437,132.58663693382954
OUT_10438,132.58663693382954
OUT_10439,132.58663693382954
OUT_10440,132.58663693382954
OUT_10441,132.58663693382954
OUT_10442,132.58663693382954
OUT_10443,132.58663693382954
OUT_10444,132.58663693382954
OUT_10445,132.58663693382954
OUT_10446,132.58663693382954
OUT_10447,135.29439738781542
OUT_10448,132.58663693382954
OUT_10449,132.58663693382954
OUT_10450,130.7737948913275
OUT_10451,132.58663693382954
OUT_10452,135.29439738781542
OUT_10453,132.58663693382954
OUT_10454,132.58663693382954
OUT_10455,132.58663693382954
OUT_10456,132.58663693382954
OUT_10457,171.92881526179278
OUT_10458,132.58663693382954
OUT_10459,132.58663693382954
OUT_10460,132.58663693382954
OUT_10461,132.58663693382954
OUT_10462,132.58663693382954
OUT_10463,135.29439738781542
OUT_10464,135.29439738781542
OUT_10465,132.58663693382954
OUT_10466,132.58663693382954
OUT_10467,132.58663693382954
OUT_10468,135.29439738781542
OUT_10469,132.58663693382954
OUT_10470,132.58663693382954
OUT_10471,132.58663693382954
OUT_10472,132.58663693382954
OUT_10473,135.29439738781542
OUT_10474,132.58663693382954
OUT_10475,132.58663693382954
OUT_10476,132.58663693382954
OUT_10477,132.58663693382954
OUT_10478,132.58663693382954
OUT_10479,184.74282089789105
OUT_10480,132.58663693382954
OUT_10481,132.58663693382954
OUT_10482,132.58663693382954
OUT_10483,132.58663693382954
OUT_10484,132.58663693382954
OUT_10485,132.58663693382954
OUT_10486,135.29439738781542
OUT_10487,132.58663693382954
OUT_10488,132.58663693382954
OUT_10489,152.91199424541458
OUT_10490,135.29439738781542
OUT_10491,132.58663693382954
OUT_10492,132.58663693382954
OUT_10493,135.29439738781542
OUT_10494,132.58663693382954
OUT_10495,132.58663693382954
OUT_10496,132.58663693382954
OUT_10497,132.58663693382954
OUT_10498,132.58663693382954
OUT_10499,132.58663693382954
OUT_10500,132.58663693382954
OUT_10501,132.58663693382954
OUT_10502,132.58663693382954
OUT_10503,132.58663693382954
OUT_10504,298.40878331862126
OUT_10505,132.58663693382954
OUT_10506,132.58663693382954
OUT_10507,278.2938485280008
OUT_10508,271.43836883803345
OUT_10509,132.58663693382954
OUT_10510,138.04606386690986
OUT_10511,132.58663693382954
OUT_10512,132.58663693382954
OUT_10513,132.58663693382954
OUT_10514,132.58663693382954
OUT_10515,135.29439738781542
OUT_10516,132.58663693382954
OUT_10517,135.29439738781542
OUT_10518,132.58663693382954
OUT_10519,132.58663693382954
OUT_10520,144.68591251624346
OUT_10521,137.99492551836587
OUT_10522,132.58663693382954
OUT_10523,132.58663693382954
OUT_10524,132.58663693382954
OUT_10525,132.58663693382954
OUT_10526,135.29439738781542
OUT_10527,132.58663693382954
OUT_10528,135.29439738781542
OUT_10529,130.7737948913275
OUT_10530,132.58663693382954
OUT_10531,132.58663693382954
OUT_10532,135.29439738781542
OUT_10533,132.58663693382954
OUT_10534,132.58663693382954
OUT_10535,132.58663693382954
OUT_10536,132.58663693382954
OUT_10537,132.58663693382954
OUT_10538,132.58663693382954
OUT_10539,135.29439738781542
OUT_10540,132.58663693382954
OUT_10541,145.93739803029305
OUT_10542,132.58663693382954
OUT_10543,132.58663693382954
OUT_10544,132.58663693382954
OUT_10545,325.886181117124
OUT_10546,132.58663693382954
OUT_10547,132.58663693382954
OUT_10548,132.58663693382954
OUT_10549,132.58663693382954
OUT_10550,162.39396480099066
OUT_10551,132.58663693382954
OUT_10552,132.58663693382954
OUT_10553,132.58663693382954
OUT_10554,132.58663693382954
OUT_10555,132.58663693382954
OUT_10556,135.29439738781542
OUT_10557,132.58663693382954
OUT_10558,132.58663693382954
OUT_10559,132.58663693382954
OUT_10560,132.58663693382954
OUT_10561,132.58663693382954
OUT_10562,135.29439738781542
OUT_10563,132.58663693382954
OUT_10564,135.29439738781542
OUT_10565,132.58663693382954
OUT_10566,132.58663693382954
OUT_10567,132.58663693382954
OUT_10568,132.58663693382954
OUT_10569,140.01788907451612
OUT_10570,132.58663693382954
OUT_10571,132.58663693382954
OUT_10572,132.58663693382954
OUT_10573,132.58663693382954
OUT_10574,132.58663693382954
OUT_10575,132.58663693382954
OUT_10576,132.58663693382954
OUT_10577,132.58663693382954
OUT_10578,132.58663693382954
OUT_10579,132.58663693382954
OUT_10580,135.29439738781542
OUT_10581,130.7737948913275
OUT_10582,135.29439738781542
OUT_10583,132.58663693382954
OUT_10584,132.58663693382954
OUT_10585,132.58663693382954
OUT_10586,132.58663693382954
OUT_10587,132.58663693382954
OUT_10588,132.58663693382954
OUT_10589,132.58663693382954
OUT_10590,132.58663693382954
OUT_10591,132.58663693382954
OUT_10592,135.29439738781542
OUT_10593,132.58663693382954
OUT_10594,132.58663693382954
OUT_10595,132.58663693382954
OUT_10596,132.58663693382954
OUT_10597,132.58663693382954
OUT_10598,135.29439738781542
OUT_10599,132.58663693382954
OUT_10600,146.5677652408458
OUT_10601,132.58663693382954
OUT_10602,135.29439738781542
OUT_10603,130.7737948913275
OUT_10604,132.58663693382954
OUT_10605,132.58663693382954
OUT_10606,132.58663693382954
OUT_10607,132.58663693382954
OUT_10608,132.58663693382954
OUT_10609,132.58663693382954
OUT_10610,132.58663693382954
OUT_10611,132.58663693382954
OUT_10612,132.58663693382954
OUT_10613,132.58663693382954
OUT_10614,132.58663693382954
OUT_10615,132.58663693382954
OUT_10616,132.58663693382954
OUT_10617,146.03988334819627
OUT_10618,132.58663693382954
OUT_10619,135.29439738781542
OUT_10620,132.58663693382954
OUT_10621,132.58663693382954
OUT_10622,132.58663693382954
OUT_10623,132.58663693382954
OUT_10624,132.58663693382954
OUT_10625,135.29439738781542
OUT_10626,132.58663693382954
OUT_10627,135.29439738781542
OUT_10628,132.58663693382954
OUT_10629,132.58663693382954
OUT_10630,130.7737948913275
OUT_10631,135.29439738781542
OUT_10632,160.98364442649057
OUT_10633,141.53237444783178
OUT_10634,135.29439738781542
OUT_10635,132.58663693382954
OUT_10636,134.848622819614
OUT_10637,132.58663693382954
OUT_10638,132.58663693382954
OUT_10639,132.58663693382954
OUT_10640,132.58663693382954
OUT_10641,132.58663693382954
OUT_10642,320.04686087035566
OUT_10643,132.58663693382954
OUT_10644,132.58663693382954
OUT_10645,132.58663693382954
OUT_10646,132.58663693382954
OUT_10647,135.29439738781542
OUT_10648,132.58663693382954
OUT_10649,132.58663693382954
OUT_10650,135.29439738781542
OUT_10651,132.58663693382954
OUT_10652,132.58663693382954
OUT_10653,249.00889501803024
OUT_10654,132.58663693382954
OUT_10655,132.58663693382954
OUT_10656,132.58663693382954
OUT_10657,184.61196136176483
OUT_10658,132.58663693382954
OUT_10659,132.58663693382954
OUT_10660,282.647433369508
OUT_10661,132.58663693382954
OUT_10662,132.58663693382954
OUT_10663,132.58663693382954
OUT_10664,132.58663693382954
OUT_10665,132.58663693382954
OUT_10666,132.58663693382954
OUT_10667,132.58663693382954
OUT_10668,132.58663693382954
OUT_10669,253.7635102155344
OUT_10670,132.58663693382954
OUT_10671,130.7737948913275
OUT_10672,132.58663693382954
OUT_10673,132.58663693382954
OUT_10674,132.58663693382954
OUT_10675,132.58663693382954
OUT_10676,132.58663693382954
OUT_10677,132.58663693382954
OUT_10678,132.58663693382954
OUT_10679,132.58663693382954
OUT_10680,132.58663693382954
OUT_10681,132.58663693382954
OUT_10682,132.58663693382954
OUT_10683,200.48241106359083
OUT_10684,132.58663693382954
OUT_10685,132.58663693382954
OUT_10686,132.58663693382954
OUT_10687,132.58663693382954
OUT_10688,135.29439738781542
OUT_10689,132.58663693382954
OUT_10690,132.58663693382954
OUT_10691,135.29439738781542
OUT_10692,132.58663693382954
OUT_10693,130.7737948913275
OUT_10694,132.58663693382954
OUT_10695,132.58663693382954
OUT_10696,135.29439738781542
OUT_10697,132.58663693382954
OUT_10698,130.7737948913275
OUT_10699,255.3705559435228
OUT_10700,132.58663693382954
OUT_10701,132.58663693382954
OUT_10702,132.58663693382954
OUT_10703,132.58663693382954
OUT_10704,132.58663693382954
OUT_10705,259.583356116392
OUT_10706,132.58663693382954
OUT_10707,132.58663693382954
OUT_10708,291.43643174303185
OUT_10709,132.58663693382954
OUT_10710,279.15675898770235
OUT_10711,132.58663693382954
OUT_10712,132.58663693382954
OUT_10713,132.58663693382954
OUT_10714,132.58663693382954
OUT_10715,132.58663693382954
OUT_10716,132.58663693382954
OUT_10717,167.38556854730604
OUT_10718,132.58663693382954
OUT_10719,334.95809789900085
OUT_10720,132.58663693382954
OUT_10721,132.58663693382954
OUT_10722,132.58663693382954
OUT_10723,135.29439738781542
OUT_10724,132.58663693382954
OUT_10725,132.58663693382954
OUT_10726,132.58663693382954
OUT_10727,132.58663693382954
OUT_10728,280.0191139629152
OUT_10729,132.58663693382954
OUT_10730,350.05979944329107
OUT_10731,132.58663693382954
OUT_10732,130.7737948913275
OUT_10733,132.58663693382954
OUT_10734,132.58663693382954
OUT_10735,130.7737948913275
OUT_10736,132.58663693382954
OUT_10737,135.29439738781542
OUT_10738,132.58663693382954
OUT_10739,132.58663693382954
OUT_10740,132.58663693382954
OUT_10741,132.58663693382954
OUT_10742,132.58663693382954
OUT_10743,132.58663693382954
OUT_10744,132.58663693382954
OUT_10745,132.58663693382954
OUT_10746,132.58663693382954
OUT_10747,139.78848414475095
OUT_10748,132.58663693382954
OUT_10749,132.58663693382954
OUT_10750,132.58663693382954
OUT_10751,130.7737948913275
OUT_10752,132.58663693382954
OUT_10753,132.58663693382954
OUT_10754,132.58663693382954
OUT_10755,132.58663693382954
OUT_10756,135.29439738781542
OUT_10757,135.29439738781542
OUT_10758,265.5714016196624
OUT_10759,132.58663693382954
OUT_10760,132.58663693382954
OUT_10761,132.58663693382954
OUT_10762,132.58663693382954
OUT_10763,132.58663693382954
OUT_10764,135.29439738781542
OUT_10765,135.29439738781542
OUT_10766,132.58663693382954
OUT_10767,132.58663693382954
OUT_10768,132.58663693382954
OUT_10769,135.29439738781542
OUT_10770,139.74130377875483
OUT_10771,135.29439738781542
OUT_10772,132.58663693382954
OUT_10773,132.58663693382954
OUT_10774,132.58663693382954
OUT_10775,132.58663693382954
OUT_10776,132.58663693382954
OUT_10777,132.58663693382954
OUT_10778,132.58663693382954
OUT_10779,132.58663693382954
OUT_10780,132.58663693382954
OUT_10781,306.39146591412225
OUT_10782,132.58663693382954
OUT_10783,135.29439738781542
OUT_10784,132.58663693382954
OUT_10785,132.58663693382954
OUT_10786,132.58663693382954
OUT_10787,130.7737948913275
OUT_10788,137.00674667303574
OUT_10789,132.58663693382954
OUT_10790,132.58663693382954
OUT_10791,132.58663693382954
OUT_10792,132.58663693382954
OUT_10793,162.99028226848054
OUT_10794,193.83982188768428
OUT_10795,132.58663693382954
OUT_10796,132.58663693382954
OUT_10797,132.58663693382954
OUT_10798,296.66634937537907
OUT_10799,132.58663693382954
OUT_10800,132.58663693382954
OUT_10801,133.4641782494752
OUT_10802,132.58663693382954
OUT_10803,163.4165903408838
OUT_10804,298.7451552982791
OUT_10805,138.6356665103167
OUT_10806,132.58663693382954
OUT_10807,132.58663693382954
OUT_10808,132.58663693382954
OUT_10809,132.58663693382954
OUT_10810,132.58663693382954
OUT_10811,132.58663693382954
OUT_10812,135.29439738781542
OUT_10813,132.58663693382954
OUT_10814,132.58663693382954
OUT_10815,132.58663693382954
OUT_10816,132.58663693382954
OUT_10817,132.58663693382954
OUT_10818,293.83580453829114
OUT_10819,132.58663693382954
OUT_10820,132.58663693382954
OUT_10821,132.58663693382954
OUT_10822,130.7737948913275
OUT_10823,132.58663693382954
OUT_10824,132.58663693382954
OUT_10825,132.58663693382954
OUT_10826,132.58663693382954
OUT_10827,155.03178580426712
OUT_10828,336.4491562958123
OUT_10829,132.58663693382954
OUT_10830,132.58663693382954
OUT_10831,135.29439738781542
OUT_10832,132.58663693382954
OUT_10833,132.58663693382954
OUT_10834,301.52287407664954
OUT_10835,132.58663693382954
OUT_10836,135.29439738781542
OUT_10837,135.29439738781542
OUT_10838,132.58663693382954
OUT_10839,132.58663693382954
OUT_10840,132.58663693382954
OUT_10841,132.58663693382954
OUT_10842,132.58663693382954
OUT_10843,130.7737948913275
OUT_10844,132.58663693382954
OUT_10845,132.58663693382954
OUT_10846,132.58663693382954
OUT_10847,132.58663693382954
OUT_10848,132.58663693382954
OUT_10849,404.0291743261069
OUT_10850,132.58663693382954
OUT_10851,132.58663693382954
OUT_10852,132.58663693382954
OUT_10853,135.29439738781542
OUT_10854,136.30685250208796
OUT_10855,132.58663693382954
OUT_10856,132.58663693382954
OUT_10857,132.58663693382954
OUT_10858,132.58663693382954
OUT_10859,135.29439738781542
OUT_10860,132.58663693382954
OUT_10861,132.58663693382954
OUT_10862,132.58663693382954
OUT_10863,135.29439738781542
OUT_10864,132.58663693382954
OUT_10865,132.58663693382954
OUT_10866,132.58663693382954
OUT_10867,132.58663693382954
OUT_10868,135.29439738781542
OUT_10869,132.58663693382954
OUT_10870,132.58663693382954
OUT_10871,132.58663693382954
OUT_10872,132.58663693382954
OUT_10873,132.58663693382954
OUT_10874,135.29439738781542
OUT_10875,162.08484074754483
OUT_10876,132.58663693382954
OUT_10877,132.58663693382954
OUT_10878,132.58663693382954
OUT_10879,132.58663693382954
OUT_10880,132.58663693382954
OUT_10881,130.7737948913275
OUT_10882,132.58663693382954
OUT_10883,138.61645508174604
OUT_10884,132.58663693382954
OUT_10885,132.58663693382954
OUT_10886,132.58663693382954
OUT_10887,172.3594199999281
OUT_10888,132.58663693382954
OUT_10889,132.58663693382954
OUT_10890,135.29439738781542
OUT_10891,141.12382577011564
OUT_10892,132.58663693382954
OUT_10893,132.58663693382954
OUT_10894,132.58663693382954
OUT_10895,132.58663693382954
OUT_10896,132.58663693382954
OUT_10897,132.58663693382954
OUT_10898,132.58663693382954
OUT_10899,132.58663693382954
OUT_10900,132.58663693382954
OUT_10901,132.58663693382954
OUT_10902,132.58663693382954
OUT_10903,147.74873455258495
OUT_10904,135.29439738781542
OUT_10905,132.58663693382954
OUT_10906,132.58663693382954
OUT_10907,132.58663693382954
OUT_10908,132.58663693382954
OUT_10909,135.29439738781542
OUT_10910,132.58663693382954
OUT_10911,132.58663693382954
OUT_10912,132.58663693382954
OUT_10913,132.58663693382954
OUT_10914,185.3601470598031
OUT_10915,132.58663693382954
OUT_10916,132.58663693382954
OUT_10917,132.58663693382954
OUT_10918,130.7737948913275
OUT_10919,132.58663693382954
OUT_10920,132.58663693382954
OUT_10921,132.58663693382954
OUT_10922,132.58663693382954
OUT_10923,141.7824258899612
OUT_10924,132.58663693382954
OUT_10925,239.3416194597862
OUT_10926,132.58663693382954
OUT_10927,132.58663693382954
OUT_10928,132.58663693382954
OUT_10929,132.58663693382954
OUT_10930,135.29439738781542
OUT_10931,132.58663693382954
OUT_10932,142.94963334814946
OUT_10933,135.29439738781542
OUT_10934,132.58663693382954
OUT_10935,132.58663693382954
OUT_10936,132.58663693382954
OUT_10937,132.58663693382954
OUT_10938,148.94009094208525
OUT_10939,132.58663693382954
OUT_10940,132.58663693382954
OUT_10941,132.58663693382954
OUT_10942,132.58663693382954
OUT_10943,163.3804566537598
OUT_10944,132.58663693382954
OUT_10945,132.58663693382954
OUT_10946,132.58663693382954
OUT_10947,132.58663693382954
OUT_10948,132.58663693382954
OUT_10949,132.58663693382954
OUT_10950,132.58663693382954
OUT_10951,132.58663693382954
OUT_10952,132.58663693382954
OUT_10953,135.29439738781542
OUT_10954,243.95540538300932
OUT_10955,132.58663693382954
OUT_10956,132.58663693382954
OUT_10957,152.26832476673687
OUT_10958,132.58663693382954
OUT_10959,168.16654426581186
OUT_10960,130.7737948913275
OUT_10961,132.58663693382954
OUT_10962,364.2478880426026
OUT_10963,398.7231766964585
OUT_10964,372.84711748338094
OUT_10965,132.58663693382954
OUT_10966,275.3906238970924
OUT_10967,132.58663693382954
OUT_10968,132.58663693382954
OUT_10969,132.58663693382954
OUT_10970,132.58663693382954
OUT_10971,132.58663693382954
OUT_10972,132.58663693382954
OUT_10973,135.29439738781542
OUT_10974,132.58663693382954
OUT_10975,132.58663693382954
OUT_10976,132.58663693382954
OUT_10977,132.58663693382954
OUT_10978,132.58663693382954
OUT_10979,132.58663693382954
OUT_10980,132.58663693382954
OUT_10981,132.58663693382954
OUT_10982,132.58663693382954
OUT_10983,132.58663693382954
OUT_10984,132.58663693382954
OUT_10985,132.58663693382954
OUT_10986,135.29439738781542
OUT_10987,132.58663693382954
OUT_10988,132.58663693382954
OUT_10989,132.58663693382954
OUT_10990,135.29439738781542
OUT_10991,132.58663693382954
OUT_10992,135.29439738781542
OUT_10993,132.58663693382954
OUT_10994,132.58663693382954
OUT_10995,132.58663693382954
OUT_10996,301.60259336237255
OUT_10997,289.5794633636908
OUT_10998,132.58663693382954
OUT_10999,132.58663693382954
OUT_11000,132.58663693382954
OUT_11001,132.58663693382954
OUT_11002,132.58663693382954
OUT_11003,236.95847802468631
OUT_11004,132.58663693382954
OUT_11005,132.58663693382954
OUT_11006,135.29439738781542
OUT_11007,132.58663693382954
OUT_11008,160.10537208451893
OUT_11009,132.58663693382954
OUT_11010,132.58663693382954
OUT_11011,135.29439738781542
OUT_11012,130.7737948913275
OUT_11013,132.58663693382954
OUT_11014,132.58663693382954
OUT_11015,161.99100307816843
OUT_11016,135.29439738781542
OUT_11017,132.58663693382954
OUT_11018,132.58663693382954
OUT_11019,132.58663693382954
OUT_11020,132.58663693382954
OUT_11021,133.1677737281219
OUT_11022,132.58663693382954
OUT_11023,132.58663693382954
OUT_11024,132.58663693382954
OUT_11025,132.58663693382954
OUT_11026,132.58663693382954
OUT_11027,132.58663693382954
OUT_11028,132.58663693382954
OUT_11029,246.94074151612847
OUT_11030,132.58663693382954
OUT_11031,132.58663693382954
OUT_11032,132.58663693382954
OUT_11033,132.58663693382954
OUT_11034,132.58663693382954
OUT_11035,132.58663693382954
OUT_11036,132.58663693382954
OUT_11037,132.58663693382954
OUT_11038,132.58663693382954
OUT_11039,135.29439738781542
OUT_11040,132.58663693382954
OUT_11041,135.29439738781542
OUT_11042,132.58663693382954
OUT_11043,157.0944240886314
OUT_11044,132.58663693382954
OUT_11045,132.58663693382954
OUT_11046,132.58663693382954
OUT_11047,132.58663693382954
OUT_11048,135.29439738781542
OUT_11049,132.58663693382954
OUT_11050,132.58663693382954
OUT_11051,132.58663693382954
OUT_11052,145.16355710266103
OUT_11053,135.29439738781542
OUT_11054,135.29439738781542
OUT_11055,132.58663693382954
OUT_11056,249.74770137366184
OUT_11057,132.58663693382954
OUT_11058,132.58663693382954
OUT_11059,132.58663693382954
OUT_11060,132.58663693382954
OUT_11061,132.58663693382954
OUT_11062,132.58663693382954
OUT_11063,135.27156895923338
OUT_11064,132.58663693382954
OUT_11065,132.58663693382954
OUT_11066,132.58663693382954
OUT_11067,132.58663693382954
OUT_11068,133.826451959391
OUT_11069,132.58663693382954
OUT_11070,132.58663693382954
OUT_11071,130.7737948913275
OUT_11072,135.29439738781542
OUT_11073,132.58663693382954
OUT_11074,135.29439738781542
OUT_11075,132.58663693382954
OUT_11076,132.58663693382954
OUT_11077,132.58663693382954
OUT_11078,132.58663693382954
OUT_11079,132.58663693382954
OUT_11080,132.58663693382954
OUT_11081,135.29439738781542
OUT_11082,135.29439738781542
OUT_11083,135.29439738781542
OUT_11084,132.58663693382954
OUT_11085,132.58663693382954
OUT_11086,132.58663693382954
OUT_11087,132.58663693382954
OUT_11088,135.29439738781542
OUT_11089,132.58663693382954
OUT_11090,132.58663693382954
OUT_11091,132.58663693382954
OUT_11092,132.58663693382954
OUT_11093,132.58663693382954
OUT_11094,188.5609302574426
OUT_11095,132.58663693382954
OUT_11096,132.58663693382954
OUT_11097,135.29439738781542
OUT_11098,147.8489772608619
OUT_11099,132.58663693382954
OUT_11100,132.58663693382954
OUT_11101,132.58663693382954
OUT_11102,132.58663693382954
OUT_11103,132.58663693382954
OUT_11104,135.29439738781542
OUT_11105,135.91053658138938
OUT_11106,132.58663693382954
OUT_11107,132.58663693382954
OUT_11108,238.97108238157176
OUT_11109,132.58663693382954
OUT_11110,132.58663693382954
OUT_11111,132.58663693382954
OUT_11112,132.58663693382954
OUT_11113,132.58663693382954
OUT_11114,132.58663693382954
OUT_11115,132.58663693382954
OUT_11116,132.58663693382954
OUT_11117,130.7737948913275
OUT_11118,132.58663693382954
OUT_11119,132.58663693382954
OUT_11120,144.01253271966715
OUT_11121,132.58663693382954
OUT_11122,130.7737948913275
OUT_11123,132.58663693382954
OUT_11124,132.58663693382954
OUT_11125,132.58663693382954
OUT_11126,132.58663693382954
OUT_11127,132.58663693382954
OUT_11128,254.48333155013856
OUT_11129,132.58663693382954
OUT_11130,132.58663693382954
OUT_11131,132.58663693382954
OUT_11132,132.58663693382954
OUT_11133,132.58663693382954
OUT_11134,132.58663693382954
OUT_11135,135.29439738781542
OUT_11136,132.58663693382954
OUT_11137,132.58663693382954
OUT_11138,132.58663693382954
OUT_11139,132.58663693382954
OUT_11140,168.53183818211718
OUT_11141,132.58663693382954
OUT_11142,132.58663693382954
OUT_11143,335.36366353662913
OUT_11144,132.58663693382954
OUT_11145,132.58663693382954
OUT_11146,132.58663693382954
OUT_11147,132.58663693382954
OUT_11148,130.7737948913275
OUT_11149,132.58663693382954
OUT_11150,157.56030592000533
OUT_11151,132.58663693382954
OUT_11152,132.58663693382954
OUT_11153,132.58663693382954
OUT_11154,132.58663693382954
OUT_11155,132.58663693382954
OUT_11156,132.58663693382954
OUT_11157,132.58663693382954
OUT_11158,132.58663693382954
OUT_11159,132.58663693382954
OUT_11160,132.58663693382954
OUT_11161,132.58663693382954
OUT_11162,132.58663693382954
OUT_11163,132.58663693382954
OUT_11164,130.7737948913275
OUT_11165,259.90600803940293
OUT_11166,132.58663693382954
OUT_11167,132.58663693382954
OUT_11168,132.58663693382954
OUT_11169,132.58663693382954
OUT_11170,132.58663693382954
OUT_11171,132.58663693382954
OUT_11172,132.58663693382954
OUT_11173,132.58663693382954
OUT_11174,130.7737948913275
OUT_11175,132.58663693382954
OUT_11176,132.58663693382954
OUT_11177,132.58663693382954
OUT_11178,135.29439738781542
OUT_11179,132.58663693382954
OUT_11180,132.58663693382954
OUT_11181,132.58663693382954
OUT_11182,137.14301253811445
OUT_11183,132.58663693382954
OUT_11184,135.29439738781542
OUT_11185,132.58663693382954
OUT_11186,132.58663693382954
OUT_11187,142.80130057369087
OUT_11188,132.58663693382954
OUT_11189,132.58663693382954
OUT_11190,132.58663693382954
OUT_11191,132.58663693382954
OUT_11192,130.7737948913275
OUT_11193,132.58663693382954
OUT_11194,132.58663693382954
OUT_11195,132.58663693382954
OUT_11196,132.58663693382954
OUT_11197,132.58663693382954
OUT_11198,130.7737948913275
OUT_11199,132.58663693382954
OUT_11200,132.58663693382954
OUT_11201,135.29439738781542
OUT_11202,132.58663693382954
OUT_11203,132.58663693382954
OUT_11204,247.3427687202785
OUT_11205,132.58663693382954
OUT_11206,135.29439738781542
OUT_11207,135.29439738781542
OUT_11208,132.58663693382954
OUT_11209,135.29439738781542
OUT_11210,132.58663693382954
OUT_11211,132.58663693382954
OUT_11212,132.58663693382954
OUT_11213,132.58663693382954
OUT_11214,314.6125847609646
OUT_11215,130.7737948913275
OUT_11216,135.29439738781542
OUT_11217,294.8171311162328
OUT_11218,132.58663693382954
OUT_11219,166.8905884881262
OUT_11220,132.58663693382954
OUT_11221,135.29439738781542
OUT_11222,274.557220325443
OUT_11223,132.58663693382954
OUT_11224,135.29439738781542
OUT_11225,276.5190534698822
OUT_11226,132.58663693382954
OUT_11227,132.58663693382954
OUT_11228,132.58663693382954
OUT_11229,132.58663693382954
OUT_11230,132.58663693382954
OUT_11231,132.58663693382954
OUT_11232,294.47694712656585
OUT_11233,132.58663693382954
OUT_11234,135.29439738781542
OUT_11235,132.58663693382954
OUT_11236,132.58663693382954
OUT_11237,132.58663693382954
OUT_11238,132.58663693382954
OUT_11239,132.58663693382954
OUT_11240,132.58663693382954
OUT_11241,132.58663693382954
OUT_11242,135.29439738781542
OUT_11243,130.7737948913275
OUT_11244,132.58663693382954
OUT_11245,132.58663693382954
OUT_11246,132.58663693382954
OUT_11247,135.29439738781542
OUT_11248,132.58663693382954
OUT_11249,132.58663693382954
OUT_11250,132.58663693382954
OUT_11251,231.93180503550076
OUT_11252,132.58663693382954
OUT_11253,130.7737948913275
OUT_11254,132.58663693382954
OUT_11255,130.7737948913275
OUT_11256,132.58663693382954
OUT_11257,132.58663693382954
OUT_11258,132.58663693382954
OUT_11259,135.29439738781542
OUT_11260,132.58663693382954
OUT_11261,231.73233327523184
OUT_11262,132.58663693382954
OUT_11263,132.58663693382954
OUT_11264,135.29439738781542
OUT_11265,132.58663693382954
OUT_11266,132.58663693382954
OUT_11267,130.7737948913275
OUT_11268,132.58663693382954
OUT_11269,279.0656388033205
OUT_11270,132.58663693382954
OUT_11271,132.58663693382954
OUT_11272,130.7737948913275
OUT_11273,132.58663693382954
OUT_11274,132.58663693382954
OUT_11275,132.58663693382954
OUT_11276,132.58663693382954
OUT_11277,132.58663693382954
OUT_11278,135.29439738781542
OUT_11279,132.58663693382954
OUT_11280,135.29439738781542
OUT_11281,135.29439738781542
OUT_11282,132.58663693382954
OUT_11283,132.58663693382954
OUT_11284,132.58663693382954
OUT_11285,135.29439738781542
OUT_11286,132.58663693382954
OUT_11287,132.58663693382954
OUT_11288,132.58663693382954
OUT_11289,135.29439738781542
OUT_11290,132.58663693382954
OUT_11291,177.17854465169367
OUT_11292,130.7737948913275
OUT_11293,135.29439738781542
OUT_11294,132.58663693382954
OUT_11295,132.58663693382954
OUT_11296,154.66808603892127
OUT_11297,132.58663693382954
OUT_11298,132.58663693382954
OUT_11299,132.58663693382954
OUT_11300,132.58663693382954
OUT_11301,132.58663693382954
OUT_11302,132.58663693382954
OUT_11303,132.58663693382954
OUT_11304,132.58663693382954
OUT_11305,244.34661568376453
OUT_11306,132.58663693382954
OUT_11307,270.80651794895
OUT_11308,132.58663693382954
OUT_11309,137.53794150936454
OUT_11310,132.58663693382954
OUT_11311,132.58663693382954
OUT_11312,132.58663693382954
OUT_11313,132.58663693382954
OUT_11314,139.19879118278254
OUT_11315,132.58663693382954
OUT_11316,250.05684646988485
OUT_11317,132.58663693382954
OUT_11318,132.58663693382954
OUT_11319,135.29439738781542
OUT_11320,132.58663693382954
OUT_11321,132.58663693382954
OUT_11322,157.6259549094904
OUT_11323,132.58663693382954
OUT_11324,132.58663693382954
OUT_11325,132.58663693382954
OUT_11326,132.58663693382954
OUT_11327,132.58663693382954
OUT_11328,132.58663693382954
OUT_11329,132.58663693382954
OUT_11330,132.58663693382954
OUT_11331,132.58663693382954
OUT_11332,132.58663693382954
OUT_11333,135.29439738781542
OUT_11334,135.29439738781542
OUT_11335,132.58663693382954
OUT_11336,132.58663693382954
OUT_11337,132.58663693382954
OUT_11338,132.58663693382954
OUT_11339,132.58663693382954
OUT_11340,132.58663693382954
OUT_11341,132.58663693382954
OUT_11342,132.58663693382954
OUT_11343,132.58663693382954
OUT_11344,135.29439738781542
OUT_11345,132.58663693382954
OUT_11346,132.58663693382954
OUT_11347,132.58663693382954
OUT_11348,135.29439738781542
OUT_11349,132.58663693382954
OUT_11350,132.58663693382954
OUT_11351,132.58663693382954
OUT_11352,132.58663693382954
OUT_11353,132.58663693382954
OUT_11354,130.7737948913275
OUT_11355,135.29439738781542
OUT_11356,132.58663693382954
OUT_11357,132.58663693382954
OUT_11358,132.58663693382954
OUT_11359,320.797277819617
OUT_11360,130.7737948913275
OUT_11361,132.58663693382954
OUT_11362,132.58663693382954
OUT_11363,132.58663693382954
OUT_11364,132.58663693382954
OUT_11365,135.29439738781542
OUT_11366,132.58663693382954
OUT_11367,135.29439738781542
OUT_11368,242.502479837383
OUT_11369,132.58663693382954
OUT_11370,135.29439738781542
OUT_11371,132.58663693382954
OUT_11372,137.5700336471933
OUT_11373,135.29439738781542
OUT_11374,132.58663693382954
OUT_11375,135.29439738781542
OUT_11376,132.58663693382954
OUT_11377,132.58663693382954
OUT_11378,135.29439738781542
OUT_11379,132.58663693382954
OUT_11380,132.58663693382954
OUT_11381,130.7737948913275
OUT_11382,132.58663693382954
OUT_11383,135.29439738781542
OUT_11384,132.58663693382954
OUT_11385,135.29439738781542
OUT_11386,132.58663693382954
OUT_11387,132.58663693382954
OUT_11388,132.58663693382954
OUT_11389,132.58663693382954
OUT_11390,132.58663693382954
OUT_11391,132.58663693382954
OUT_11392,132.58663693382954
OUT_11393,132.58663693382954
OUT_11394,132.58663693382954
OUT_11395,132.58663693382954
OUT_11396,132.58663693382954
OUT_11397,132.58663693382954
OUT_11398,132.58663693382954
OUT_11399,132.58663693382954
OUT_11400,132.58663693382954
OUT_11401,132.58663693382954
OUT_11402,135.29439738781542
OUT_11403,321.5655441680024
OUT_11404,132.58663693382954
OUT_11405,132.58663693382954
OUT_11406,132.58663693382954
OUT_11407,132.58663693382954
OUT_11408,132.58663693382954
OUT_11409,132.58663693382954
OUT_11410,132.58663693382954
OUT_11411,132.58663693382954
OUT_11412,132.58663693382954
OUT_11413,137.75461884310988
OUT_11414,132.58663693382954
OUT_11415,132.58663693382954
OUT_11416,132.58663693382954
OUT_11417,132.58663693382954
OUT_11418,135.29439738781542
OUT_11419,132.58663693382954
OUT_11420,132.58663693382954
OUT_11421,132.58663693382954
OUT_11422,135.29439738781542
OUT_11423,135.29439738781542
OUT_11424,132.58663693382954
OUT_11425,132.58663693382954
OUT_11426,225.9811706621584
OUT_11427,135.29439738781542
OUT_11428,132.58663693382954
OUT_11429,132.58663693382954
OUT_11430,135.29439738781542
OUT_11431,132.58663693382954
OUT_11432,132.58663693382954
OUT_11433,130.7737948913275
OUT_11434,133.17076236917669
OUT_11435,132.58663693382954
OUT_11436,132.58663693382954
OUT_11437,135.29439738781542
OUT_11438,184.74257479513324
OUT_11439,132.58663693382954
OUT_11440,132.58663693382954
OUT_11441,135.29439738781542
OUT_11442,132.58663693382954
OUT_11443,132.58663693382954
OUT_11444,132.58663693382954
OUT_11445,135.29439738781542
OUT_11446,132.58663693382954
OUT_11447,132.58663693382954
OUT_11448,132.58663693382954
OUT_11449,132.58663693382954
OUT_11450,132.58663693382954
OUT_11451,132.58663693382954
OUT_11452,132.58663693382954
OUT_11453,135.29439738781542
OUT_11454,132.58663693382954
OUT_11455,135.29439738781542
OUT_11456,132.58663693382954
OUT_11457,132.58663693382954
OUT_11458,308.42265441734094
OUT_11459,132.58663693382954
OUT_11460,231.1664951499495
OUT_11461,135.29439738781542
OUT_11462,132.58663693382954
OUT_11463,132.58663693382954
OUT_11464,132.58663693382954
OUT_11465,263.5755750995139
OUT_11466,135.29439738781542
OUT_11467,132.58663693382954
OUT_11468,132.58663693382954
OUT_11469,132.58663693382954
OUT_11470,132.58663693382954
OUT_11471,132.58663693382954
OUT_11472,132.58663693382954
OUT_11473,132.58663693382954
OUT_11474,132.58663693382954
OUT_11475,136.32393641185018
OUT_11476,132.58663693382954
OUT_11477,132.58663693382954
OUT_11478,132.58663693382954
OUT_11479,132.58663693382954
OUT_11480,130.7737948913275
OUT_11481,132.58663693382954
OUT_11482,132.58663693382954
OUT_11483,132.58663693382954
OUT_11484,132.58663693382954
OUT_11485,132.58663693382954
OUT_11486,135.29439738781542
OUT_11487,132.58663693382954
OUT_11488,132.58663693382954
OUT_11489,132.58663693382954
OUT_11490,132.58663693382954
OUT_11491,132.58663693382954
OUT_11492,132.58663693382954
OUT_11493,135.29439738781542
OUT_11494,132.58663693382954
OUT_11495,132.58663693382954
OUT_11496,132.58663693382954
OUT_11497,312.9882311587197
OUT_11498,132.58663693382954
OUT_11499,130.7737948913275
OUT_11500,132.58663693382954
OUT_11501,135.29439738781542
OUT_11502,135.29439738781542
OUT_11503,132.58663693382954
OUT_11504,191.0074793998141
OUT_11505,132.58663693382954
OUT_11506,132.58663693382954
OUT_11507,132.58663693382954
OUT_11508,132.58663693382954
OUT_11509,132.58663693382954
OUT_11510,132.58663693382954
OUT_11511,132.58663693382954
OUT_11512,132.58663693382954
OUT_11513,130.7737948913275
OUT_11514,132.58663693382954
OUT_11515,161.48953609186847
OUT_11516,132.58663693382954
OUT_11517,132.58663693382954
OUT_11518,132.58663693382954
OUT_11519,132.58663693382954
OUT_11520,132.58663693382954
OUT_11521,132.58663693382954
OUT_11522,132.58663693382954
OUT_11523,345.1650817191336
OUT_11524,132.58663693382954
OUT_11525,130.7737948913275
OUT_11526,132.58663693382954
OUT_11527,132.58663693382954
OUT_11528,132.58663693382954
OUT_11529,135.29439738781542
OUT_11530,132.58663693382954
OUT_11531,132.58663693382954
OUT_11532,132.58663693382954
OUT_11533,132.58663693382954
OUT_11534,132.58663693382954
OUT_11535,132.58663693382954
OUT_11536,132.58663693382954
OUT_11537,135.29439738781542
OUT_11538,132.58663693382954
OUT_11539,135.29439738781542
OUT_11540,165.5279250445421
OUT_11541,135.29439738781542
OUT_11542,132.58663693382954
OUT_11543,132.58663693382954
OUT_11544,132.58663693382954
OUT_11545,135.29439738781542
OUT_11546,132.58663693382954
OUT_11547,135.29439738781542
OUT_11548,132.58663693382954
OUT_11549,132.58663693382954
OUT_11550,132.58663693382954
OUT_11551,132.58663693382954
OUT_11552,135.29439738781542
OUT_11553,132.58663693382954
OUT_11554,132.58663693382954
OUT_11555,135.29439738781542
OUT_11556,132.58663693382954
OUT_11557,132.58663693382954
OUT_11558,132.58663693382954
OUT_11559,135.29439738781542
OUT_11560,132.58663693382954
OUT_11561,132.58663693382954
OUT_11562,132.58663693382954
OUT_11563,132.58663693382954
OUT_11564,132.58663693382954
OUT_11565,132.58663693382954
OUT_11566,132.58663693382954
OUT_11567,132.58663693382954
OUT_11568,132.58663693382954
OUT_11569,151.8343302613421
OUT_11570,132.58663693382954
OUT_11571,130.7737948913275
OUT_11572,132.58663693382954
OUT_11573,132.58663693382954
OUT_11574,132.58663693382954
OUT_11575,132.58663693382954
OUT_11576,132.58663693382954
OUT_11577,135.29439738781542
OUT_11578,135.29439738781542
OUT_11579,132.58663693382954
OUT_11580,132.58663693382954
OUT_11581,132.58663693382954
OUT_11582,132.58663693382954
OUT_11583,132.58663693382954
OUT_11584,135.29439738781542
OUT_11585,135.29439738781542
OUT_11586,132.58663693382954
OUT_11587,132.58663693382954
OUT_11588,237.08445438750348
OUT_11589,132.58663693382954
OUT_11590,320.97179385520855
OUT_11591,132.58663693382954
OUT_11592,132.58663693382954
OUT_11593,132.58663693382954
OUT_11594,135.29439738781542
OUT_11595,132.58663693382954
OUT_11596,132.58663693382954
OUT_11597,135.29439738781542
OUT_11598,132.58663693382954
OUT_11599,132.58663693382954
OUT_11600,132.58663693382954
OUT_11601,336.9644460039258
OUT_11602,132.58663693382954
OUT_11603,132.58663693382954
OUT_11604,135.29439738781542
OUT_11605,283.113959988853
OUT_11606,132.58663693382954
OUT_11607,132.58663693382954
OUT_11608,135.29439738781542
OUT_11609,132.58663693382954
OUT_11610,135.29439738781542
OUT_11611,132.58663693382954
OUT_11612,132.58663693382954
OUT_11613,130.7737948913275
OUT_11614,135.29439738781542
OUT_11615,132.58663693382954
OUT_11616,132.58663693382954
OUT_11617,132.58663693382954
OUT_11618,132.58663693382954
OUT_11619,238.42493453340552
OUT_11620,132.58663693382954
OUT_11621,132.58663693382954
OUT_11622,132.58663693382954
OUT_11623,132.58663693382954
OUT_11624,135.29439738781542
OUT_11625,132.58663693382954
OUT_11626,132.58663693382954
OUT_11627,132.58663693382954
OUT_11628,132.58663693382954
OUT_11629,132.58663693382954
OUT_11630,151.89453210732714
OUT_11631,130.7737948913275
OUT_11632,132.58663693382954
OUT_11633,132.58663693382954
OUT_11634,132.58663693382954
OUT_11635,132.58663693382954
OUT_11636,234.8653831792892
OUT_11637,132.58663693382954
OUT_11638,132.58663693382954
OUT_11639,132.58663693382954
OUT_11640,132.58663693382954
OUT_11641,132.58663693382954
OUT_11642,164.77776923575982
OUT_11643,331.3344192047027
OUT_11644,279.28381036798714
OUT_11645,132.58663693382954
OUT_11646,191.2765763156096
OUT_11647,135.29439738781542
OUT_11648,135.29439738781542
OUT_11649,132.58663693382954
OUT_11650,135.29439738781542
OUT_11651,132.58663693382954
OUT_11652,132.58663693382954
OUT_11653,132.58663693382954
OUT_11654,132.58663693382954
OUT_11655,132.58663693382954
OUT_11656,132.58663693382954
OUT_11657,132.58663693382954
OUT_11658,132.58663693382954
OUT_11659,135.29439738781542
OUT_11660,132.58663693382954
OUT_11661,132.58663693382954
OUT_11662,132.58663693382954
OUT_11663,132.58663693382954
OUT_11664,132.58663693382954
OUT_11665,260.88624402699065
OUT_11666,132.58663693382954
OUT_11667,132.58663693382954
OUT_11668,132.58663693382954
OUT_11669,135.29439738781542
OUT_11670,132.58663693382954
OUT_11671,132.58663693382954
OUT_11672,135.25138560942042
OUT_11673,132.58663693382954
OUT_11674,132.58663693382954
OUT_11675,132.58663693382954
OUT_11676,135.29439738781542
OUT_11677,135.29439738781542
OUT_11678,132.58663693382954
OUT_11679,132.58663693382954
OUT_11680,162.8522930454264
OUT_11681,132.58663693382954
OUT_11682,132.58663693382954
OUT_11683,145.5898231955919
OUT_11684,132.58663693382954
OUT_11685,132.58663693382954
OUT_11686,135.29439738781542
OUT_11687,132.58663693382954
OUT_11688,132.58663693382954
OUT_11689,132.58663693382954
OUT_11690,135.29439738781542
OUT_11691,132.58663693382954
OUT_11692,135.29439738781542
OUT_11693,132.58663693382954
OUT_11694,132.58663693382954
OUT_11695,132.58663693382954
OUT_11696,132.58663693382954
OUT_11697,337.087527245864
OUT_11698,135.29439738781542
OUT_11699,135.29439738781542
OUT_11700,132.58663693382954
OUT_11701,132.58663693382954
OUT_11702,132.58663693382954
OUT_11703,132.58663693382954
OUT_11704,132.58663693382954
OUT_11705,132.58663693382954
OUT_11706,132.58663693382954
OUT_11707,132.58663693382954
OUT_11708,132.58663693382954
OUT_11709,132.58663693382954
OUT_11710,132.58663693382954
OUT_11711,132.58663693382954
OUT_11712,132.58663693382954
OUT_11713,132.58663693382954
OUT_11714,132.58663693382954
OUT_11715,132.58663693382954
OUT_11716,130.7737948913275
OUT_11717,132.58663693382954
OUT_11718,135.29439738781542
OUT_11719,132.58663693382954
OUT_11720,264.37790958379816
OUT_11721,132.58663693382954
OUT_11722,132.58663693382954
OUT_11723,132.58663693382954
OUT_11724,132.58663693382954
OUT_11725,132.58663693382954
OUT_11726,132.58663693382954
OUT_11727,135.29439738781542
OUT_11728,135.29439738781542
OUT_11729,132.58663693382954
OUT_11730,132.58663693382954
OUT_11731,132.58663693382954
OUT_11732,132.58663693382954
OUT_11733,135.95221834199205
OUT_11734,132.58663693382954
OUT_11735,132.58663693382954
OUT_11736,132.58663693382954
OUT_11737,132.58663693382954
OUT_11738,132.58663693382954
OUT_11739,132.58663693382954
OUT_11740,132.58663693382954
OUT_11741,132.58663693382954
OUT_11742,132.58663693382954
OUT_11743,132.58663693382954
OUT_11744,132.58663693382954
OUT_11745,132.58663693382954
OUT_11746,135.29439738781542
OUT_11747,132.58663693382954
OUT_11748,132.58663693382954
OUT_11749,132.58663693382954
OUT_11750,132.58663693382954
OUT_11751,132.58663693382954
OUT_11752,130.7737948913275
OUT_11753,132.58663693382954
OUT_11754,132.58663693382954
OUT_11755,144.1751243817613
OUT_11756,135.29439738781542
OUT_11757,132.58663693382954
OUT_11758,132.58663693382954
OUT_11759,132.58663693382954
OUT_11760,132.58663693382954
OUT_11761,135.29439738781542
OUT_11762,132.58663693382954
OUT_11763,130.7737948913275
OUT_11764,132.58663693382954
OUT_11765,132.58663693382954
OUT_11766,135.29439738781542
OUT_11767,217.94972497439
OUT_11768,132.58663693382954
OUT_11769,132.58663693382954
OUT_11770,233.5132837548268
OUT_11771,132.58663693382954
OUT_11772,132.6306725784064
OUT_11773,132.6306725784064
OUT_11774,132.6306725784064
OUT_11775,132.6306725784064
OUT_11776,132.6306725784064
OUT_11777,132.6306725784064
OUT_11778,132.6306725784064
OUT_11779,132.6306725784064
OUT_11780,132.6306725784064
OUT_11781,132.6306725784064
OUT_11782,132.6306725784064
OUT_11783,132.6306725784064
OUT_11784,130.7737948913275
OUT_11785,132.6306725784064
OUT_11786,132.6306725784064
OUT_11787,132.6306725784064
OUT_11788,303.2446275999036
OUT_11789,135.29439738781542
OUT_11790,132.6306725784064
OUT_11791,132.6306725784064
OUT_11792,130.7737948913275
OUT_11793,132.6306725784064
OUT_11794,135.29439738781542
OUT_11795,130.7737948913275
OUT_11796,132.6306725784064
OUT_11797,132.5351888849424
OUT_11798,132.6306725784064
OUT_11799,132.6306725784064
OUT_11800,132.6306725784064
OUT_11801,135.29439738781542
OUT_11802,130.7737948913275
OUT_11803,132.6306725784064
OUT_11804,290.58219845947883
OUT_11805,135.29439738781542
OUT_11806,135.29439738781542
OUT_11807,132.6306725784064
OUT_11808,132.6306725784064
OUT_11809,132.6306725784064
OUT_11810,132.6306725784064
OUT_11811,132.6306725784064
OUT_11812,135.29439738781542
OUT_11813,132.6306725784064
OUT_11814,132.6306725784064
OUT_11815,132.6306725784064
OUT_11816,132.6306725784064
OUT_11817,132.6306725784064
OUT_11818,132.6306725784064
OUT_11819,135.29439738781542
OUT_11820,132.6306725784064
OUT_11821,132.6306725784064
OUT_11822,132.6306725784064
OUT_11823,132.6306725784064
OUT_11824,132.6306725784064
OUT_11825,132.6306725784064
OUT_11826,132.6306725784064
OUT_11827,132.6306725784064
OUT_11828,132.6306725784064
OUT_11829,132.6306725784064
OUT_11830,135.29439738781542
OUT_11831,132.6306725784064
OUT_11832,132.6306725784064
OUT_11833,132.6306725784064
OUT_11834,132.6306725784064
OUT_11835,135.29439738781542
OUT_11836,132.6306725784064
OUT_11837,135.29439738781542
OUT_11838,132.6306725784064
OUT_11839,132.6306725784064
OUT_11840,132.6306725784064
OUT_11841,132.6306725784064
OUT_11842,132.6306725784064
OUT_11843,207.3769593209724
OUT_11844,132.6306725784064
OUT_11845,139.8981623490816
OUT_11846,132.6306725784064
OUT_11847,135.29439738781542
OUT_11848,130.7737948913275
OUT_11849,132.6306725784064
OUT_11850,132.6306725784064
OUT_11851,130.7737948913275
OUT_11852,132.6306725784064
OUT_11853,366.90982553185984
OUT_11854,132.6306725784064
OUT_11855,132.6306725784064
OUT_11856,132.6306725784064
OUT_11857,135.29439738781542
OUT_11858,132.6306725784064
OUT_11859,132.6306725784064
OUT_11860,135.29439738781542
OUT_11861,132.6306725784064
OUT_11862,130.7737948913275
OUT_11863,132.6306725784064
OUT_11864,132.6306725784064
OUT_11865,130.7737948913275
OUT_11866,132.6306725784064
OUT_11867,132.6306725784064
OUT_11868,149.6481599167827
OUT_11869,132.6306725784064
OUT_11870,135.29439738781542
OUT_11871,135.29439738781542
OUT_11872,132.6306725784064
OUT_11873,132.6306725784064
OUT_11874,132.6306725784064
OUT_11875,132.6306725784064
OUT_11876,135.29439738781542
OUT_11877,132.6306725784064
OUT_11878,132.6306725784064
OUT_11879,132.6306725784064
OUT_11880,132.6306725784064
OUT_11881,135.29439738781542
OUT_11882,132.6306725784064
OUT_11883,149.52396775099328
OUT_11884,132.6306725784064
OUT_11885,132.6306725784064
OUT_11886,132.6306725784064
OUT_11887,132.6306725784064
OUT_11888,132.6306725784064
OUT_11889,132.6306725784064
OUT_11890,135.29439738781542
OUT_11891,132.6306725784064
OUT_11892,132.6306725784064
OUT_11893,132.6306725784064
OUT_11894,158.07268947793696
OUT_11895,130.7737948913275
OUT_11896,132.6306725784064
OUT_11897,132.6306725784064
OUT_11898,146.24016057521274
OUT_11899,132.6306725784064
OUT_11900,132.6306725784064
OUT_11901,132.6306725784064
OUT_11902,132.6306725784064
OUT_11903,132.6306725784064
OUT_11904,132.6306725784064
OUT_11905,132.6306725784064
OUT_11906,135.29439738781542
OUT_11907,132.6306725784064
OUT_11908,132.6306725784064
OUT_11909,132.6306725784064
OUT_11910,135.29439738781542
OUT_11911,134.19499916826118
OUT_11912,132.6306725784064
OUT_11913,132.6306725784064
OUT_11914,135.29439738781542
OUT_11915,132.6306725784064
OUT_11916,135.29439738781542
OUT_11917,130.7737948913275
OUT_11918,132.6306725784064
OUT_11919,132.6306725784064
OUT_11920,135.29439738781542
OUT_11921,132.6306725784064
OUT_11922,135.29439738781542
OUT_11923,132.6306725784064
OUT_11924,132.6306725784064
OUT_11925,132.6306725784064
OUT_11926,132.6306725784064
OUT_11927,130.7737948913275
OUT_11928,132.6306725784064
OUT_11929,135.73731558785448
OUT_11930,132.6306725784064
OUT_11931,132.6306725784064
OUT_11932,132.6306725784064
OUT_11933,132.6306725784064
OUT_11934,132.6306725784064
OUT_11935,132.6306725784064
OUT_11936,132.6306725784064
OUT_11937,132.6306725784064
OUT_11938,135.29439738781542
OUT_11939,135.29439738781542
OUT_11940,132.6306725784064
OUT_11941,132.6306725784064
OUT_11942,132.6306725784064
OUT_11943,135.29439738781542
OUT_11944,147.60486881653242
OUT_11945,132.6306725784064
OUT_11946,135.29439738781542
OUT_11947,135.29439738781542
OUT_11948,132.6306725784064
OUT_11949,316.7058590791485
OUT_11950,263.00004831597647
OUT_11951,148.9833274031017
OUT_11952,132.6306725784064
OUT_11953,132.6306725784064
OUT_11954,132.6306725784064
OUT_11955,132.6306725784064
OUT_11956,132.6306725784064
OUT_11957,135.29439738781542
OUT_11958,135.29439738781542
OUT_11959,132.6306725784064
OUT_11960,132.6306725784064
OUT_11961,169.04463322558345
OUT_11962,132.6306725784064
OUT_11963,132.6306725784064
OUT_11964,132.6306725784064
OUT_11965,132.6306725784064
OUT_11966,132.6306725784064
OUT_11967,132.6306725784064
OUT_11968,134.74725189659478
OUT_11969,135.29439738781542
OUT_11970,132.6306725784064
OUT_11971,135.29439738781542
OUT_11972,132.6306725784064
OUT_11973,135.29439738781542
OUT_11974,132.6306725784064
OUT_11975,132.6306725784064
OUT_11976,136.47626950706473
OUT_11977,132.6306725784064
OUT_11978,132.6306725784064
OUT_11979,132.6306725784064
OUT_11980,132.6306725784064
OUT_11981,271.18339525483697
OUT_11982,130.7737948913275
OUT_11983,135.29439738781542
OUT_11984,130.7737948913275
OUT_11985,132.6306725784064
OUT_11986,135.29439738781542
OUT_11987,135.29439738781542
OUT_11988,132.6306725784064
OUT_11989,130.7737948913275
OUT_11990,132.6306725784064
OUT_11991,132.6306725784064
OUT_11992,132.6306725784064
OUT_11993,132.6306725784064
OUT_11994,132.6306725784064
OUT_11995,132.6306725784064
OUT_11996,132.6306725784064
OUT_11997,135.29439738781542
OUT_11998,130.7737948913275
OUT_11999,132.6306725784064
OUT_12000,132.6306725784064
OUT_12001,130.7737948913275
OUT_12002,132.6306725784064
OUT_12003,132.6306725784064
OUT_12004,272.82859836484363
OUT_12005,132.6306725784064
OUT_12006,132.6306725784064
OUT_12007,132.6306725784064
OUT_12008,132.6306725784064
OUT_12009,132.6306725784064
OUT_12010,132.6306725784064
OUT_12011,132.6306725784064
OUT_12012,154.0081511506186
OUT_12013,132.6306725784064
OUT_12014,132.6306725784064
OUT_12015,298.868770600337
OUT_12016,132.6306725784064
OUT_12017,132.6306725784064
OUT_12018,135.29439738781542
OUT_12019,132.6306725784064
OUT_12020,132.6306725784064
OUT_12021,132.6306725784064
OUT_12022,132.6306725784064
OUT_12023,132.6306725784064
OUT_12024,132.6306725784064
OUT_12025,132.6306725784064
OUT_12026,337.9817283288966
OUT_12027,135.29439738781542
OUT_12028,135.29439738781542
OUT_12029,132.6306725784064
OUT_12030,132.6306725784064
OUT_12031,132.6306725784064
OUT_12032,132.6306725784064
OUT_12033,132.6306725784064
OUT_12034,132.6306725784064
OUT_12035,135.29439738781542
OUT_12036,152.83997210935237
OUT_12037,132.6306725784064
OUT_12038,132.6306725784064
OUT_12039,132.6306725784064
OUT_12040,132.6306725784064
OUT_12041,135.29439738781542
OUT_12042,132.6306725784064
OUT_12043,132.6306725784064
OUT_12044,132.6306725784064
OUT_12045,135.29439738781542
OUT_12046,132.6306725784064
OUT_12047,132.6306725784064
OUT_12048,135.29439738781542
OUT_12049,132.6306725784064
OUT_12050,132.6306725784064
OUT_12051,132.6306725784064
OUT_12052,132.6306725784064
OUT_12053,132.6306725784064
OUT_12054,132.6306725784064
OUT_12055,132.6306725784064
OUT_12056,132.6306725784064
OUT_12057,135.29439738781542
OUT_12058,132.6306725784064
OUT_12059,130.7737948913275
OUT_12060,199.03019102452492
OUT_12061,132.6306725784064
OUT_12062,135.29439738781542
OUT_12063,132.6306725784064
OUT_12064,132.6306725784064
OUT_12065,132.6306725784064
OUT_12066,132.6306725784064
OUT_12067,132.6306725784064
OUT_12068,135.29439738781542
OUT_12069,132.6306725784064
OUT_12070,132.6306725784064
OUT_12071,132.6306725784064
OUT_12072,132.6306725784064
OUT_12073,132.6306725784064
OUT_12074,174.57437169449597
OUT_12075,132.6306725784064
OUT_12076,132.6306725784064
OUT_12077,132.6306725784064
OUT_12078,132.6306725784064
OUT_12079,132.6306725784064
OUT_12080,135.29439738781542
OUT_12081,135.29439738781542
OUT_12082,132.6306725784064
OUT_12083,132.6306725784064
OUT_12084,132.6306725784064
OUT_12085,132.6306725784064
OUT_12086,132.6306725784064
OUT_12087,132.6306725784064
OUT_12088,132.6306725784064
OUT_12089,132.6306725784064
OUT_12090,132.6306725784064
OUT_12091,172.19584589645294
OUT_12092,132.6306725784064
OUT_12093,132.6306725784064
OUT_12094,132.6306725784064
OUT_12095,132.6306725784064
OUT_12096,132.6306725784064
OUT_12097,132.6306725784064
OUT_12098,132.6306725784064
OUT_12099,130.7737948913275
OUT_12100,132.6306725784064
OUT_12101,135.29439738781542
OUT_12102,132.6306725784064
OUT_12103,132.6306725784064
OUT_12104,132.6306725784064
OUT_12105,132.6306725784064
OUT_12106,132.6306725784064
OUT_12107,132.6306725784064
OUT_12108,293.0276702815694
OUT_12109,132.6306725784064
OUT_12110,132.6306725784064
OUT_12111,132.6306725784064
OUT_12112,132.6306725784064
OUT_12113,151.2950763346726
OUT_12114,132.6306725784064
OUT_12115,135.29439738781542
OUT_12116,132.6306725784064
OUT_12117,132.6306725784064
OUT_12118,132.6306725784064
OUT_12119,132.6306725784064
OUT_12120,135.29439738781542
OUT_12121,130.7737948913275
OUT_12122,130.7737948913275
OUT_12123,132.6306725784064
OUT_12124,132.6306725784064
OUT_12125,135.29439738781542
OUT_12126,135.29439738781542
OUT_12127,135.29439738781542
OUT_12128,135.29439738781542
OUT_12129,135.29439738781542
OUT_12130,132.6306725784064
OUT_12131,418.51609428955743
OUT_12132,132.6306725784064
OUT_12133,132.6306725784064
OUT_12134,132.6306725784064
OUT_12135,132.6306725784064
OUT_12136,132.6306725784064
OUT_12137,132.6306725784064
OUT_12138,160.8107003683914
OUT_12139,132.6306725784064
OUT_12140,132.6306725784064
OUT_12141,305.45827877580183
OUT_12142,254.96752718276517
OUT_12143,132.6306725784064
OUT_12144,132.6306725784064
OUT_12145,132.6306725784064
OUT_12146,132.6306725784064
OUT_12147,132.6306725784064
OUT_12148,132.6306725784064
OUT_12149,132.6306725784064
OUT_12150,132.6306725784064
OUT_12151,132.6306725784064
OUT_12152,170.74857774555025
OUT_12153,135.29439738781542
OUT_12154,132.6306725784064
OUT_12155,132.6306725784064
OUT_12156,132.6306725784064
OUT_12157,132.6306725784064
OUT_12158,132.6306725784064
OUT_12159,320.4143246009703
OUT_12160,132.6306725784064
OUT_12161,135.29439738781542
OUT_12162,286.84000329004186
OUT_12163,132.6306725784064
OUT_12164,135.29439738781542
OUT_12165,132.6306725784064
OUT_12166,132.6306725784064
OUT_12167,132.6306725784064
OUT_12168,130.7737948913275
OUT_12169,132.6306725784064
OUT_12170,132.6306725784064
OUT_12171,135.29439738781542
OUT_12172,130.7737948913275
OUT_12173,132.6306725784064
OUT_12174,132.6306725784064
OUT_12175,132.6306725784064
OUT_12176,132.6306725784064
OUT_12177,132.6306725784064
OUT_12178,132.6306725784064
OUT_12179,132.6306725784064
OUT_12180,132.6306725784064
OUT_12181,132.6306725784064
OUT_12182,132.6306725784064
OUT_12183,132.6306725784064
OUT_12184,135.29439738781542
OUT_12185,132.6306725784064
OUT_12186,135.29439738781542
OUT_12187,130.7737948913275
OUT_12188,132.6306725784064
OUT_12189,132.6306725784064
OUT_12190,132.6306725784064
OUT_12191,135.29439738781542
OUT_12192,132.6306725784064
OUT_12193,132.6306725784064
OUT_12194,135.29439738781542
OUT_12195,132.6306725784064
OUT_12196,132.6306725784064
OUT_12197,132.6306725784064
OUT_12198,130.7737948913275
OUT_12199,132.6306725784064
OUT_12200,132.6306725784064
OUT_12201,132.6306725784064
OUT_12202,132.6306725784064
OUT_12203,143.55109744891047
OUT_12204,132.6306725784064
OUT_12205,372.8309981500751
OUT_12206,366.8084978207085
OUT_12207,132.6306725784064
OUT_12208,132.6306725784064
OUT_12209,132.6306725784064
OUT_12210,132.6306725784064
OUT_12211,130.7737948913275
OUT_12212,132.6306725784064
OUT_12213,132.6306725784064
OUT_12214,132.6306725784064
OUT_12215,138.36386304135897
OUT_12216,132.6306725784064
OUT_12217,132.6306725784064
OUT_12218,132.6306725784064
OUT_12219,132.6306725784064
OUT_12220,132.93726450334347
OUT_12221,130.7737948913275
OUT_12222,132.6306725784064
OUT_12223,132.6306725784064
OUT_12224,132.6306725784064
OUT_12225,135.29439738781542
OUT_12226,135.29439738781542
OUT_12227,132.6306725784064
OUT_12228,132.6306725784064
OUT_12229,132.6306725784064
OUT_12230,132.6306725784064
OUT_12231,132.6306725784064
OUT_12232,132.6306725784064
OUT_12233,132.6306725784064
OUT_12234,130.7737948913275
OUT_12235,132.6306725784064
OUT_12236,132.6306725784064
OUT_12237,136.31762060581315
OUT_12238,132.6306725784064
OUT_12239,132.6306725784064
OUT_12240,135.29439738781542
OUT_12241,132.6306725784064
OUT_12242,154.5444199778072
OUT_12243,132.6306725784064
OUT_12244,132.6306725784064
OUT_12245,132.6306725784064
OUT_12246,130.7737948913275
OUT_12247,132.6306725784064
OUT_12248,132.6306725784064
OUT_12249,263.8846411557324
OUT_12250,135.29439738781542
OUT_12251,132.6306725784064
OUT_12252,130.7737948913275
OUT_12253,132.6306725784064
OUT_12254,130.7737948913275
OUT_12255,132.6306725784064
OUT_12256,135.29439738781542
OUT_12257,132.6306725784064
OUT_12258,437.6470574339945
OUT_12259,132.6306725784064
OUT_12260,135.29439738781542
OUT_12261,132.6306725784064
OUT_12262,132.6306725784064
OUT_12263,277.44348500583646
OUT_12264,276.1311573435416
OUT_12265,130.7737948913275
OUT_12266,132.6306725784064
OUT_12267,130.7737948913275
OUT_12268,283.1706862659224
OUT_12269,132.6306725784064
OUT_12270,132.6306725784064
OUT_12271,132.6306725784064
OUT_12272,132.6306725784064
OUT_12273,130.7737948913275
OUT_12274,132.6306725784064
OUT_12275,132.6306725784064
OUT_12276,132.6306725784064
OUT_12277,364.4571271184988
OUT_12278,132.6306725784064
OUT_12279,132.6306725784064
OUT_12280,132.6306725784064
OUT_12281,132.6306725784064
OUT_12282,132.6306725784064
OUT_12283,133.83754582172995
OUT_12284,132.6306725784064
OUT_12285,132.6306725784064
OUT_12286,132.6306725784064
OUT_12287,130.7737948913275
OUT_12288,135.29439738781542
OUT_12289,132.6306725784064
OUT_12290,130.7737948913275
OUT_12291,194.2975085622744
OUT_12292,132.6306725784064
OUT_12293,132.6306725784064
OUT_12294,132.6306725784064
OUT_12295,132.6306725784064
OUT_12296,135.29439738781542
OUT_12297,130.7737948913275
OUT_12298,132.6306725784064
OUT_12299,132.6306725784064
OUT_12300,132.6306725784064
OUT_12301,132.6306725784064
OUT_12302,132.6306725784064
OUT_12303,132.6306725784064
OUT_12304,132.6306725784064
OUT_12305,135.29439738781542
OUT_12306,229.36478729812265
OUT_12307,135.29439738781542
OUT_12308,132.6306725784064
OUT_12309,130.7737948913275
OUT_12310,132.6306725784064
OUT_12311,132.6306725784064
OUT_12312,132.6306725784064
OUT_12313,132.6306725784064
OUT_12314,132.6306725784064
OUT_12315,132.6306725784064
OUT_12316,130.7737948913275
OUT_12317,132.6306725784064
OUT_12318,135.29439738781542
OUT_12319,135.29439738781542
OUT_12320,132.6306725784064
OUT_12321,132.6306725784064
OUT_12322,135.29439738781542
OUT_12323,135.29439738781542
OUT_12324,135.29439738781542
OUT_12325,132.6306725784064
OUT_12326,132.6306725784064
OUT_12327,157.88278641089656
OUT_12328,132.6306725784064
OUT_12329,132.6306725784064
OUT_12330,132.6306725784064
OUT_12331,132.99111762408955
OUT_12332,132.6306725784064
OUT_12333,132.6306725784064
OUT_12334,368.1503743865821
OUT_12335,132.6306725784064
OUT_12336,132.6306725784064
OUT_12337,132.6306725784064
OUT_12338,132.6306725784064
OUT_12339,132.6306725784064
OUT_12340,132.6306725784064
OUT_12341,132.6306725784064
OUT_12342,132.6306725784064
OUT_12343,174.17593628730918
OUT_12344,132.6306725784064
OUT_12345,260.8375248825608
OUT_12346,132.6306725784064
OUT_12347,132.6306725784064
OUT_12348,271.56895957481083
OUT_12349,132.6306725784064
OUT_12350,132.6306725784064
OUT_12351,132.6306725784064
OUT_12352,132.6306725784064
OUT_12353,132.6306725784064
OUT_12354,132.6306725784064
OUT_12355,132.6306725784064
OUT_12356,132.6306725784064
OUT_12357,132.6306725784064
OUT_12358,132.6306725784064
OUT_12359,132.6306725784064
OUT_12360,218.9863058257612
OUT_12361,132.6306725784064
OUT_12362,132.6306725784064
OUT_12363,132.6306725784064
OUT_12364,132.6306725784064
OUT_12365,132.6306725784064
OUT_12366,132.6306725784064
OUT_12367,132.6306725784064
OUT_12368,285.96234057579943
OUT_12369,132.6306725784064
OUT_12370,132.6306725784064
OUT_12371,135.64031332826514
OUT_12372,252.59681226742552
OUT_12373,135.29439738781542
OUT_12374,135.29439738781542
OUT_12375,132.6306725784064
OUT_12376,132.6306725784064
OUT_12377,132.6306725784064
OUT_12378,135.29439738781542
OUT_12379,132.6306725784064
OUT_12380,132.6306725784064
OUT_12381,139.81188419027922
OUT_12382,132.6306725784064
OUT_12383,132.6306725784064
OUT_12384,157.65289354075472
OUT_12385,132.6306725784064
OUT_12386,135.29439738781542
OUT_12387,132.6306725784064
OUT_12388,132.6306725784064
OUT_12389,132.6306725784064
OUT_12390,132.6306725784064
OUT_12391,132.6306725784064
OUT_12392,132.6306725784064
OUT_12393,132.6306725784064
OUT_12394,160.99262010674147
OUT_12395,132.6306725784064
OUT_12396,132.6306725784064
OUT_12397,132.6306725784064
OUT_12398,287.97302158695044
OUT_12399,132.6306725784064
OUT_12400,301.9280386358717
OUT_12401,132.6306725784064
OUT_12402,135.29439738781542
OUT_12403,132.6306725784064
OUT_12404,132.6306725784064
OUT_12405,132.6306725784064
OUT_12406,132.6306725784064
OUT_12407,132.6306725784064
OUT_12408,132.6306725784064
OUT_12409,132.6306725784064
OUT_12410,132.6306725784064
OUT_12411,132.6306725784064
OUT_12412,132.6306725784064
OUT_12413,132.6306725784064
OUT_12414,132.6306725784064
OUT_12415,132.6306725784064
OUT_12416,132.6306725784064
OUT_12417,132.6306725784064
OUT_12418,130.7737948913275
OUT_12419,132.6306725784064
OUT_12420,132.6306725784064
OUT_12421,135.29439738781542
OUT_12422,135.29439738781542
OUT_12423,130.7737948913275
OUT_12424,132.6306725784064
OUT_12425,303.9582926504889
OUT_12426,132.6306725784064
OUT_12427,132.6306725784064
OUT_12428,132.6306725784064
OUT_12429,132.6306725784064
OUT_12430,132.6306725784064
OUT_12431,132.6306725784064
OUT_12432,135.29439738781542
OUT_12433,132.6306725784064
OUT_12434,132.6306725784064
OUT_12435,132.6306725784064
OUT_12436,147.348229293639
OUT_12437,132.6306725784064
OUT_12438,132.6306725784064
OUT_12439,132.6306725784064
OUT_12440,137.89871322517516
OUT_12441,132.6306725784064
OUT_12442,132.6306725784064
OUT_12443,132.6306725784064
OUT_12444,132.6306725784064
OUT_12445,222.88020282350053
OUT_12446,132.6306725784064
OUT_12447,132.6306725784064
OUT_12448,132.6306725784064
OUT_12449,130.7737948913275
OUT_12450,132.6306725784064
OUT_12451,135.29439738781542
OUT_12452,132.6306725784064
OUT_12453,132.6306725784064
OUT_12454,130.7737948913275
OUT_12455,132.6306725784064
OUT_12456,135.29439738781542
OUT_12457,132.6306725784064
OUT_12458,132.6306725784064
OUT_12459,132.6306725784064
OUT_12460,189.3682039233252
OUT_12461,132.6306725784064
OUT_12462,130.7737948913275
OUT_12463,135.29439738781542
OUT_12464,132.6306725784064
OUT_12465,135.29439738781542
OUT_12466,132.6306725784064
OUT_12467,132.6306725784064
OUT_12468,132.6306725784064
OUT_12469,132.6306725784064
OUT_12470,132.6306725784064
OUT_12471,132.6306725784064
OUT_12472,132.6306725784064
OUT_12473,132.6306725784064
OUT_12474,132.6306725784064
OUT_12475,135.29439738781542
OUT_12476,135.29439738781542
OUT_12477,132.6306725784064
OUT_12478,135.29439738781542
OUT_12479,132.6306725784064
OUT_12480,130.7737948913275
OUT_12481,132.6306725784064
OUT_12482,132.6306725784064
OUT_12483,132.6306725784064
OUT_12484,228.8973628315234
OUT_12485,132.6306725784064
OUT_12486,132.6306725784064
OUT_12487,132.6306725784064
OUT_12488,195.84577920518328
OUT_12489,132.6306725784064
OUT_12490,132.6306725784064
OUT_12491,132.6306725784064
OUT_12492,266.4272846529805
OUT_12493,132.6306725784064
OUT_12494,273.77521568735585
OUT_12495,135.29439738781542
OUT_12496,132.6306725784064
OUT_12497,132.6306725784064
OUT_12498,132.6306725784064
OUT_12499,132.6306725784064
OUT_12500,135.29439738781542
OUT_12501,132.6306725784064
OUT_12502,132.6306725784064
OUT_12503,132.6306725784064
OUT_12504,132.6306725784064
OUT_12505,132.6306725784064
OUT_12506,135.29439738781542
OUT_12507,132.6306725784064
OUT_12508,132.6306725784064
OUT_12509,139.23762164936292
OUT_12510,132.6306725784064
OUT_12511,132.6306725784064
OUT_12512,132.6306725784064
OUT_12513,130.7737948913275
OUT_12514,255.19061940171864
OUT_12515,132.6306725784064
OUT_12516,135.29439738781542
OUT_12517,132.6306725784064
OUT_12518,135.29439738781542
OUT_12519,130.7737948913275
OUT_12520,132.6306725784064
OUT_12521,132.6306725784064
OUT_12522,135.29439738781542
OUT_12523,132.6306725784064
OUT_12524,132.6306725784064
OUT_12525,132.6306725784064
OUT_12526,132.6306725784064
OUT_12527,132.6306725784064
OUT_12528,132.6306725784064
OUT_12529,135.29439738781542
OUT_12530,132.6306725784064
OUT_12531,149.42416933213968
OUT_12532,132.6306725784064
OUT_12533,132.6306725784064
OUT_12534,135.29439738781542
OUT_12535,132.6306725784064
OUT_12536,153.12433842572324
OUT_12537,135.29439738781542
OUT_12538,132.6306725784064
OUT_12539,132.6306725784064
OUT_12540,132.6306725784064
OUT_12541,132.6306725784064
OUT_12542,132.6306725784064
OUT_12543,135.29439738781542
OUT_12544,135.29439738781542
OUT_12545,132.6306725784064
OUT_12546,132.6306725784064
OUT_12547,132.6306725784064
OUT_12548,132.6306725784064
OUT_12549,132.6306725784064
OUT_12550,132.6306725784064
OUT_12551,132.6306725784064
OUT_12552,148.01261021989362
OUT_12553,132.6306725784064
OUT_12554,132.6306725784064
OUT_12555,132.6306725784064
OUT_12556,135.29439738781542
OUT_12557,132.6306725784064
OUT_12558,132.6306725784064
OUT_12559,132.6306725784064
OUT_12560,132.6306725784064
OUT_12561,256.8168300924036
OUT_12562,133.22712158055302
OUT_12563,132.6306725784064
OUT_12564,132.6306725784064
OUT_12565,132.6306725784064
OUT_12566,132.6306725784064
OUT_12567,132.6306725784064
OUT_12568,132.6306725784064
OUT_12569,132.6306725784064
OUT_12570,132.6306725784064
OUT_12571,130.7737948913275
OUT_12572,135.29439738781542
OUT_12573,132.6306725784064
OUT_12574,135.29439738781542
OUT_12575,132.6306725784064
OUT_12576,132.6306725784064
OUT_12577,132.6306725784064
OUT_12578,132.6306725784064
OUT_12579,132.6306725784064
OUT_12580,132.6306725784064
OUT_12581,132.6306725784064
OUT_12582,158.06455434419826
OUT_12583,132.6306725784064
OUT_12584,132.6306725784064
OUT_12585,132.6306725784064
OUT_12586,132.6306725784064
OUT_12587,132.6306725784064
OUT_12588,374.7609772514353
OUT_12589,132.6306725784064
OUT_12590,132.6306725784064
OUT_12591,132.6306725784064
OUT_12592,340.2748800713208
OUT_12593,132.6306725784064
OUT_12594,132.6306725784064
OUT_12595,130.7737948913275
OUT_12596,132.6306725784064
OUT_12597,132.6306725784064
OUT_12598,137.82517879968364
OUT_12599,132.6306725784064
OUT_12600,132.6306725784064
OUT_12601,132.6306725784064
OUT_12602,132.6306725784064
OUT_12603,132.6306725784064
OUT_12604,135.29439738781542
OUT_12605,135.29439738781542
OUT_12606,132.6306725784064
OUT_12607,132.6306725784064
OUT_12608,132.6306725784064
OUT_12609,132.6306725784064
OUT_12610,132.6306725784064
OUT_12611,132.6306725784064
OUT_12612,132.6306725784064
OUT_12613,132.6306725784064
OUT_12614,132.6306725784064
OUT_12615,132.6306725784064
OUT_12616,132.6306725784064
OUT_12617,132.6306725784064
OUT_12618,132.6306725784064
OUT_12619,132.6306725784064
OUT_12620,132.6306725784064
OUT_12621,132.6306725784064
OUT_12622,132.6306725784064
OUT_12623,137.4529366348923
OUT_12624,376.9989515312722
OUT_12625,249.0712901463376
OUT_12626,132.6306725784064
OUT_12627,132.6306725784064
OUT_12628,130.7737948913275
OUT_12629,143.88577735826115
OUT_12630,132.6306725784064
OUT_12631,132.6306725784064
OUT_12632,132.6306725784064
OUT_12633,132.6306725784064
OUT_12634,135.29439738781542
OUT_12635,132.6306725784064
OUT_12636,132.6306725784064
OUT_12637,132.6306725784064
OUT_12638,217.76232590508863
OUT_12639,132.6306725784064
OUT_12640,132.6306725784064
OUT_12641,163.111513519023
OUT_12642,277.56180692448487
OUT_12643,132.6306725784064
OUT_12644,132.6306725784064
OUT_12645,132.6306725784064
OUT_12646,132.6306725784064
OUT_12647,132.6306725784064
OUT_12648,132.6306725784064
OUT_12649,132.6306725784064
OUT_12650,132.6306725784064
OUT_12651,135.29439738781542
OUT_12652,132.6306725784064
OUT_12653,135.29439738781542
OUT_12654,132.6306725784064
OUT_12655,135.29439738781542
OUT_12656,135.29439738781542
OUT_12657,132.6306725784064
OUT_12658,172.81568773364737
OUT_12659,135.29439738781542
OUT_12660,132.6306725784064
OUT_12661,132.6306725784064
OUT_12662,132.6306725784064
OUT_12663,130.7737948913275
OUT_12664,132.6306725784064
OUT_12665,132.6306725784064
OUT_12666,132.6306725784064
OUT_12667,132.6306725784064
OUT_12668,132.6306725784064
OUT_12669,132.6306725784064
OUT_12670,130.7737948913275
OUT_12671,132.6306725784064
OUT_12672,132.6306725784064
OUT_12673,132.6306725784064
OUT_12674,135.29439738781542
OUT_12675,315.6794730669087
OUT_12676,132.6306725784064
OUT_12677,132.6306725784064
OUT_12678,135.29439738781542
OUT_12679,132.6306725784064
OUT_12680,132.6306725784064
OUT_12681,135.29439738781542
OUT_12682,132.6306725784064
OUT_12683,296.4590230242074
OUT_12684,132.6306725784064
OUT_12685,132.6306725784064
OUT_12686,132.6306725784064
OUT_12687,132.6306725784064
OUT_12688,135.29439738781542
OUT_12689,132.6306725784064
OUT_12690,132.6306725784064
OUT_12691,269.4218410012125
OUT_12692,132.6306725784064
OUT_12693,132.6306725784064
OUT_12694,132.6306725784064
OUT_12695,132.6306725784064
OUT_12696,132.6306725784064
OUT_12697,132.6306725784064
OUT_12698,132.6306725784064
OUT_12699,132.6306725784064
OUT_12700,135.29439738781542
OUT_12701,135.29439738781542
OUT_12702,130.7737948913275
OUT_12703,132.6306725784064
OUT_12704,135.29439738781542
OUT_12705,135.44968924717506
OUT_12706,132.6306725784064
OUT_12707,132.6306725784064
OUT_12708,132.6306725784064
OUT_12709,132.6306725784064
OUT_12710,132.6306725784064
OUT_12711,132.6306725784064
OUT_12712,132.6306725784064
OUT_12713,132.6306725784064
OUT_12714,130.7737948913275
OUT_12715,132.6306725784064
OUT_12716,132.6306725784064
OUT_12717,132.6306725784064
OUT_12718,132.6306725784064
OUT_12719,132.6306725784064
OUT_12720,132.6306725784064
OUT_12721,132.6306725784064
OUT_12722,132.6306725784064
OUT_12723,132.6306725784064
OUT_12724,132.6306725784064
OUT_12725,132.6306725784064
OUT_12726,132.6306725784064
OUT_12727,132.6306725784064
OUT_12728,278.7970112632327
OUT_12729,130.7737948913275
OUT_12730,132.6306725784064
OUT_12731,132.6306725784064
OUT_12732,132.6306725784064
OUT_12733,132.6306725784064
OUT_12734,203.48697420762127
OUT_12735,132.6306725784064
OUT_12736,132.6306725784064
OUT_12737,132.6306725784064
OUT_12738,132.6306725784064
OUT_12739,132.6306725784064
OUT_12740,132.6306725784064
OUT_12741,132.6306725784064
OUT_12742,358.11285373224337
OUT_12743,132.6306725784064
OUT_12744,132.6306725784064
OUT_12745,132.6306725784064
OUT_12746,132.6306725784064
OUT_12747,132.6306725784064
OUT_12748,132.6306725784064
OUT_12749,135.29439738781542
OUT_12750,132.6306725784064
OUT_12751,132.6306725784064
OUT_12752,132.6306725784064
OUT_12753,132.6306725784064
OUT_12754,132.6306725784064
OUT_12755,135.29439738781542
OUT_12756,132.6306725784064
OUT_12757,132.6306725784064
OUT_12758,130.7737948913275
OUT_12759,132.6306725784064
OUT_12760,135.29439738781542
OUT_12761,132.6306725784064
OUT_12762,132.6306725784064
OUT_12763,132.6306725784064
OUT_12764,132.6306725784064
OUT_12765,132.6306725784064
OUT_12766,132.6306725784064
OUT_12767,132.6306725784064
OUT_12768,135.29439738781542
OUT_12769,132.6306725784064
OUT_12770,132.6306725784064
OUT_12771,132.6306725784064
OUT_12772,132.6306725784064
OUT_12773,132.6306725784064
OUT_12774,132.6306725784064
OUT_12775,132.6306725784064
OUT_12776,132.6306725784064
OUT_12777,135.29439738781542
OUT_12778,132.6306725784064
OUT_12779,132.6306725784064
OUT_12780,132.6306725784064
OUT_12781,132.6306725784064
OUT_12782,130.7737948913275
OUT_12783,132.6306725784064
OUT_12784,132.6306725784064
OUT_12785,132.6306725784064
OUT_12786,132.6306725784064
OUT_12787,132.6306725784064
OUT_12788,132.6306725784064
OUT_12789,132.6306725784064
OUT_12790,132.6306725784064
OUT_12791,132.6306725784064
OUT_12792,132.6306725784064
OUT_12793,132.6306725784064
OUT_12794,132.6306725784064
OUT_12795,135.29439738781542
OUT_12796,132.6306725784064
OUT_12797,132.6306725784064
OUT_12798,132.6306725784064
OUT_12799,132.6306725784064
OUT_12800,132.6306725784064
OUT_12801,132.6306725784064
OUT_12802,132.6306725784064
OUT_12803,135.29439738781542
OUT_12804,132.6306725784064
OUT_12805,132.6306725784064
OUT_12806,132.6306725784064
OUT_12807,132.6306725784064
OUT_12808,135.29439738781542
OUT_12809,132.6306725784064
OUT_12810,132.6306725784064
OUT_12811,132.6306725784064
OUT_12812,135.29439738781542
OUT_12813,132.6306725784064
OUT_12814,132.6306725784064
OUT_12815,132.6306725784064
OUT_12816,130.7737948913275
OUT_12817,132.6306725784064
OUT_12818,132.6306725784064
OUT_12819,132.6306725784064
OUT_12820,132.6306725784064
OUT_12821,132.6306725784064
OUT_12822,132.6306725784064
OUT_12823,130.7737948913275
OUT_12824,132.6306725784064
OUT_12825,132.6306725784064
OUT_12826,132.6306725784064
OUT_12827,132.6306725784064
OUT_12828,132.6306725784064
OUT_12829,132.6306725784064
OUT_12830,132.6306725784064
OUT_12831,132.6306725784064
OUT_12832,132.6306725784064
OUT_12833,135.29439738781542
OUT_12834,389.3544572651468
OUT_12835,132.6306725784064
OUT_12836,132.6306725784064
OUT_12837,132.6306725784064
OUT_12838,130.7737948913275
OUT_12839,135.29439738781542
OUT_12840,132.6306725784064
OUT_12841,132.6306725784064
OUT_12842,132.6306725784064
OUT_12843,132.6306725784064
OUT_12844,132.6306725784064
OUT_12845,132.6306725784064
OUT_12846,132.6306725784064
OUT_12847,135.29439738781542
OUT_12848,141.81366677646264
OUT_12849,132.6306725784064
OUT_12850,132.6306725784064
OUT_12851,132.6306725784064
OUT_12852,135.29439738781542
OUT_12853,132.6306725784064
OUT_12854,132.6306725784064
OUT_12855,306.3507497298565
OUT_12856,132.6306725784064
OUT_12857,132.6306725784064
OUT_12858,132.6306725784064
OUT_12859,135.29439738781542
OUT_12860,130.7737948913275
OUT_12861,132.6306725784064
OUT_12862,132.6306725784064
OUT_12863,132.6306725784064
OUT_12864,132.6306725784064
OUT_12865,226.53187182409144
OUT_12866,132.6306725784064
OUT_12867,132.6306725784064
OUT_12868,132.6306725784064
OUT_12869,132.6306725784064
OUT_12870,132.6306725784064
OUT_12871,132.6306725784064
OUT_12872,132.6306725784064
OUT_12873,248.5979618125672
OUT_12874,350.9985389429808
OUT_12875,138.33911478875967
OUT_12876,135.29439738781542
OUT_12877,132.6306725784064
OUT_12878,132.6306725784064
OUT_12879,132.6306725784064
OUT_12880,132.6306725784064
OUT_12881,132.6306725784064
OUT_12882,324.4777241844567
OUT_12883,132.6306725784064
OUT_12884,132.6306725784064
OUT_12885,132.6306725784064
OUT_12886,135.29439738781542
OUT_12887,132.6306725784064
OUT_12888,132.6306725784064
OUT_12889,132.6306725784064
OUT_12890,320.9929811971645
OUT_12891,132.6306725784064
OUT_12892,132.6306725784064
OUT_12893,132.6306725784064
OUT_12894,130.7737948913275
OUT_12895,132.6306725784064
OUT_12896,135.29439738781542
OUT_12897,132.6306725784064
OUT_12898,130.7737948913275
OUT_12899,130.7737948913275
OUT_12900,132.6306725784064
OUT_12901,132.6306725784064
OUT_12902,132.6306725784064
OUT_12903,132.6306725784064
OUT_12904,132.6306725784064
OUT_12905,132.6306725784064
OUT_12906,167.25164436009405
OUT_12907,132.6306725784064
OUT_12908,132.6306725784064
OUT_12909,132.6306725784064
OUT_12910,132.6306725784064
OUT_12911,146.3681174558328
OUT_12912,130.7737948913275
OUT_12913,132.6306725784064
OUT_12914,132.6306725784064
OUT_12915,132.6306725784064
OUT_12916,132.6306725784064
OUT_12917,132.6306725784064
OUT_12918,135.29439738781542
OUT_12919,132.6306725784064
OUT_12920,132.6306725784064
OUT_12921,132.6306725784064
OUT_12922,132.6306725784064
OUT_12923,132.70034067696196
OUT_12924,132.6306725784064
OUT_12925,132.6306725784064
OUT_12926,132.6306725784064
OUT_12927,132.6306725784064
OUT_12928,132.6306725784064
OUT_12929,132.6306725784064
OUT_12930,135.29439738781542
OUT_12931,132.6306725784064
OUT_12932,330.7673125074091
OUT_12933,135.29439738781542
OUT_12934,130.7737948913275
OUT_12935,130.7737948913275
OUT_12936,132.6306725784064
OUT_12937,132.6306725784064
OUT_12938,132.6306725784064
OUT_12939,274.16579422551257
OUT_12940,132.6306725784064
OUT_12941,169.62026055834608
OUT_12942,132.6306725784064
OUT_12943,132.6306725784064
OUT_12944,132.6306725784064
OUT_12945,132.6306725784064
OUT_12946,132.6306725784064
OUT_12947,132.6306725784064
OUT_12948,132.6306725784064
OUT_12949,132.6306725784064
OUT_12950,135.29439738781542
OUT_12951,135.29439738781542
OUT_12952,132.6306725784064
OUT_12953,132.6306725784064
OUT_12954,132.6306725784064
OUT_12955,132.6306725784064
OUT_12956,132.6306725784064
OUT_12957,135.29439738781542
OUT_12958,132.6306725784064
OUT_12959,132.6306725784064
OUT_12960,130.7737948913275
OUT_12961,136.5146863453951
OUT_12962,132.6306725784064
OUT_12963,132.6306725784064
OUT_12964,132.6306725784064
OUT_12965,132.6306725784064
OUT_12966,130.7737948913275
OUT_12967,135.29439738781542
OUT_12968,132.6306725784064
OUT_12969,294.41535105276773
OUT_12970,132.6306725784064
OUT_12971,132.6306725784064
OUT_12972,132.6306725784064
OUT_12973,132.6306725784064
OUT_12974,289.3249793431985
OUT_12975,132.6306725784064
OUT_12976,132.6306725784064
OUT_12977,132.6306725784064
OUT_12978,352.02673352026324
OUT_12979,132.6306725784064
OUT_12980,132.6306725784064
OUT_12981,130.7737948913275
OUT_12982,135.29439738781542
OUT_12983,132.6306725784064
OUT_12984,132.6306725784064
OUT_12985,132.6306725784064
OUT_12986,132.6306725784064
OUT_12987,248.028946089232
OUT_12988,132.6306725784064
OUT_12989,132.6306725784064
OUT_12990,132.6306725784064
OUT_12991,132.6306725784064
OUT_12992,135.29439738781542
OUT_12993,156.88379659785832
OUT_12994,132.6306725784064
OUT_12995,132.6306725784064
OUT_12996,132.6306725784064
OUT_12997,132.6306725784064
OUT_12998,130.7737948913275
OUT_12999,132.6306725784064
OUT_13000,132.6306725784064
OUT_13001,125.4572693140839
OUT_13002,125.4572693140839
OUT_13003,125.4572693140839
OUT_13004,125.4572693140839
OUT_13005,125.4572693140839
OUT_13006,125.4572693140839
OUT_13007,125.4572693140839
OUT_13008,318.0292660867232
OUT_13009,125.4572693140839
OUT_13010,125.4572693140839
OUT_13011,125.4572693140839
OUT_13012,125.4572693140839
OUT_13013,125.4572693140839
OUT_13014,125.4572693140839
OUT_13015,125.4572693140839
OUT_13016,125.4572693140839
OUT_13017,125.4572693140839
OUT_13018,125.4572693140839
OUT_13019,125.4572693140839
OUT_13020,125.4572693140839
OUT_13021,125.4572693140839
OUT_13022,125.4572693140839
OUT_13023,273.4366989020368
OUT_13024,125.4572693140839
OUT_13025,125.4572693140839
OUT_13026,125.4572693140839
OUT_13027,125.4572693140839
OUT_13028,125.4572693140839
OUT_13029,125.4572693140839
OUT_13030,125.4572693140839
OUT_13031,125.4572693140839
OUT_13032,125.4572693140839
OUT_13033,125.4572693140839
OUT_13034,125.4572693140839
OUT_13035,299.3196240844945
OUT_13036,125.4572693140839
OUT_13037,125.4572693140839
OUT_13038,125.4572693140839
OUT_13039,125.4572693140839
OUT_13040,125.4572693140839
OUT_13041,125.4572693140839
OUT_13042,125.4572693140839
OUT_13043,125.4572693140839
OUT_13044,125.4572693140839
OUT_13045,125.4572693140839
OUT_13046,125.4572693140839
OUT_13047,125.4572693140839
OUT_13048,125.4572693140839
OUT_13049,125.4572693140839
OUT_13050,125.4572693140839
OUT_13051,125.4572693140839
OUT_13052,135.16520632750965
OUT_13053,125.4572693140839
OUT_13054,125.4572693140839
OUT_13055,262.881867315884
OUT_13056,125.4572693140839
OUT_13057,125.70404540771996
OUT_13058,125.4572693140839
OUT_13059,125.4572693140839
OUT_13060,125.4572693140839
OUT_13061,125.4572693140839
OUT_13062,125.4572693140839
OUT_13063,139.91361546505416
OUT_13064,125.4572693140839
OUT_13065,125.4572693140839
OUT_13066,125.4572693140839
OUT_13067,101.47487151781932
OUT_13068,125.4572693140839
OUT_13069,125.4572693140839
OUT_13070,125.4572693140839
OUT_13071,125.4572693140839
OUT_13072,138.3884611050997
OUT_13073,125.4572693140839
OUT_13074,125.4572693140839
OUT_13075,125.4572693140839
OUT_13076,125.4572693140839
OUT_13077,125.4572693140839
OUT_13078,125.4572693140839
OUT_13079,125.4572693140839
OUT_13080,125.4572693140839
OUT_13081,125.4572693140839
OUT_13082,125.4572693140839
OUT_13083,125.4572693140839
OUT_13084,125.4572693140839
OUT_13085,125.4572693140839
OUT_13086,101.47487151781932
OUT_13087,125.4572693140839
OUT_13088,144.7015941791113
OUT_13089,125.4572693140839
OUT_13090,125.4572693140839
OUT_13091,125.4572693140839
OUT_13092,125.4572693140839
OUT_13093,125.4572693140839
OUT_13094,125.4572693140839
OUT_13095,125.4572693140839
OUT_13096,125.4572693140839
OUT_13097,125.4572693140839
OUT_13098,125.4572693140839
OUT_13099,125.4572693140839
OUT_13100,125.4572693140839
OUT_13101,101.47487151781932
OUT_13102,125.4572693140839
OUT_13103,125.4572693140839
OUT_13104,125.4572693140839
OUT_13105,125.95492264191957
OUT_13106,125.4572693140839
OUT_13107,125.4572693140839
OUT_13108,125.4572693140839
OUT_13109,125.4572693140839
OUT_13110,125.4572693140839
OUT_13111,125.4572693140839
OUT_13112,125.4572693140839
OUT_13113,255.10120350220436
OUT_13114,125.4572693140839
OUT_13115,125.4572693140839
OUT_13116,125.4572693140839
OUT_13117,125.4572693140839
OUT_13118,315.1536011503887
OUT_13119,125.4572693140839
OUT_13120,125.4572693140839
OUT_13121,125.4572693140839
OUT_13122,125.4572693140839
OUT_13123,125.4572693140839
OUT_13124,125.4572693140839
OUT_13125,125.4572693140839
OUT_13126,125.4572693140839
OUT_13127,125.4572693140839
OUT_13128,125.4572693140839
OUT_13129,125.4572693140839
OUT_13130,125.4572693140839
OUT_13131,125.4572693140839
OUT_13132,125.4572693140839
OUT_13133,125.4572693140839
OUT_13134,125.4572693140839
OUT_13135,101.47487151781932
OUT_13136,125.4572693140839
OUT_13137,125.4572693140839
OUT_13138,125.4572693140839
OUT_13139,125.4572693140839
OUT_13140,231.7056275755777
OUT_13141,125.4572693140839
OUT_13142,125.4572693140839
OUT_13143,125.4572693140839
OUT_13144,125.4572693140839
OUT_13145,125.4572693140839
OUT_13146,125.4572693140839
OUT_13147,125.4572693140839
OUT_13148,125.4572693140839
OUT_13149,174.01809864037682
OUT_13150,101.47487151781932
OUT_13151,125.4572693140839
OUT_13152,101.47487151781932
OUT_13153,125.4572693140839
OUT_13154,125.4572693140839
OUT_13155,125.4572693140839
OUT_13156,125.4572693140839
OUT_13157,125.4572693140839
OUT_13158,127.73709534993426
OUT_13159,125.4572693140839
OUT_13160,125.4572693140839
OUT_13161,125.4572693140839
OUT_13162,125.4572693140839
OUT_13163,125.4572693140839
OUT_13164,125.4572693140839
OUT_13165,125.4572693140839
OUT_13166,125.4572693140839
OUT_13167,125.4572693140839
OUT_13168,125.4572693140839
OUT_13169,125.4572693140839
OUT_13170,101.47487151781932
OUT_13171,125.4572693140839
OUT_13172,125.4572693140839
OUT_13173,125.4572693140839
OUT_13174,125.4572693140839
OUT_13175,125.4572693140839
OUT_13176,125.4572693140839
OUT_13177,125.4572693140839
OUT_13178,125.4572693140839
OUT_13179,125.4572693140839
OUT_13180,125.4572693140839
OUT_13181,125.4572693140839
OUT_13182,125.4572693140839
OUT_13183,125.4572693140839
OUT_13184,125.4572693140839
OUT_13185,125.4572693140839
OUT_13186,125.4572693140839
OUT_13187,125.4572693140839
OUT_13188,125.4572693140839
OUT_13189,125.4572693140839
OUT_13190,125.4572693140839
OUT_13191,125.4572693140839
OUT_13192,101.47487151781932
OUT_13193,125.4572693140839
OUT_13194,125.4572693140839
OUT_13195,125.4572693140839
OUT_13196,125.4572693140839
OUT_13197,125.4572693140839
OUT_13198,125.4572693140839
OUT_13199,125.4572693140839
OUT_13200,125.4572693140839
OUT_13201,125.4572693140839
OUT_13202,125.4572693140839
OUT_13203,125.4572693140839
OUT_13204,125.4572693140839
OUT_13205,125.4572693140839
OUT_13206,125.4572693140839
OUT_13207,125.4572693140839
OUT_13208,125.4572693140839
OUT_13209,125.4572693140839
OUT_13210,125.4572693140839
OUT_13211,125.4572693140839
OUT_13212,125.4572693140839
OUT_13213,125.4572693140839
OUT_13214,125.4572693140839
OUT_13215,125.4572693140839
OUT_13216,101.47487151781932
OUT_13217,125.4572693140839
OUT_13218,125.4572693140839
OUT_13219,125.4572693140839
OUT_13220,125.4572693140839
OUT_13221,125.4572693140839
OUT_13222,125.4572693140839
OUT_13223,125.4572693140839
OUT_13224,125.4572693140839
OUT_13225,125.4572693140839
OUT_13226,125.4572693140839
OUT_13227,101.47487151781932
OUT_13228,155.87596639381968
OUT_13229,125.4572693140839
OUT_13230,296.0298588941492
OUT_13231,139.93134878762686
OUT_13232,211.1353088563141
OUT_13233,125.4572693140839
OUT_13234,290.10377198820504
OUT_13235,125.4572693140839
OUT_13236,125.4572693140839
OUT_13237,239.6636329166332
OUT_13238,125.4572693140839
OUT_13239,125.4572693140839
OUT_13240,265.25409360934094
OUT_13241,125.4572693140839
OUT_13242,125.4572693140839
OUT_13243,125.4572693140839
OUT_13244,125.4572693140839
OUT_13245,125.4572693140839
OUT_13246,101.47487151781932
OUT_13247,125.4572693140839
OUT_13248,125.4572693140839
OUT_13249,125.4572693140839
OUT_13250,125.4572693140839
OUT_13251,125.4572693140839
OUT_13252,159.97171701098424
OUT_13253,125.4572693140839
OUT_13254,280.801217678936
OUT_13255,125.4572693140839
OUT_13256,175.88358244601744
OUT_13257,125.4572693140839
OUT_13258,125.4572693140839
OUT_13259,125.4572693140839
OUT_13260,125.4572693140839
OUT_13261,125.4572693140839
OUT_13262,125.4572693140839
OUT_13263,125.4572693140839
OUT_13264,125.4572693140839
OUT_13265,125.4572693140839
OUT_13266,233.84465427943925
OUT_13267,125.4572693140839
OUT_13268,125.4572693140839
OUT_13269,125.4572693140839
OUT_13270,125.4572693140839
OUT_13271,125.4572693140839
OUT_13272,125.4572693140839
OUT_13273,125.4572693140839
OUT_13274,125.4572693140839
OUT_13275,125.4572693140839
OUT_13276,125.4572693140839
OUT_13277,125.4572693140839
OUT_13278,125.4572693140839
OUT_13279,101.47487151781932
OUT_13280,101.47487151781932
OUT_13281,107.9759600971504
OUT_13282,125.4572693140839
OUT_13283,125.4572693140839
OUT_13284,125.4572693140839
OUT_13285,125.4572693140839
OUT_13286,125.4572693140839
OUT_13287,125.4572693140839
OUT_13288,125.4572693140839
OUT_13289,170.66144312480964
OUT_13290,125.4572693140839
OUT_13291,125.4572693140839
OUT_13292,125.4572693140839
OUT_13293,125.4572693140839
OUT_13294,125.4572693140839
OUT_13295,125.4572693140839
OUT_13296,327.45078538986974
OUT_13297,125.4572693140839
OUT_13298,125.4572693140839
OUT_13299,125.4572693140839
OUT_13300,125.4572693140839
OUT_13301,125.4572693140839
OUT_13302,125.4572693140839
OUT_13303,125.4572693140839
OUT_13304,125.4572693140839
OUT_13305,125.4572693140839
OUT_13306,125.4572693140839
OUT_13307,125.4572693140839
OUT_13308,101.47487151781932
OUT_13309,125.4572693140839
OUT_13310,125.4572693140839
OUT_13311,125.4572693140839
OUT_13312,125.4572693140839
OUT_13313,125.4572693140839
OUT_13314,266.830420866089
OUT_13315,125.4572693140839
OUT_13316,125.4572693140839
OUT_13317,125.4572693140839
OUT_13318,134.9188368466038
OUT_13319,125.4572693140839
OUT_13320,141.86298096092534
OUT_13321,125.4572693140839
OUT_13322,125.4572693140839
OUT_13323,125.4572693140839
OUT_13324,125.4572693140839
OUT_13325,125.4572693140839
OUT_13326,125.4572693140839
OUT_13327,125.4572693140839
OUT_13328,125.4572693140839
OUT_13329,125.4572693140839
OUT_13330,125.4572693140839
OUT_13331,125.4572693140839
OUT_13332,125.4572693140839
OUT_13333,297.1942751924341
OUT_13334,125.4572693140839
OUT_13335,270.4686180092586
OUT_13336,125.4572693140839
OUT_13337,125.4572693140839
OUT_13338,125.4572693140839
OUT_13339,125.4572693140839
OUT_13340,125.4572693140839
OUT_13341,125.4572693140839
OUT_13342,125.4572693140839
OUT_13343,136.5708903726649
OUT_13344,125.4572693140839
OUT_13345,125.4572693140839
OUT_13346,125.4572693140839
OUT_13347,290.6936544027113
OUT_13348,125.4572693140839
OUT_13349,125.4572693140839
OUT_13350,159.8052094475595
OUT_13351,125.4572693140839
OUT_13352,125.4572693140839
OUT_13353,155.87596639381968
OUT_13354,125.4572693140839
OUT_13355,125.4572693140839
OUT_13356,125.4572693140839
OUT_13357,125.4572693140839
OUT_13358,125.4572693140839
OUT_13359,125.4572693140839
OUT_13360,125.4572693140839
OUT_13361,125.4572693140839
OUT_13362,125.4572693140839
OUT_13363,125.4572693140839
OUT_13364,125.4572693140839
OUT_13365,125.4572693140839
OUT_13366,125.4572693140839
OUT_13367,125.4572693140839
OUT_13368,125.4572693140839
OUT_13369,125.4572693140839
OUT_13370,125.4572693140839
OUT_13371,125.4572693140839
OUT_13372,125.4572693140839
OUT_13373,125.4572693140839
OUT_13374,125.4572693140839
OUT_13375,125.4572693140839
OUT_13376,125.4572693140839
OUT_13377,125.4572693140839
OUT_13378,125.4572693140839
OUT_13379,205.30037292610533
OUT_13380,125.4572693140839
OUT_13381,125.4572693140839
OUT_13382,125.4572693140839
OUT_13383,125.4572693140839
OUT_13384,125.4572693140839
OUT_13385,125.4572693140839
OUT_13386,125.4572693140839
OUT_13387,125.4572693140839
OUT_13388,125.4572693140839
OUT_13389,125.4572693140839
OUT_13390,163.92886839453288
OUT_13391,125.4572693140839
OUT_13392,125.4572693140839
OUT_13393,125.4572693140839
OUT_13394,125.4572693140839
OUT_13395,157.08388620513634
OUT_13396,125.4572693140839
OUT_13397,125.4572693140839
OUT_13398,125.4572693140839
OUT_13399,125.4572693140839
OUT_13400,125.4572693140839
OUT_13401,125.4572693140839
OUT_13402,125.4572693140839
OUT_13403,285.350338437556
OUT_13404,125.4572693140839
OUT_13405,125.4572693140839
OUT_13406,125.4572693140839
OUT_13407,125.4572693140839
OUT_13408,125.4572693140839
OUT_13409,125.4572693140839
OUT_13410,130.41713632433334
OUT_13411,125.4572693140839
OUT_13412,281.7867583421344
OUT_13413,125.4572693140839
OUT_13414,137.37890320241252
OUT_13415,125.4572693140839
OUT_13416,125.4572693140839
OUT_13417,125.4572693140839
OUT_13418,101.47487151781932
OUT_13419,125.4572693140839
OUT_13420,125.4572693140839
OUT_13421,125.4572693140839
OUT_13422,125.4572693140839
OUT_13423,125.4572693140839
OUT_13424,125.4572693140839
OUT_13425,125.4572693140839
OUT_13426,125.4572693140839
OUT_13427,125.4572693140839
OUT_13428,125.4572693140839
OUT_13429,125.4572693140839
OUT_13430,125.4572693140839
OUT_13431,125.4572693140839
OUT_13432,125.4572693140839
OUT_13433,125.4572693140839
OUT_13434,125.4572693140839
OUT_13435,125.4572693140839
OUT_13436,125.4572693140839
OUT_13437,125.4572693140839
OUT_13438,125.4572693140839
OUT_13439,125.4572693140839
OUT_13440,132.26704284370592
OUT_13441,125.4572693140839
OUT_13442,155.87596639381968
OUT_13443,125.4572693140839
OUT_13444,125.4572693140839
OUT_13445,125.4572693140839
OUT_13446,125.4572693140839
OUT_13447,125.4572693140839
OUT_13448,125.4572693140839
OUT_13449,125.4572693140839
OUT_13450,125.4572693140839
OUT_13451,125.4572693140839
OUT_13452,125.4572693140839
OUT_13453,167.76642126017902
OUT_13454,125.4572693140839
OUT_13455,125.4572693140839
OUT_13456,125.4572693140839
OUT_13457,125.4572693140839
OUT_13458,125.4572693140839
OUT_13459,125.4572693140839
OUT_13460,125.4572693140839
OUT_13461,125.4572693140839
OUT_13462,125.4572693140839
OUT_13463,125.4572693140839
OUT_13464,125.4572693140839
OUT_13465,125.4572693140839
OUT_13466,125.4572693140839
OUT_13467,125.4572693140839
OUT_13468,164.28659640098337
OUT_13469,125.4572693140839
OUT_13470,125.4572693140839
OUT_13471,125.4572693140839
OUT_13472,125.4572693140839
OUT_13473,125.4572693140839
OUT_13474,125.4572693140839
OUT_13475,125.4572693140839
OUT_13476,125.4572693140839
OUT_13477,143.8170951773955
OUT_13478,125.4572693140839
OUT_13479,125.4572693140839
OUT_13480,125.4572693140839
OUT_13481,273.8377327851682
OUT_13482,125.4572693140839
OUT_13483,101.47487151781932
OUT_13484,155.87596639381968
OUT_13485,125.4572693140839
OUT_13486,125.4572693140839
OUT_13487,125.4572693140839
OUT_13488,125.4572693140839
OUT_13489,125.4572693140839
OUT_13490,125.4572693140839
OUT_13491,125.4572693140839
OUT_13492,125.4572693140839
OUT_13493,125.4572693140839
OUT_13494,125.4572693140839
OUT_13495,125.4572693140839
OUT_13496,125.4572693140839
OUT_13497,125.4572693140839
OUT_13498,125.4572693140839
OUT_13499,125.4572693140839
OUT_13500,125.4572693140839
OUT_13501,125.4572693140839
OUT_13502,125.4572693140839
OUT_13503,125.4572693140839
OUT_13504,135.71850337967803
OUT_13505,125.4572693140839
OUT_13506,125.4572693140839
OUT_13507,125.4572693140839
OUT_13508,125.4572693140839
OUT_13509,125.4572693140839
OUT_13510,125.4572693140839
OUT_13511,125.4572693140839
OUT_13512,125.4572693140839
OUT_13513,125.4572693140839
OUT_13514,244.42297087935884
OUT_13515,125.4572693140839
OUT_13516,129.99542201885873
OUT_13517,125.4572693140839
OUT_13518,125.4572693140839
OUT_13519,125.4572693140839
OUT_13520,149.56134321350126
OUT_13521,125.4572693140839
OUT_13522,125.4572693140839
OUT_13523,125.4572693140839
OUT_13524,125.4572693140839
OUT_13525,125.4572693140839
OUT_13526,125.4572693140839
OUT_13527,125.4572693140839
OUT_13528,125.4572693140839
OUT_13529,125.4572693140839
OUT_13530,165.84093725705722
OUT_13531,125.4572693140839
OUT_13532,101.47487151781932
OUT_13533,101.47487151781932
OUT_13534,184.17966475782904
OUT_13535,125.4572693140839
OUT_13536,125.4572693140839
OUT_13537,125.4572693140839
OUT_13538,125.4572693140839
OUT_13539,125.4572693140839
OUT_13540,259.628990125741
OUT_13541,125.4572693140839
OUT_13542,101.47487151781932
OUT_13543,125.4572693140839
OUT_13544,125.4572693140839
OUT_13545,125.4572693140839
OUT_13546,125.4572693140839
OUT_13547,125.4572693140839
OUT_13548,125.4572693140839
OUT_13549,125.4572693140839
OUT_13550,125.4572693140839
OUT_13551,125.4572693140839
OUT_13552,125.4572693140839
OUT_13553,125.4572693140839
OUT_13554,125.4572693140839
OUT_13555,125.4572693140839
OUT_13556,125.4572693140839
OUT_13557,125.4572693140839
OUT_13558,125.4572693140839
OUT_13559,125.4572693140839
OUT_13560,290.5808187641588
OUT_13561,125.4572693140839
OUT_13562,125.4572693140839
OUT_13563,125.4572693140839
OUT_13564,125.4572693140839
OUT_13565,125.4572693140839
OUT_13566,125.4572693140839
OUT_13567,125.4572693140839
OUT_13568,125.4572693140839
OUT_13569,125.4572693140839
OUT_13570,125.4572693140839
OUT_13571,125.4572693140839
OUT_13572,125.4572693140839
OUT_13573,125.4572693140839
OUT_13574,125.4572693140839
OUT_13575,125.4572693140839
OUT_13576,125.4572693140839
OUT_13577,125.4572693140839
OUT_13578,125.4572693140839
OUT_13579,137.37004856513403
OUT_13580,125.4572693140839
OUT_13581,125.4572693140839
OUT_13582,125.4572693140839
OUT_13583,125.4572693140839
OUT_13584,101.47487151781932
OUT_13585,125.4572693140839
OUT_13586,125.4572693140839
OUT_13587,125.4572693140839
OUT_13588,125.4572693140839
OUT_13589,125.4572693140839
OUT_13590,125.4572693140839
OUT_13591,125.4572693140839
OUT_13592,125.4572693140839
OUT_13593,125.4572693140839
OUT_13594,125.4572693140839
OUT_13595,126.86274629955872
OUT_13596,125.4572693140839
OUT_13597,125.4572693140839
OUT_13598,125.4572693140839
OUT_13599,261.7142716991158
OUT_13600,125.4572693140839
OUT_13601,125.4572693140839
OUT_13602,125.4572693140839
OUT_13603,118.60491100477388
OUT_13604,125.4572693140839
OUT_13605,125.4572693140839
OUT_13606,125.4572693140839
OUT_13607,125.4572693140839
OUT_13608,125.4572693140839
OUT_13609,125.4572693140839
OUT_13610,125.4572693140839
OUT_13611,125.4572693140839
OUT_13612,125.4572693140839
OUT_13613,357.8027878805201
OUT_13614,125.4572693140839
OUT_13615,125.4572693140839
OUT_13616,125.4572693140839
OUT_13617,125.4572693140839
OUT_13618,272.64083490754047
OUT_13619,125.4572693140839
OUT_13620,130.446570263346
OUT_13621,125.4572693140839
OUT_13622,125.4572693140839
OUT_13623,125.4572693140839
OUT_13624,125.4572693140839
OUT_13625,125.4572693140839
OUT_13626,125.4572693140839
OUT_13627,125.4572693140839
OUT_13628,125.4572693140839
OUT_13629,125.4572693140839
OUT_13630,125.4572693140839
OUT_13631,125.4572693140839
OUT_13632,125.4572693140839
OUT_13633,125.4572693140839
OUT_13634,125.4572693140839
OUT_13635,125.4572693140839
OUT_13636,125.4572693140839
OUT_13637,125.4572693140839
OUT_13638,125.4572693140839
OUT_13639,243.07711429977448
OUT_13640,125.4572693140839
OUT_13641,125.4572693140839
OUT_13642,125.4572693140839
OUT_13643,125.4572693140839
OUT_13644,125.4572693140839
OUT_13645,125.4572693140839
OUT_13646,125.4572693140839
OUT_13647,216.32620608387597
OUT_13648,268.7930236942804
OUT_13649,125.4572693140839
OUT_13650,125.4572693140839
OUT_13651,125.4572693140839
OUT_13652,125.4572693140839
OUT_13653,125.4572693140839
OUT_13654,125.4572693140839
OUT_13655,125.4572693140839
OUT_13656,125.4572693140839
OUT_13657,125.4572693140839
OUT_13658,125.4572693140839
OUT_13659,101.47487151781932
OUT_13660,125.4572693140839
OUT_13661,125.4572693140839
OUT_13662,125.4572693140839
OUT_13663,101.47487151781932
OUT_13664,140.64026438930551
OUT_13665,243.9989577177469
OUT_13666,125.4572693140839
OUT_13667,125.4572693140839
OUT_13668,125.4572693140839
OUT_13669,155.87596639381968
OUT_13670,101.47487151781932
OUT_13671,125.4572693140839
OUT_13672,125.4572693140839
OUT_13673,125.4572693140839
OUT_13674,125.4572693140839
OUT_13675,125.4572693140839
OUT_13676,101.47487151781932
OUT_13677,125.4572693140839
OUT_13678,125.4572693140839
OUT_13679,125.4572693140839
OUT_13680,101.47487151781932
OUT_13681,125.4572693140839
OUT_13682,125.4572693140839
OUT_13683,125.4572693140839
OUT_13684,125.4572693140839
OUT_13685,125.4572693140839
OUT_13686,125.4572693140839
OUT_13687,125.4572693140839
OUT_13688,125.4572693140839
OUT_13689,125.4572693140839
OUT_13690,125.4572693140839
OUT_13691,125.4572693140839
OUT_13692,125.4572693140839
OUT_13693,125.4572693140839
OUT_13694,223.68783327781756
OUT_13695,125.4572693140839
OUT_13696,125.4572693140839
OUT_13697,125.4572693140839
OUT_13698,125.4572693140839
OUT_13699,125.4572693140839
OUT_13700,125.4572693140839
OUT_13701,125.4572693140839
OUT_13702,125.4572693140839
OUT_13703,125.4572693140839
OUT_13704,125.4572693140839
OUT_13705,125.4572693140839
OUT_13706,125.4572693140839
OUT_13707,125.4572693140839
OUT_13708,125.4572693140839
OUT_13709,125.4572693140839
OUT_13710,125.4572693140839
OUT_13711,125.4572693140839
OUT_13712,125.4572693140839
OUT_13713,125.4572693140839
OUT_13714,125.4572693140839
OUT_13715,125.4572693140839
OUT_13716,125.4572693140839
OUT_13717,125.4572693140839
OUT_13718,127.01785740736788
OUT_13719,125.4572693140839
OUT_13720,125.4572693140839
OUT_13721,125.4572693140839
OUT_13722,125.4572693140839
OUT_13723,125.4572693140839
OUT_13724,125.4572693140839
OUT_13725,125.4572693140839
OUT_13726,125.4572693140839
OUT_13727,125.4572693140839
OUT_13728,125.4572693140839
OUT_13729,125.4572693140839
OUT_13730,125.4572693140839
OUT_13731,125.4572693140839
OUT_13732,125.4572693140839
OUT_13733,125.4572693140839
OUT_13734,101.47487151781932
OUT_13735,125.4572693140839
OUT_13736,125.4572693140839
OUT_13737,125.4572693140839
OUT_13738,125.4572693140839
OUT_13739,125.4572693140839
OUT_13740,125.4572693140839
OUT_13741,125.4572693140839
OUT_13742,125.4572693140839
OUT_13743,125.4572693140839
OUT_13744,125.4572693140839
OUT_13745,125.4572693140839
OUT_13746,125.4572693140839
OUT_13747,125.4572693140839
OUT_13748,125.4572693140839
OUT_13749,125.4572693140839
OUT_13750,125.4572693140839
OUT_13751,125.4572693140839
OUT_13752,125.4572693140839
OUT_13753,292.2719131597537
OUT_13754,125.4572693140839
OUT_13755,125.4572693140839
OUT_13756,125.4572693140839
OUT_13757,125.4572693140839
OUT_13758,125.4572693140839
OUT_13759,125.4572693140839
OUT_13760,125.4572693140839
OUT_13761,125.4572693140839
OUT_13762,125.4572693140839
OUT_13763,125.4572693140839
OUT_13764,125.4572693140839
OUT_13765,125.4572693140839
OUT_13766,125.4572693140839
OUT_13767,125.4572693140839
OUT_13768,125.4572693140839
OUT_13769,125.4572693140839
OUT_13770,125.4572693140839
OUT_13771,125.4572693140839
OUT_13772,125.4572693140839
OUT_13773,125.4572693140839
OUT_13774,125.4572693140839
OUT_13775,101.47487151781932
OUT_13776,125.4572693140839
OUT_13777,125.4572693140839
OUT_13778,125.4572693140839
OUT_13779,125.4572693140839
OUT_13780,152.19209394913457
OUT_13781,125.4572693140839
OUT_13782,125.4572693140839
OUT_13783,125.4572693140839
OUT_13784,125.4572693140839
OUT_13785,125.4572693140839
OUT_13786,101.47487151781932
OUT_13787,125.4572693140839
OUT_13788,125.4572693140839
OUT_13789,125.4572693140839
OUT_13790,125.4572693140839
OUT_13791,127.10844520087257
OUT_13792,125.4572693140839
OUT_13793,125.4572693140839
OUT_13794,125.4572693140839
OUT_13795,125.4572693140839
OUT_13796,125.4572693140839
OUT_13797,125.4572693140839
OUT_13798,125.4572693140839
OUT_13799,125.4572693140839
OUT_13800,128.8219335065163
OUT_13801,305.8918747687434
OUT_13802,163.9039442779561
OUT_13803,125.4572693140839
OUT_13804,125.4572693140839
OUT_13805,125.4572693140839
OUT_13806,125.4572693140839
OUT_13807,125.4572693140839
OUT_13808,353.44376824107246
OUT_13809,125.4572693140839
OUT_13810,125.4572693140839
OUT_13811,125.4572693140839
OUT_13812,139.3133078290879
OUT_13813,360.0382832862014
OUT_13814,125.4572693140839
OUT_13815,125.4572693140839
OUT_13816,125.4572693140839
OUT_13817,125.4572693140839
OUT_13818,125.4572693140839
OUT_13819,125.4572693140839
OUT_13820,125.4572693140839
OUT_13821,162.52936659029183
OUT_13822,125.4572693140839
OUT_13823,125.4572693140839
OUT_13824,125.4572693140839
OUT_13825,125.4572693140839
OUT_13826,125.4572693140839
OUT_13827,125.4572693140839
OUT_13828,244.1352964817157
OUT_13829,101.47487151781932
OUT_13830,125.4572693140839
OUT_13831,125.4572693140839
OUT_13832,125.4572693140839
OUT_13833,125.4572693140839
OUT_13834,125.4572693140839
OUT_13835,125.4572693140839
OUT_13836,125.4572693140839
OUT_13837,125.4572693140839
OUT_13838,125.4572693140839
OUT_13839,125.4572693140839
OUT_13840,125.4572693140839
OUT_13841,101.47487151781932
OUT_13842,125.4572693140839
OUT_13843,125.4572693140839
OUT_13844,125.4572693140839
OUT_13845,125.4572693140839
OUT_13846,125.4572693140839
OUT_13847,125.4572693140839
OUT_13848,125.4572693140839
OUT_13849,125.4572693140839
OUT_13850,125.4572693140839
OUT_13851,125.4572693140839
OUT_13852,101.47487151781932
OUT_13853,125.4572693140839
OUT_13854,125.4572693140839
OUT_13855,125.4572693140839
OUT_13856,125.4572693140839
OUT_13857,125.4572693140839
OUT_13858,125.4572693140839
OUT_13859,125.4572693140839
OUT_13860,125.4572693140839
OUT_13861,125.4572693140839
OUT_13862,125.4572693140839
OUT_13863,125.4572693140839
OUT_13864,125.4572693140839
OUT_13865,125.4572693140839
OUT_13866,125.4572693140839
OUT_13867,125.4572693140839
OUT_13868,125.4572693140839
OUT_13869,125.4572693140839
OUT_13870,125.4572693140839
OUT_13871,125.4572693140839
OUT_13872,125.4572693140839
OUT_13873,125.4572693140839
OUT_13874,125.4572693140839
OUT_13875,125.4572693140839
OUT_13876,125.4572693140839
OUT_13877,125.4572693140839
OUT_13878,125.4572693140839
OUT_13879,125.4572693140839
OUT_13880,340.8587922346037
OUT_13881,125.4572693140839
OUT_13882,125.4572693140839
OUT_13883,315.1759355115009
OUT_13884,125.4572693140839
OUT_13885,125.4572693140839
OUT_13886,125.4572693140839
OUT_13887,125.4572693140839
OUT_13888,125.4572693140839
OUT_13889,125.4572693140839
OUT_13890,125.4572693140839
OUT_13891,125.4572693140839
OUT_13892,125.4572693140839
OUT_13893,125.4572693140839
OUT_13894,125.4572693140839
OUT_13895,125.4572693140839
OUT_13896,125.4572693140839
OUT_13897,125.4572693140839
OUT_13898,125.4572693140839
OUT_13899,125.4572693140839
OUT_13900,125.4572693140839
OUT_13901,125.4572693140839
OUT_13902,125.4572693140839
OUT_13903,125.4572693140839
OUT_13904,125.4572693140839
OUT_13905,299.2938713437492
OUT_13906,125.4572693140839
OUT_13907,125.4572693140839
OUT_13908,256.57704627454814
OUT_13909,125.4572693140839
OUT_13910,125.4572693140839
OUT_13911,125.4572693140839
OUT_13912,125.4572693140839
OUT_13913,125.4572693140839
OUT_13914,125.4572693140839
OUT_13915,125.4572693140839
OUT_13916,125.4572693140839
OUT_13917,125.4572693140839
OUT_13918,125.4572693140839
OUT_13919,125.4572693140839
OUT_13920,125.4572693140839
OUT_13921,274.56927034556395
OUT_13922,125.4572693140839
OUT_13923,125.4572693140839
OUT_13924,125.4572693140839
OUT_13925,125.4572693140839
OUT_13926,125.4572693140839
OUT_13927,125.4572693140839
OUT_13928,125.4572693140839
OUT_13929,125.4572693140839
OUT_13930,125.4572693140839
OUT_13931,125.4572693140839
OUT_13932,125.4572693140839
OUT_13933,125.4572693140839
OUT_13934,125.4572693140839
OUT_13935,125.4572693140839
OUT_13936,125.4572693140839
OUT_13937,128.47403192238667
OUT_13938,125.4572693140839
OUT_13939,125.4572693140839
OUT_13940,125.4572693140839
OUT_13941,125.4572693140839
OUT_13942,125.4572693140839
OUT_13943,125.4572693140839
OUT_13944,125.4572693140839
OUT_13945,125.4572693140839
OUT_13946,125.4572693140839
OUT_13947,125.4572693140839
OUT_13948,125.4572693140839
OUT_13949,125.4572693140839
OUT_13950,125.4572693140839
OUT_13951,125.4572693140839
OUT_13952,125.4572693140839
OUT_13953,125.4572693140839
OUT_13954,280.0922409302219
OUT_13955,125.4572693140839
OUT_13956,125.4572693140839
OUT_13957,125.4572693140839
OUT_13958,125.4572693140839
OUT_13959,125.4572693140839
OUT_13960,125.4572693140839
OUT_13961,125.4572693140839
OUT_13962,125.4572693140839
OUT_13963,126.4674399322357
OUT_13964,101.47487151781932
OUT_13965,125.4572693140839
OUT_13966,125.4572693140839
OUT_13967,125.4572693140839
OUT_13968,101.47487151781932
OUT_13969,125.4572693140839
OUT_13970,136.47467265610194
OUT_13971,125.4572693140839
OUT_13972,140.8171531732093
OUT_13973,125.4572693140839
OUT_13974,155.87596639381968
OUT_13975,125.4572693140839
OUT_13976,125.4572693140839
OUT_13977,145.94665860283502
OUT_13978,125.4572693140839
OUT_13979,125.4572693140839
OUT_13980,125.4572693140839
OUT_13981,239.3749004154745
OUT_13982,370.1198236673861
OUT_13983,125.4572693140839
OUT_13984,125.4572693140839
OUT_13985,125.4572693140839
OUT_13986,242.00661449871856
OUT_13987,125.4572693140839
OUT_13988,155.87596639381968
OUT_13989,125.4572693140839
OUT_13990,125.4572693140839
OUT_13991,125.4572693140839
OUT_13992,157.0012189851002
OUT_13993,125.4572693140839
OUT_13994,125.4572693140839
OUT_13995,125.4572693140839
OUT_13996,364.5424758458341
OUT_13997,125.4572693140839
OUT_13998,276.6433027842125
OUT_13999,125.4572693140839
OUT_14000,125.4572693140839
OUT_14001,125.4572693140839
OUT_14002,125.4572693140839
OUT_14003,125.4572693140839
OUT_14004,125.4572693140839
OUT_14005,101.47487151781932
OUT_14006,125.4572693140839
OUT_14007,125.4572693140839
OUT_14008,125.4572693140839
OUT_14009,125.4572693140839
OUT_14010,125.4572693140839
OUT_14011,125.4572693140839
OUT_14012,125.4572693140839
OUT_14013,125.4572693140839
OUT_14014,126.38119284084456
OUT_14015,125.4572693140839
OUT_14016,125.4572693140839
OUT_14017,125.4572693140839
OUT_14018,125.4572693140839
OUT_14019,125.4572693140839
OUT_14020,125.4572693140839
OUT_14021,125.4572693140839
OUT_14022,125.4572693140839
OUT_14023,333.9814966851308
OUT_14024,110.75485756885224
OUT_14025,125.77378527540164
OUT_14026,125.4572693140839
OUT_14027,125.4572693140839
OUT_14028,125.4572693140839
OUT_14029,125.4572693140839
OUT_14030,129.82237933662813
OUT_14031,125.4572693140839
OUT_14032,125.4572693140839
OUT_14033,125.4572693140839
OUT_14034,301.2733916487039
OUT_14035,125.4572693140839
OUT_14036,125.4572693140839
OUT_14037,125.4572693140839
OUT_14038,125.4572693140839
OUT_14039,125.4572693140839
OUT_14040,125.4572693140839
OUT_14041,125.4572693140839
OUT_14042,125.4572693140839
OUT_14043,125.4572693140839
OUT_14044,125.4572693140839
OUT_14045,125.4572693140839
OUT_14046,125.4572693140839
OUT_14047,125.4572693140839
OUT_14048,125.4572693140839
OUT_14049,125.4572693140839
OUT_14050,230.42022085060773
OUT_14051,125.4572693140839
OUT_14052,125.4572693140839
OUT_14053,101.47487151781932
OUT_14054,125.4572693140839
OUT_14055,125.4572693140839
OUT_14056,125.4572693140839
OUT_14057,131.95279873410303
OUT_14058,125.4572693140839
OUT_14059,125.4572693140839
OUT_14060,125.4572693140839
OUT_14061,125.4572693140839
OUT_14062,125.4572693140839
OUT_14063,348.7655787634737
OUT_14064,125.4572693140839
OUT_14065,134.27511286136178
OUT_14066,134.27511286136178
OUT_14067,155.87596639381968
OUT_14068,134.27511286136178
OUT_14069,134.27511286136178
OUT_14070,155.87596639381968
OUT_14071,134.27511286136178
OUT_14072,134.27511286136178
OUT_14073,134.27511286136178
OUT_14074,134.27511286136178
OUT_14075,134.27511286136178
OUT_14076,134.27511286136178
OUT_14077,134.27511286136178
OUT_14078,134.27511286136178
OUT_14079,134.27511286136178
OUT_14080,134.27511286136178
OUT_14081,134.27511286136178
OUT_14082,140.65831546332743
OUT_14083,134.27511286136178
OUT_14084,134.27511286136178
OUT_14085,134.27511286136178
OUT_14086,151.89817527886726
OUT_14087,134.27511286136178
OUT_14088,134.27511286136178
OUT_14089,134.27511286136178
OUT_14090,134.92866367599336
OUT_14091,134.27511286136178
OUT_14092,134.27511286136178
OUT_14093,312.4489488764546
OUT_14094,134.27511286136178
OUT_14095,134.27511286136178
OUT_14096,134.27511286136178
OUT_14097,134.27511286136178
OUT_14098,134.27511286136178
OUT_14099,134.27511286136178
OUT_14100,134.27511286136178
OUT_14101,134.27511286136178
OUT_14102,134.27511286136178
OUT_14103,101.47487151781932
OUT_14104,134.27511286136178
OUT_14105,134.27511286136178
OUT_14106,134.27511286136178
OUT_14107,134.27511286136178
OUT_14108,134.27511286136178
OUT_14109,134.27511286136178
OUT_14110,134.27511286136178
OUT_14111,134.27511286136178
OUT_14112,134.27511286136178
OUT_14113,134.27511286136178
OUT_14114,134.27511286136178
OUT_14115,134.27511286136178
OUT_14116,134.27511286136178
OUT_14117,134.27511286136178
OUT_14118,265.1518510818306
OUT_14119,134.27511286136178
OUT_14120,134.27511286136178
OUT_14121,134.27511286136178
OUT_14122,134.27511286136178
OUT_14123,134.27511286136178
OUT_14124,101.47487151781932
OUT_14125,134.27511286136178
OUT_14126,134.27511286136178
OUT_14127,134.27511286136178
OUT_14128,134.27511286136178
OUT_14129,134.27511286136178
OUT_14130,134.27511286136178
OUT_14131,134.27511286136178
OUT_14132,134.27511286136178
OUT_14133,134.27511286136178
OUT_14134,134.27511286136178
OUT_14135,134.27511286136178
OUT_14136,134.27511286136178
OUT_14137,134.27511286136178
OUT_14138,134.27511286136178
OUT_14139,297.969217510197
OUT_14140,101.47487151781932
OUT_14141,134.27511286136178
OUT_14142,134.27511286136178
OUT_14143,134.27511286136178
OUT_14144,134.27511286136178
OUT_14145,134.27511286136178
OUT_14146,134.27511286136178
OUT_14147,155.87596639381968
OUT_14148,134.27511286136178
OUT_14149,134.27511286136178
OUT_14150,134.27511286136178
OUT_14151,134.27511286136178
OUT_14152,101.47487151781932
OUT_14153,134.27511286136178
OUT_14154,134.27511286136178
OUT_14155,134.27511286136178
OUT_14156,134.27511286136178
OUT_14157,134.27511286136178
OUT_14158,134.27511286136178
OUT_14159,134.27511286136178
OUT_14160,134.27511286136178
OUT_14161,134.27511286136178
OUT_14162,134.27511286136178
OUT_14163,134.27511286136178
OUT_14164,134.27511286136178
OUT_14165,101.47487151781932
OUT_14166,134.27511286136178
OUT_14167,134.27511286136178
OUT_14168,134.27511286136178
OUT_14169,134.27511286136178
OUT_14170,134.27511286136178
OUT_14171,101.47487151781932
OUT_14172,134.27511286136178
OUT_14173,134.27511286136178
OUT_14174,134.27511286136178
OUT_14175,138.64381849137226
OUT_14176,134.27511286136178
OUT_14177,134.27511286136178
OUT_14178,134.27511286136178
OUT_14179,134.27511286136178
OUT_14180,134.27511286136178
OUT_14181,134.27511286136178
OUT_14182,134.27511286136178
OUT_14183,134.27511286136178
OUT_14184,134.27511286136178
OUT_14185,134.27511286136178
OUT_14186,134.27511286136178
OUT_14187,134.27511286136178
OUT_14188,134.27511286136178
OUT_14189,134.27511286136178
OUT_14190,134.27511286136178
OUT_14191,134.27511286136178
OUT_14192,134.27511286136178
OUT_14193,134.27511286136178
OUT_14194,134.27511286136178
OUT_14195,134.27511286136178
OUT_14196,134.27511286136178
OUT_14197,134.27511286136178
OUT_14198,134.27511286136178
OUT_14199,134.27511286136178
OUT_14200,322.8449260606742
OUT_14201,134.27511286136178
OUT_14202,134.27511286136178
OUT_14203,134.27511286136178
OUT_14204,134.27511286136178
OUT_14205,134.27511286136178
OUT_14206,134.27511286136178
OUT_14207,134.27511286136178
OUT_14208,308.7848740893033
OUT_14209,134.27511286136178
OUT_14210,134.27511286136178
OUT_14211,134.27511286136178
OUT_14212,134.27511286136178
OUT_14213,134.27511286136178
OUT_14214,134.27511286136178
OUT_14215,155.87596639381968
OUT_14216,134.27511286136178
OUT_14217,255.9551645214281
OUT_14218,101.47487151781932
OUT_14219,134.27511286136178
OUT_14220,134.27511286136178
OUT_14221,134.27511286136178
OUT_14222,287.25520333446525
OUT_14223,134.27511286136178
OUT_14224,134.27511286136178
OUT_14225,134.27511286136178
OUT_14226,134.27511286136178
OUT_14227,101.47487151781932
OUT_14228,134.27511286136178
OUT_14229,134.27511286136178
OUT_14230,134.27511286136178
OUT_14231,134.27511286136178
OUT_14232,134.27511286136178
OUT_14233,134.27511286136178
OUT_14234,101.47487151781932
OUT_14235,134.27511286136178
OUT_14236,134.27511286136178
OUT_14237,134.27511286136178
OUT_14238,134.27511286136178
OUT_14239,134.27511286136178
OUT_14240,295.61515227074653
OUT_14241,134.27511286136178
OUT_14242,134.27511286136178
OUT_14243,134.27511286136178
OUT_14244,134.27511286136178
OUT_14245,134.27511286136178
OUT_14246,134.27511286136178
OUT_14247,134.27511286136178
OUT_14248,134.27511286136178
OUT_14249,134.27511286136178
OUT_14250,134.27511286136178
OUT_14251,134.27511286136178
OUT_14252,134.27511286136178
OUT_14253,134.27511286136178
OUT_14254,134.27511286136178
OUT_14255,134.27511286136178
OUT_14256,134.27511286136178
OUT_14257,134.27511286136178
OUT_14258,134.27511286136178
OUT_14259,134.27511286136178
OUT_14260,134.27511286136178
OUT_14261,134.27511286136178
OUT_14262,134.27511286136178
OUT_14263,134.27511286136178
OUT_14264,134.27511286136178
OUT_14265,134.27511286136178
OUT_14266,134.27511286136178
OUT_14267,134.27511286136178
OUT_14268,134.27511286136178
OUT_14269,134.27511286136178
OUT_14270,134.27511286136178
OUT_14271,134.27511286136178
OUT_14272,134.27511286136178
OUT_14273,134.27511286136178
OUT_14274,229.92963310846133
OUT_14275,134.27511286136178
OUT_14276,134.27511286136178
OUT_14277,134.27511286136178
OUT_14278,134.27511286136178
OUT_14279,134.27511286136178
OUT_14280,135.99634500409115
OUT_14281,239.59163673150272
OUT_14282,149.5937214422394
OUT_14283,134.27511286136178
OUT_14284,134.27511286136178
OUT_14285,134.27511286136178
OUT_14286,134.27511286136178
OUT_14287,134.27511286136178
OUT_14288,134.27511286136178
OUT_14289,134.27511286136178
OUT_14290,134.27511286136178
OUT_14291,134.27511286136178
OUT_14292,101.47487151781932
OUT_14293,134.27511286136178
OUT_14294,281.6761586964823
OUT_14295,134.27511286136178
OUT_14296,134.27511286136178
OUT_14297,134.27511286136178
OUT_14298,134.27511286136178
OUT_14299,134.27511286136178
OUT_14300,134.27511286136178
OUT_14301,134.27511286136178
OUT_14302,134.27511286136178
OUT_14303,134.27511286136178
OUT_14304,155.87596639381968
OUT_14305,134.27511286136178
OUT_14306,134.27511286136178
OUT_14307,134.27511286136178
OUT_14308,134.27511286136178
OUT_14309,134.27511286136178
OUT_14310,101.47487151781932
OUT_14311,134.27511286136178
OUT_14312,134.27511286136178
OUT_14313,134.27511286136178
OUT_14314,134.27511286136178
OUT_14315,134.27511286136178
OUT_14316,134.27511286136178
OUT_14317,134.27511286136178
OUT_14318,195.18682188433175
OUT_14319,134.27511286136178
OUT_14320,134.27511286136178
OUT_14321,134.27511286136178
OUT_14322,101.47487151781932
OUT_14323,142.72391699659082
OUT_14324,134.27511286136178
OUT_14325,134.27511286136178
OUT_14326,134.27511286136178
OUT_14327,134.27511286136178
OUT_14328,134.27511286136178
OUT_14329,134.27511286136178
OUT_14330,134.27511286136178
OUT_14331,134.27511286136178
OUT_14332,134.27511286136178
OUT_14333,134.27511286136178
OUT_14334,136.29719392763258
OUT_14335,134.27511286136178
OUT_14336,146.69376025326338
OUT_14337,202.8021976080108
OUT_14338,134.27511286136178
OUT_14339,134.27511286136178
OUT_14340,134.27511286136178
OUT_14341,134.27511286136178
OUT_14342,134.27511286136178
OUT_14343,134.27511286136178
OUT_14344,134.27511286136178
OUT_14345,134.27511286136178
OUT_14346,134.27511286136178
OUT_14347,134.27511286136178
OUT_14348,134.27511286136178
OUT_14349,134.27511286136178
OUT_14350,134.27511286136178
OUT_14351,134.27511286136178
OUT_14352,134.27511286136178
OUT_14353,134.27511286136178
OUT_14354,134.27511286136178
OUT_14355,139.2107693286025
OUT_14356,134.27511286136178
OUT_14357,144.2597041670398
OUT_14358,134.27511286136178
OUT_14359,134.27511286136178
OUT_14360,134.27511286136178
OUT_14361,134.27511286136178
OUT_14362,134.27511286136178
OUT_14363,134.27511286136178
OUT_14364,134.27511286136178
OUT_14365,134.27511286136178
OUT_14366,134.27511286136178
OUT_14367,362.6543166589662
OUT_14368,134.27511286136178
OUT_14369,134.27511286136178
OUT_14370,134.27511286136178
OUT_14371,134.27511286136178
OUT_14372,134.27511286136178
OUT_14373,155.87596639381968
OUT_14374,134.27511286136178
OUT_14375,134.27511286136178
OUT_14376,134.27511286136178
OUT_14377,134.27511286136178
OUT_14378,134.27511286136178
OUT_14379,134.27511286136178
OUT_14380,134.27511286136178
OUT_14381,134.27511286136178
OUT_14382,134.27511286136178
OUT_14383,134.27511286136178
OUT_14384,134.27511286136178
OUT_14385,134.27511286136178
OUT_14386,134.27511286136178
OUT_14387,134.27511286136178
OUT_14388,134.27511286136178
OUT_14389,134.27511286136178
OUT_14390,134.27511286136178
OUT_14391,154.4492655986422
OUT_14392,134.27511286136178
OUT_14393,134.27511286136178
OUT_14394,101.47487151781932
OUT_14395,134.27511286136178
OUT_14396,134.27511286136178
OUT_14397,134.27511286136178
OUT_14398,134.27511286136178
OUT_14399,134.27511286136178
OUT_14400,134.27511286136178
OUT_14401,134.27511286136178
OUT_14402,101.47487151781932
OUT_14403,134.27511286136178
OUT_14404,134.27511286136178
OUT_14405,134.27511286136178
OUT_14406,134.27511286136178
OUT_14407,134.27511286136178
OUT_14408,134.27511286136178
OUT_14409,134.27511286136178
OUT_14410,134.27511286136178
OUT_14411,134.27511286136178
OUT_14412,134.27511286136178
OUT_14413,134.27511286136178
OUT_14414,134.27511286136178
OUT_14415,134.27511286136178
OUT_14416,134.27511286136178
OUT_14417,134.27511286136178
OUT_14418,134.27511286136178
OUT_14419,134.27511286136178
OUT_14420,134.27511286136178
OUT_14421,134.27511286136178
OUT_14422,134.27511286136178
OUT_14423,134.27511286136178
OUT_14424,134.27511286136178
OUT_14425,134.27511286136178
OUT_14426,134.27511286136178
OUT_14427,134.27511286136178
OUT_14428,134.27511286136178
OUT_14429,134.27511286136178
OUT_14430,134.27511286136178
OUT_14431,134.27511286136178
OUT_14432,134.27511286136178
OUT_14433,134.27511286136178
OUT_14434,134.27511286136178
OUT_14435,134.27511286136178
OUT_14436,389.684324923199
OUT_14437,134.27511286136178
OUT_14438,154.0508688770827
OUT_14439,134.27511286136178
OUT_14440,134.27511286136178
OUT_14441,134.27511286136178
OUT_14442,170.715241216161
OUT_14443,134.27511286136178
OUT_14444,134.27511286136178
OUT_14445,134.27511286136178
OUT_14446,134.27511286136178
OUT_14447,134.27511286136178
OUT_14448,134.27511286136178
OUT_14449,134.27511286136178
OUT_14450,161.42460129324618
OUT_14451,134.27511286136178
OUT_14452,134.27511286136178
OUT_14453,351.9406475721469
OUT_14454,101.47487151781932
OUT_14455,134.27511286136178
OUT_14456,134.27511286136178
OUT_14457,134.27511286136178
OUT_14458,134.27511286136178
OUT_14459,134.27511286136178
OUT_14460,134.27511286136178
OUT_14461,134.27511286136178
OUT_14462,134.27511286136178
OUT_14463,134.27511286136178
OUT_14464,134.27511286136178
OUT_14465,134.27511286136178
OUT_14466,134.27511286136178
OUT_14467,134.27511286136178
OUT_14468,323.0994355114642
OUT_14469,134.27511286136178
OUT_14470,134.27511286136178
OUT_14471,155.87596639381968
OUT_14472,134.27511286136178
OUT_14473,134.27511286136178
OUT_14474,134.27511286136178
OUT_14475,134.27511286136178
OUT_14476,134.27511286136178
OUT_14477,134.27511286136178
OUT_14478,134.27511286136178
OUT_14479,134.27511286136178
OUT_14480,134.27511286136178
OUT_14481,134.27511286136178
OUT_14482,134.27511286136178
OUT_14483,134.27511286136178
OUT_14484,134.27511286136178
OUT_14485,134.27511286136178
OUT_14486,134.27511286136178
OUT_14487,134.27511286136178
OUT_14488,101.47487151781932
OUT_14489,134.27511286136178
OUT_14490,134.27511286136178
OUT_14491,134.27511286136178
OUT_14492,134.27511286136178
OUT_14493,225.1079037482386
OUT_14494,134.27511286136178
OUT_14495,134.27511286136178
OUT_14496,134.27511286136178
OUT_14497,134.27511286136178
OUT_14498,134.27511286136178
OUT_14499,134.27511286136178
OUT_14500,101.47487151781932
OUT_14501,101.47487151781932
OUT_14502,134.27511286136178
OUT_14503,134.27511286136178
OUT_14504,134.27511286136178
OUT_14505,134.27511286136178
OUT_14506,134.27511286136178
OUT_14507,134.27511286136178
OUT_14508,233.9009157878261
OUT_14509,134.27511286136178
OUT_14510,134.27511286136178
OUT_14511,134.27511286136178
OUT_14512,134.27511286136178
OUT_14513,136.82033800932072
OUT_14514,191.12068075228515
OUT_14515,134.27511286136178
OUT_14516,134.27511286136178
OUT_14517,134.27511286136178
OUT_14518,134.27511286136178
OUT_14519,134.27511286136178
OUT_14520,134.27511286136178
OUT_14521,134.27511286136178
OUT_14522,134.27511286136178
OUT_14523,134.27511286136178
OUT_14524,101.47487151781932
OUT_14525,330.59259199542373
OUT_14526,134.27511286136178
OUT_14527,134.27511286136178
OUT_14528,134.27511286136178
OUT_14529,134.27511286136178
OUT_14530,134.27511286136178
OUT_14531,134.27511286136178
OUT_14532,134.27511286136178
OUT_14533,134.27511286136178
OUT_14534,134.27511286136178
OUT_14535,134.27511286136178
OUT_14536,134.27511286136178
OUT_14537,134.27511286136178
OUT_14538,134.27511286136178
OUT_14539,134.27511286136178
OUT_14540,134.27511286136178
OUT_14541,134.27511286136178
OUT_14542,134.27511286136178
OUT_14543,134.27511286136178
OUT_14544,134.27511286136178
OUT_14545,134.27511286136178
OUT_14546,134.27511286136178
OUT_14547,242.1836700554156
OUT_14548,134.27511286136178
OUT_14549,134.27511286136178
OUT_14550,134.27511286136178
OUT_14551,266.86971042327264
OUT_14552,134.27511286136178
OUT_14553,134.27511286136178
OUT_14554,134.27511286136178
OUT_14555,134.27511286136178
OUT_14556,134.27511286136178
OUT_14557,134.27511286136178
OUT_14558,134.27511286136178
OUT_14559,134.27511286136178
OUT_14560,134.27511286136178
OUT_14561,134.27511286136178
OUT_14562,134.27511286136178
OUT_14563,134.27511286136178
OUT_14564,134.27511286136178
OUT_14565,134.27511286136178
OUT_14566,134.27511286136178
OUT_14567,134.27511286136178
OUT_14568,134.27511286136178
OUT_14569,134.27511286136178
OUT_14570,134.27511286136178
OUT_14571,134.27511286136178
OUT_14572,134.27511286136178
OUT_14573,134.27511286136178
OUT_14574,101.47487151781932
OUT_14575,101.47487151781932
OUT_14576,134.27511286136178
OUT_14577,155.9243050027493
OUT_14578,134.27511286136178
OUT_14579,134.27511286136178
OUT_14580,134.27511286136178
OUT_14581,134.27511286136178
OUT_14582,134.27511286136178
OUT_14583,134.27511286136178
OUT_14584,134.27511286136178
OUT_14585,134.27511286136178
OUT_14586,305.2452245377786
OUT_14587,134.27511286136178
OUT_14588,134.27511286136178
OUT_14589,134.27511286136178
OUT_14590,134.27511286136178
OUT_14591,134.27511286136178
OUT_14592,134.27511286136178
OUT_14593,134.27511286136178
OUT_14594,134.27511286136178
OUT_14595,134.27511286136178
OUT_14596,134.27511286136178
OUT_14597,134.27511286136178
OUT_14598,134.27511286136178
OUT_14599,134.27511286136178
OUT_14600,134.27511286136178
OUT_14601,134.27511286136178
OUT_14602,285.42809585773654
OUT_14603,134.27511286136178
OUT_14604,134.27511286136178
OUT_14605,134.27511286136178
OUT_14606,134.27511286136178
OUT_14607,101.47487151781932
OUT_14608,148.84875242849054
OUT_14609,134.27511286136178
OUT_14610,134.27511286136178
OUT_14611,134.27511286136178
OUT_14612,134.27511286136178
OUT_14613,134.27511286136178
OUT_14614,134.27511286136178
OUT_14615,253.47226977894067
OUT_14616,134.27511286136178
OUT_14617,134.27511286136178
OUT_14618,134.27511286136178
OUT_14619,134.27511286136178
OUT_14620,134.27511286136178
OUT_14621,134.27511286136178
OUT_14622,134.27511286136178
OUT_14623,134.27511286136178
OUT_14624,134.27511286136178
OUT_14625,134.27511286136178
OUT_14626,134.27511286136178
OUT_14627,134.27511286136178
OUT_14628,134.27511286136178
OUT_14629,134.27511286136178
OUT_14630,341.0871915522839
OUT_14631,134.27511286136178
OUT_14632,134.27511286136178
OUT_14633,134.27511286136178
OUT_14634,134.27511286136178
OUT_14635,134.27511286136178
OUT_14636,134.27511286136178
OUT_14637,155.87596639381968
OUT_14638,134.27511286136178
OUT_14639,134.27511286136178
OUT_14640,134.27511286136178
OUT_14641,134.27511286136178
OUT_14642,134.27511286136178
OUT_14643,134.27511286136178
OUT_14644,134.27511286136178
OUT_14645,134.27511286136178
OUT_14646,134.27511286136178
OUT_14647,134.27511286136178
OUT_14648,134.27511286136178
OUT_14649,134.27511286136178
OUT_14650,134.27511286136178
OUT_14651,134.27511286136178
OUT_14652,134.27511286136178
OUT_14653,134.27511286136178
OUT_14654,134.27511286136178
OUT_14655,101.47487151781932
OUT_14656,134.27511286136178
OUT_14657,134.27511286136178
OUT_14658,134.27511286136178
OUT_14659,134.27511286136178
OUT_14660,134.27511286136178
OUT_14661,134.27511286136178
OUT_14662,155.87596639381968
OUT_14663,226.54187164719457
OUT_14664,134.27511286136178
OUT_14665,134.27511286136178
OUT_14666,134.27511286136178
OUT_14667,134.27511286136178
OUT_14668,134.27511286136178
OUT_14669,134.27511286136178
OUT_14670,134.27511286136178
OUT_14671,240.66091941080236
OUT_14672,134.27511286136178
OUT_14673,134.27511286136178
OUT_14674,134.27511286136178
OUT_14675,134.27511286136178
OUT_14676,134.27511286136178
OUT_14677,134.27511286136178
OUT_14678,134.27511286136178
OUT_14679,134.27511286136178
OUT_14680,134.27511286136178
OUT_14681,134.27511286136178
OUT_14682,134.27511286136178
OUT_14683,134.27511286136178
OUT_14684,134.27511286136178
OUT_14685,134.27511286136178
OUT_14686,134.27511286136178
OUT_14687,134.27511286136178
OUT_14688,134.27511286136178
OUT_14689,134.27511286136178
OUT_14690,134.27511286136178
OUT_14691,101.47487151781932
OUT_14692,134.27511286136178
OUT_14693,134.27511286136178
OUT_14694,134.27511286136178
OUT_14695,134.27511286136178
OUT_14696,134.27511286136178
OUT_14697,134.27511286136178
OUT_14698,134.27511286136178
OUT_14699,134.27511286136178
OUT_14700,134.27511286136178
OUT_14701,134.27511286136178
OUT_14702,134.27511286136178
OUT_14703,101.47487151781932
OUT_14704,134.27511286136178
OUT_14705,134.27511286136178
OUT_14706,134.27511286136178
OUT_14707,134.27511286136178
OUT_14708,160.81423864246975
OUT_14709,134.27511286136178
OUT_14710,134.27511286136178
OUT_14711,134.27511286136178
OUT_14712,170.97592240806048
OUT_14713,134.27511286136178
OUT_14714,134.27511286136178
OUT_14715,134.27511286136178
OUT_14716,134.27511286136178
OUT_14717,134.27511286136178
OUT_14718,134.27511286136178
OUT_14719,134.27511286136178
OUT_14720,306.67532326112126
OUT_14721,134.27511286136178
OUT_14722,134.27511286136178
OUT_14723,134.27511286136178
OUT_14724,134.27511286136178
OUT_14725,134.27511286136178
OUT_14726,134.27511286136178
OUT_14727,134.27511286136178
OUT_14728,134.27511286136178
OUT_14729,134.27511286136178
OUT_14730,134.27511286136178
OUT_14731,134.27511286136178
OUT_14732,134.27511286136178
OUT_14733,134.27511286136178
OUT_14734,134.27511286136178
OUT_14735,134.27511286136178
OUT_14736,134.27511286136178
OUT_14737,134.27511286136178
OUT_14738,134.27511286136178
OUT_14739,134.27511286136178
OUT_14740,134.27511286136178
OUT_14741,134.27511286136178
OUT_14742,134.27511286136178
OUT_14743,134.27511286136178
OUT_14744,134.27511286136178
OUT_14745,134.27511286136178
OUT_14746,134.27511286136178
OUT_14747,134.27511286136178
OUT_14748,134.27511286136178
OUT_14749,134.27511286136178
OUT_14750,134.27511286136178
OUT_14751,134.27511286136178
OUT_14752,134.27511286136178
OUT_14753,134.27511286136178
OUT_14754,167.84460551869117
OUT_14755,134.27511286136178
OUT_14756,134.27511286136178
OUT_14757,134.27511286136178
OUT_14758,134.27511286136178
OUT_14759,134.27511286136178
OUT_14760,134.27511286136178
OUT_14761,134.27511286136178
OUT_14762,155.87596639381968
OUT_14763,134.27511286136178
OUT_14764,134.27511286136178
OUT_14765,134.27511286136178
OUT_14766,134.27511286136178
OUT_14767,134.27511286136178
OUT_14768,134.27511286136178
OUT_14769,134.27511286136178
OUT_14770,134.27511286136178
OUT_14771,333.9825479756601
OUT_14772,134.27511286136178
OUT_14773,134.27511286136178
OUT_14774,134.27511286136178
OUT_14775,134.27511286136178
OUT_14776,134.27511286136178
OUT_14777,134.27511286136178
OUT_14778,134.27511286136178
OUT_14779,134.27511286136178
OUT_14780,134.27511286136178
OUT_14781,134.27511286136178
OUT_14782,139.48435344039515
OUT_14783,134.27511286136178
OUT_14784,134.27511286136178
OUT_14785,134.27511286136178
OUT_14786,134.27511286136178
OUT_14787,134.27511286136178
OUT_14788,134.27511286136178
OUT_14789,134.27511286136178
OUT_14790,134.27511286136178
OUT_14791,134.27511286136178
OUT_14792,134.27511286136178
OUT_14793,134.27511286136178
OUT_14794,134.27511286136178
OUT_14795,134.27511286136178
OUT_14796,134.27511286136178
OUT_14797,134.27511286136178
OUT_14798,134.27511286136178
OUT_14799,161.84818912162524
OUT_14800,134.27511286136178
OUT_14801,134.27511286136178
OUT_14802,134.27511286136178
OUT_14803,134.27511286136178
OUT_14804,134.27511286136178
OUT_14805,134.27511286136178
OUT_14806,134.27511286136178
OUT_14807,134.27511286136178
OUT_14808,134.27511286136178
OUT_14809,275.28005402424856
OUT_14810,134.27511286136178
OUT_14811,134.27511286136178
OUT_14812,134.27511286136178
OUT_14813,134.27511286136178
OUT_14814,134.27511286136178
OUT_14815,134.27511286136178
OUT_14816,134.27511286136178
OUT_14817,134.27511286136178
OUT_14818,134.27511286136178
OUT_14819,134.27511286136178
OUT_14820,134.27511286136178
OUT_14821,134.27511286136178
OUT_14822,328.9385607802732
OUT_14823,140.20247753248225
OUT_14824,134.27511286136178
OUT_14825,134.27511286136178
OUT_14826,134.27511286136178
OUT_14827,134.27511286136178
OUT_14828,134.27511286136178
OUT_14829,134.27511286136178
OUT_14830,198.50466863903588
OUT_14831,134.27511286136178
OUT_14832,134.27511286136178
OUT_14833,342.3171702438201
OUT_14834,174.19318545051334
OUT_14835,134.27511286136178
OUT_14836,134.27511286136178
OUT_14837,134.27511286136178
OUT_14838,134.27511286136178
OUT_14839,134.27511286136178
OUT_14840,134.27511286136178
OUT_14841,134.27511286136178
OUT_14842,134.27511286136178
OUT_14843,134.27511286136178
OUT_14844,134.27511286136178
OUT_14845,134.27511286136178
OUT_14846,134.27511286136178
OUT_14847,134.27511286136178
OUT_14848,134.27511286136178
OUT_14849,134.27511286136178
OUT_14850,134.27511286136178
OUT_14851,134.27511286136178
OUT_14852,134.27511286136178
OUT_14853,134.27511286136178
OUT_14854,134.27511286136178
OUT_14855,134.27511286136178
OUT_14856,136.93464546158066
OUT_14857,134.27511286136178
OUT_14858,134.27511286136178
OUT_14859,134.27511286136178
OUT_14860,134.27511286136178
OUT_14861,134.27511286136178
OUT_14862,134.27511286136178
OUT_14863,134.27511286136178
OUT_14864,134.47814709242783
OUT_14865,134.27511286136178
OUT_14866,134.27511286136178
OUT_14867,134.27511286136178
OUT_14868,134.27511286136178
OUT_14869,134.27511286136178
OUT_14870,134.27511286136178
OUT_14871,134.27511286136178
OUT_14872,272.7697872804669
OUT_14873,134.27511286136178
OUT_14874,208.5186611857969
OUT_14875,235.306700048722
OUT_14876,134.27511286136178
OUT_14877,134.27511286136178
OUT_14878,134.27511286136178
OUT_14879,134.27511286136178
OUT_14880,101.47487151781932
OUT_14881,148.08776002477964
OUT_14882,134.27511286136178
OUT_14883,134.27511286136178
OUT_14884,185.77253586577288
OUT_14885,134.27511286136178
OUT_14886,134.27511286136178
OUT_14887,134.27511286136178
OUT_14888,101.47487151781932
OUT_14889,134.27511286136178
OUT_14890,134.27511286136178
OUT_14891,134.27511286136178
OUT_14892,134.27511286136178
OUT_14893,134.27511286136178
OUT_14894,134.27511286136178
OUT_14895,134.27511286136178
OUT_14896,134.27511286136178
OUT_14897,134.27511286136178
OUT_14898,134.27511286136178
OUT_14899,134.27511286136178
OUT_14900,134.27511286136178
OUT_14901,134.27511286136178
OUT_14902,134.27511286136178
OUT_14903,134.27511286136178
OUT_14904,134.27511286136178
OUT_14905,134.27511286136178
OUT_14906,134.27511286136178
OUT_14907,134.27511286136178
OUT_14908,134.27511286136178
OUT_14909,134.27511286136178
OUT_14910,134.27511286136178
OUT_14911,136.2563636274941
OUT_14912,134.27511286136178
OUT_14913,101.47487151781932
OUT_14914,149.45654801777152
OUT_14915,134.27511286136178
OUT_14916,134.27511286136178
OUT_14917,134.27511286136178
OUT_14918,134.27511286136178
OUT_14919,134.27511286136178
OUT_14920,134.27511286136178
OUT_14921,101.47487151781932
OUT_14922,245.5359056582681
OUT_14923,101.47487151781932
OUT_14924,134.27511286136178
OUT_14925,134.27511286136178
OUT_14926,134.27511286136178
OUT_14927,134.27511286136178
OUT_14928,165.11076279328228
OUT_14929,134.27511286136178
OUT_14930,173.81483822082376
OUT_14931,134.27511286136178
OUT_14932,134.27511286136178
OUT_14933,134.27511286136178
OUT_14934,134.27511286136178
OUT_14935,134.27511286136178
OUT_14936,134.27511286136178
OUT_14937,134.27511286136178
OUT_14938,134.27511286136178
OUT_14939,134.27511286136178
OUT_14940,159.21362974864556
OUT_14941,134.27511286136178
OUT_14942,134.27511286136178
OUT_14943,134.27511286136178
OUT_14944,134.27511286136178
OUT_14945,134.27511286136178
OUT_14946,155.87596639381968
OUT_14947,134.27511286136178
OUT_14948,134.27511286136178
OUT_14949,134.27511286136178
OUT_14950,134.27511286136178
OUT_14951,134.27511286136178
OUT_14952,134.27511286136178
OUT_14953,134.27511286136178
OUT_14954,134.27511286136178
OUT_14955,134.27511286136178
OUT_14956,134.27511286136178
OUT_14957,134.27511286136178
OUT_14958,134.27511286136178
OUT_14959,327.20279049474374
OUT_14960,134.27511286136178
OUT_14961,134.27511286136178
OUT_14962,134.27511286136178
OUT_14963,134.27511286136178
OUT_14964,134.27511286136178
OUT_14965,134.27511286136178
OUT_14966,134.27511286136178
OUT_14967,134.27511286136178
OUT_14968,134.27511286136178
OUT_14969,134.27511286136178
OUT_14970,134.27511286136178
OUT_14971,134.27511286136178
OUT_14972,134.27511286136178
OUT_14973,134.27511286136178
OUT_14974,134.27511286136178
OUT_14975,134.27511286136178
OUT_14976,134.27511286136178
OUT_14977,134.27511286136178
OUT_14978,134.27511286136178
OUT_14979,134.27511286136178
OUT_14980,134.27511286136178
OUT_14981,134.27511286136178
OUT_14982,134.27511286136178
OUT_14983,134.27511286136178
OUT_14984,134.27511286136178
OUT_14985,134.27511286136178
OUT_14986,134.27511286136178
OUT_14987,134.27511286136178
OUT_14988,134.27511286136178
OUT_14989,134.27511286136178
OUT_14990,134.27511286136178
OUT_14991,149.73401655866763
OUT_14992,134.27511286136178
OUT_14993,148.9761927428461
OUT_14994,155.87596639381968
OUT_14995,134.27511286136178
OUT_14996,134.27511286136178
OUT_14997,134.27511286136178
OUT_14998,134.27511286136178
OUT_14999,134.27511286136178
OUT_15000,134.27511286136178
OUT_15001,134.27511286136178
OUT_15002,134.27511286136178
OUT_15003,134.27511286136178
OUT_15004,134.27511286136178
OUT_15005,304.66502668408333
OUT_15006,134.27511286136178
OUT_15007,300.6732228965562
OUT_15008,134.27511286136178
OUT_15009,134.27511286136178
OUT_15010,134.27511286136178
OUT_15011,134.27511286136178
OUT_15012,134.27511286136178
OUT_15013,134.27511286136178
OUT_15014,134.27511286136178
OUT_15015,134.27511286136178
OUT_15016,134.27511286136178
OUT_15017,134.27511286136178
OUT_15018,134.27511286136178
OUT_15019,134.27511286136178
OUT_15020,134.27511286136178
OUT_15021,134.27511286136178
OUT_15022,101.47487151781932
OUT_15023,134.27511286136178
OUT_15024,134.27511286136178
OUT_15025,134.27511286136178
OUT_15026,134.27511286136178
OUT_15027,134.27511286136178
OUT_15028,134.27511286136178
OUT_15029,134.27511286136178
OUT_15030,134.27511286136178
OUT_15031,134.27511286136178
OUT_15032,134.27511286136178
OUT_15033,134.27511286136178
OUT_15034,134.27511286136178
OUT_15035,134.27511286136178
OUT_15036,134.27511286136178
OUT_15037,134.27511286136178
OUT_15038,134.27511286136178
OUT_15039,134.27511286136178
OUT_15040,134.27511286136178
OUT_15041,170.05398861798955
OUT_15042,134.27511286136178
OUT_15043,134.27511286136178
OUT_15044,134.27511286136178
OUT_15045,134.27511286136178
OUT_15046,159.03185124197995
OUT_15047,282.33649560855827
OUT_15048,134.27511286136178
OUT_15049,134.27511286136178
OUT_15050,134.27511286136178
OUT_15051,184.01120852639917
OUT_15052,200.86218905431187
OUT_15053,134.27511286136178
OUT_15054,134.27511286136178
OUT_15055,217.35216468077545
OUT_15056,134.27511286136178
OUT_15057,308.0128492482621
OUT_15058,134.27511286136178
OUT_15059,134.27511286136178
OUT_15060,134.27511286136178
OUT_15061,134.27511286136178
OUT_15062,134.27511286136178
OUT_15063,134.27511286136178
OUT_15064,134.27511286136178
OUT_15065,134.27511286136178
OUT_15066,134.27511286136178
OUT_15067,134.27511286136178
OUT_15068,134.27511286136178
OUT_15069,134.27511286136178
OUT_15070,134.27511286136178
OUT_15071,134.27511286136178
OUT_15072,134.27511286136178
OUT_15073,134.27511286136178
OUT_15074,134.27511286136178
OUT_15075,134.27511286136178
OUT_15076,134.27511286136178
OUT_15077,134.27511286136178
OUT_15078,134.27511286136178
OUT_15079,134.27511286136178
OUT_15080,134.27511286136178
OUT_15081,101.47487151781932
OUT_15082,160.84285411965803
OUT_15083,134.27511286136178
OUT_15084,134.27511286136178
OUT_15085,134.27511286136178
OUT_15086,134.27511286136178
OUT_15087,134.27511286136178
OUT_15088,101.47487151781932
OUT_15089,198.2720815631856
OUT_15090,134.27511286136178
OUT_15091,134.27511286136178
OUT_15092,134.27511286136178
OUT_15093,156.61305034274045
OUT_15094,134.27511286136178
OUT_15095,134.27511286136178
OUT_15096,134.27511286136178
OUT_15097,134.27511286136178
OUT_15098,203.93472801248976
OUT_15099,134.27511286136178
OUT_15100,134.27511286136178
OUT_15101,134.27511286136178
OUT_15102,134.27511286136178
OUT_15103,134.27511286136178
OUT_15104,134.27511286136178
OUT_15105,134.27511286136178
OUT_15106,134.27511286136178
OUT_15107,134.27511286136178
OUT_15108,146.28585432226328
OUT_15109,134.27511286136178
OUT_15110,134.27511286136178
OUT_15111,134.27511286136178
OUT_15112,134.27511286136178
OUT_15113,134.27511286136178
OUT_15114,134.27511286136178
OUT_15115,134.27511286136178
OUT_15116,134.27511286136178
OUT_15117,134.27511286136178
OUT_15118,134.27511286136178
OUT_15119,134.27511286136178
OUT_15120,134.27511286136178
OUT_15121,134.27511286136178
OUT_15122,134.27511286136178
OUT_15123,134.27511286136178
OUT_15124,101.47487151781932
OUT_15125,147.6467521918243
OUT_15126,134.27511286136178
OUT_15127,134.27511286136178
OUT_15128,134.27511286136178
OUT_15129,134.27511286136178
OUT_15130,134.27511286136178
OUT_15131,134.27511286136178
OUT_15132,134.27511286136178
OUT_15133,134.27511286136178
OUT_15134,134.27511286136178
OUT_15135,134.27511286136178
OUT_15136,134.27511286136178
OUT_15137,134.27511286136178
OUT_15138,134.27511286136178
OUT_15139,134.27511286136178
OUT_15140,134.27511286136178
OUT_15141,134.27511286136178
OUT_15142,134.27511286136178
OUT_15143,134.27511286136178
OUT_15144,134.27511286136178
OUT_15145,258.12352014865775
OUT_15146,134.27511286136178
OUT_15147,134.27511286136178
OUT_15148,134.27511286136178
OUT_15149,134.27511286136178
OUT_15150,134.27511286136178
OUT_15151,134.27511286136178
OUT_15152,134.27511286136178
OUT_15153,101.47487151781932
OUT_15154,134.27511286136178
OUT_15155,134.27511286136178
OUT_15156,134.27511286136178
OUT_15157,134.27511286136178
OUT_15158,134.27511286136178
OUT_15159,134.27511286136178
OUT_15160,213.00934613857092
OUT_15161,134.27511286136178
OUT_15162,101.47487151781932
OUT_15163,134.27511286136178
OUT_15164,134.27511286136178
OUT_15165,134.27511286136178
OUT_15166,134.27511286136178
OUT_15167,134.27511286136178
OUT_15168,163.2692489952875
OUT_15169,134.27511286136178
OUT_15170,134.27511286136178
OUT_15171,134.27511286136178
OUT_15172,134.27511286136178
OUT_15173,134.27511286136178
OUT_15174,134.27511286136178
OUT_15175,134.27511286136178
OUT_15176,134.27511286136178
OUT_15177,134.27511286136178
OUT_15178,134.27511286136178
OUT_15179,277.6994968395256
OUT_15180,134.27511286136178
OUT_15181,134.27511286136178
OUT_15182,134.27511286136178
OUT_15183,134.27511286136178
OUT_15184,134.27511286136178
OUT_15185,134.27511286136178
OUT_15186,134.27511286136178
OUT_15187,134.27511286136178
OUT_15188,134.27511286136178
OUT_15189,134.27511286136178
OUT_15190,134.27511286136178
OUT_15191,134.27511286136178
OUT_15192,134.27511286136178
OUT_15193,134.27511286136178
OUT_15194,134.27511286136178
OUT_15195,134.27511286136178
OUT_15196,134.27511286136178
OUT_15197,134.27511286136178
OUT_15198,155.6464173332759
OUT_15199,134.27511286136178
OUT_15200,134.27511286136178
OUT_15201,134.27511286136178
OUT_15202,134.27511286136178
OUT_15203,134.27511286136178
OUT_15204,134.27511286136178
OUT_15205,134.27511286136178
OUT_15206,134.27511286136178
OUT_15207,134.27511286136178
OUT_15208,134.27511286136178
OUT_15209,134.27511286136178
OUT_15210,134.27511286136178
OUT_15211,134.27511286136178
OUT_15212,134.27511286136178
OUT_15213,134.27511286136178
OUT_15214,134.27511286136178
OUT_15215,134.27511286136178
OUT_15216,134.27511286136178
OUT_15217,134.27511286136178
OUT_15218,134.27511286136178
OUT_15219,134.27511286136178
OUT_15220,134.27511286136178
OUT_15221,134.27511286136178
OUT_15222,154.99155351271165
OUT_15223,134.27511286136178
OUT_15224,134.27511286136178
OUT_15225,134.27511286136178
OUT_15226,134.27511286136178
OUT_15227,101.47487151781932
OUT_15228,134.27511286136178
OUT_15229,134.27511286136178
OUT_15230,134.27511286136178
OUT_15231,134.27511286136178
OUT_15232,353.36107801534763
OUT_15233,134.27511286136178
OUT_15234,134.27511286136178
OUT_15235,280.7484429502346
OUT_15236,140.68046343989096
OUT_15237,134.27511286136178
OUT_15238,269.84069210195145
OUT_15239,134.27511286136178
OUT_15240,134.27511286136178
OUT_15241,134.27511286136178
OUT_15242,134.27511286136178
OUT_15243,134.27511286136178
OUT_15244,134.27511286136178
OUT_15245,134.27511286136178
OUT_15246,138.71809236646163
OUT_15247,134.27511286136178
OUT_15248,134.27511286136178
OUT_15249,134.27511286136178
OUT_15250,134.27511286136178
OUT_15251,134.27511286136178
OUT_15252,345.672662957072
OUT_15253,134.27511286136178
OUT_15254,134.27511286136178
OUT_15255,172.32777267362823
OUT_15256,134.27511286136178
OUT_15257,134.27511286136178
OUT_15258,134.27511286136178
OUT_15259,134.27511286136178
OUT_15260,134.87593292450543
OUT_15261,134.27511286136178
OUT_15262,134.27511286136178
OUT_15263,134.27511286136178
OUT_15264,101.47487151781932
OUT_15265,134.27511286136178
OUT_15266,349.8935960960593
OUT_15267,134.27511286136178
OUT_15268,134.27511286136178
OUT_15269,134.27511286136178
OUT_15270,134.27511286136178
OUT_15271,134.27511286136178
OUT_15272,134.27511286136178
OUT_15273,134.27511286136178
OUT_15274,134.27511286136178
OUT_15275,134.27511286136178
OUT_15276,134.27511286136178
OUT_15277,134.27511286136178
OUT_15278,134.27511286136178
OUT_15279,134.27511286136178
OUT_15280,134.27511286136178
OUT_15281,134.27511286136178
OUT_15282,134.27511286136178
OUT_15283,162.2277312349278
OUT_15284,101.47487151781932
OUT_15285,363.3308529839896
OUT_15286,134.27511286136178
OUT_15287,134.27511286136178
OUT_15288,134.27511286136178
OUT_15289,134.27511286136178
OUT_15290,134.27511286136178
OUT_15291,134.27511286136178
OUT_15292,134.27511286136178
OUT_15293,134.27511286136178
OUT_15294,311.2633997806805
OUT_15295,134.27511286136178
OUT_15296,134.27511286136178
OUT_15297,134.27511286136178
OUT_15298,134.27511286136178
OUT_15299,134.27511286136178
OUT_15300,134.27511286136178
OUT_15301,134.27511286136178
OUT_15302,134.27511286136178
OUT_15303,134.27511286136178
OUT_15304,134.27511286136178
OUT_15305,134.27511286136178
OUT_15306,134.27511286136178
OUT_15307,134.27511286136178
OUT_15308,134.27511286136178
OUT_15309,134.27511286136178
OUT_15310,134.27511286136178
OUT_15311,134.27511286136178
OUT_15312,134.27511286136178
OUT_15313,134.27511286136178
OUT_15314,134.27511286136178
OUT_15315,331.6609896778409
OUT_15316,134.27511286136178
OUT_15317,139.34783854751882
OUT_15318,134.27511286136178
OUT_15319,134.27511286136178
OUT_15320,134.27511286136178
OUT_15321,134.27511286136178
OUT_15322,145.9602226977153
OUT_15323,134.27511286136178
OUT_15324,134.27511286136178
OUT_15325,134.27511286136178
OUT_15326,134.27511286136178
OUT_15327,143.33711307871917
OUT_15328,134.27511286136178
OUT_15329,134.27511286136178
OUT_15330,134.27511286136178
OUT_15331,134.27511286136178
OUT_15332,134.27511286136178
OUT_15333,134.27511286136178
OUT_15334,134.27511286136178
OUT_15335,156.82114284765606
OUT_15336,134.27511286136178
OUT_15337,134.27511286136178
OUT_15338,134.27511286136178
OUT_15339,134.27511286136178
OUT_15340,153.01093507047733
OUT_15341,155.87596639381968
OUT_15342,196.8074713299597
OUT_15343,134.27511286136178
OUT_15344,134.27511286136178
OUT_15345,134.27511286136178
OUT_15346,134.27511286136178
OUT_15347,134.27511286136178
OUT_15348,134.27511286136178
OUT_15349,134.27511286136178
OUT_15350,134.27511286136178
OUT_15351,134.27511286136178
OUT_15352,101.47487151781932
OUT_15353,313.5025514706947
OUT_15354,134.27511286136178
OUT_15355,134.27511286136178
OUT_15356,269.982662434016
OUT_15357,134.27511286136178
OUT_15358,136.55782702165413
OUT_15359,134.27511286136178
OUT_15360,134.27511286136178
OUT_15361,134.27511286136178
OUT_15362,134.27511286136178
OUT_15363,134.27511286136178
OUT_15364,134.27511286136178
OUT_15365,134.27511286136178
OUT_15366,134.27511286136178
OUT_15367,134.27511286136178
OUT_15368,134.27511286136178
OUT_15369,134.27511286136178
OUT_15370,134.27511286136178
OUT_15371,134.27511286136178
OUT_15372,285.93445540506485
OUT_15373,134.27511286136178
OUT_15374,134.27511286136178
OUT_15375,134.27511286136178
OUT_15376,134.27511286136178
OUT_15377,134.27511286136178
OUT_15378,134.27511286136178
OUT_15379,134.27511286136178
OUT_15380,134.27511286136178
OUT_15381,134.27511286136178
OUT_15382,134.27511286136178
OUT_15383,134.27511286136178
OUT_15384,134.27511286136178
OUT_15385,134.27511286136178
OUT_15386,134.27511286136178
OUT_15387,134.27511286136178
OUT_15388,101.47487151781932
OUT_15389,134.27511286136178
OUT_15390,134.27511286136178
OUT_15391,134.27511286136178
OUT_15392,134.27511286136178
OUT_15393,134.27511286136178
OUT_15394,134.27511286136178
OUT_15395,101.47487151781932
OUT_15396,134.27511286136178
OUT_15397,134.27511286136178
OUT_15398,161.4221999903518
OUT_15399,134.27511286136178
OUT_15400,134.27511286136178
OUT_15401,134.27511286136178
OUT_15402,134.27511286136178
OUT_15403,134.27511286136178
OUT_15404,134.27511286136178
OUT_15405,134.27511286136178
OUT_15406,134.27511286136178
OUT_15407,134.27511286136178
OUT_15408,134.27511286136178
OUT_15409,134.27511286136178
OUT_15410,134.27511286136178
OUT_15411,134.27511286136178
OUT_15412,154.34528189835095
OUT_15413,101.47487151781932
OUT_15414,134.27511286136178
OUT_15415,222.28931110647224
OUT_15416,134.27511286136178
OUT_15417,134.27511286136178
OUT_15418,134.27511286136178
OUT_15419,134.27511286136178
OUT_15420,134.27511286136178
OUT_15421,134.27511286136178
OUT_15422,134.27511286136178
OUT_15423,134.27511286136178
OUT_15424,137.5256529151875
OUT_15425,134.27511286136178
OUT_15426,134.27511286136178
OUT_15427,134.27511286136178
OUT_15428,275.7761764345698
OUT_15429,134.27511286136178
OUT_15430,134.27511286136178
OUT_15431,134.27511286136178
OUT_15432,134.27511286136178
OUT_15433,134.27511286136178
OUT_15434,134.27511286136178
OUT_15435,150.43628054752548
OUT_15436,134.27511286136178
OUT_15437,134.27511286136178
OUT_15438,134.27511286136178
OUT_15439,134.27511286136178
OUT_15440,134.27511286136178
OUT_15441,134.27511286136178
OUT_15442,134.27511286136178
OUT_15443,134.27511286136178
OUT_15444,134.27511286136178
OUT_15445,134.27511286136178
OUT_15446,101.47487151781932
OUT_15447,134.27511286136178
OUT_15448,134.27511286136178
OUT_15449,134.27511286136178
OUT_15450,134.27511286136178
OUT_15451,184.85692919070263
OUT_15452,134.27511286136178
OUT_15453,134.27511286136178
OUT_15454,134.27511286136178
OUT_15455,134.27511286136178
OUT_15456,134.27511286136178
OUT_15457,134.27511286136178
OUT_15458,134.27511286136178
OUT_15459,134.27511286136178
OUT_15460,134.27511286136178
OUT_15461,134.27511286136178
OUT_15462,134.27511286136178
OUT_15463,134.27511286136178
OUT_15464,134.27511286136178
OUT_15465,134.27511286136178
OUT_15466,134.27511286136178
OUT_15467,134.27511286136178
OUT_15468,283.74035614762926
OUT_15469,134.27511286136178
OUT_15470,134.27511286136178
OUT_15471,134.27511286136178
OUT_15472,134.27511286136178
OUT_15473,134.27511286136178
OUT_15474,134.27511286136178
OUT_15475,134.27511286136178
OUT_15476,134.27511286136178
OUT_15477,134.27511286136178
OUT_15478,134.27511286136178
OUT_15479,134.27511286136178
OUT_15480,134.27511286136178
OUT_15481,150.5653577512233
OUT_15482,134.27511286136178
OUT_15483,134.27511286136178
OUT_15484,134.27511286136178
OUT_15485,134.27511286136178
OUT_15486,134.27511286136178
OUT_15487,134.27511286136178
OUT_15488,134.27511286136178
OUT_15489,146.3733397563017
OUT_15490,134.27511286136178
OUT_15491,134.27511286136178
OUT_15492,134.27511286136178
OUT_15493,134.27511286136178
OUT_15494,134.27511286136178
OUT_15495,134.27511286136178
OUT_15496,348.35846821582936
OUT_15497,167.0196498249588
OUT_15498,134.27511286136178
OUT_15499,134.27511286136178
OUT_15500,134.27511286136178
OUT_15501,134.27511286136178
OUT_15502,134.27511286136178
OUT_15503,134.27511286136178
OUT_15504,134.27511286136178
OUT_15505,134.27511286136178
OUT_15506,134.27511286136178
OUT_15507,134.27511286136178
OUT_15508,134.27511286136178
OUT_15509,134.27511286136178
OUT_15510,134.27511286136178
OUT_15511,279.1464071896804
OUT_15512,134.27511286136178
OUT_15513,287.1270666128831
OUT_15514,236.8032604239793
OUT_15515,134.27511286136178
OUT_15516,134.27511286136178
OUT_15517,173.2332915706737
OUT_15518,134.27511286136178
OUT_15519,134.27511286136178
OUT_15520,134.27511286136178
OUT_15521,134.27511286136178
OUT_15522,134.27511286136178
OUT_15523,134.27511286136178
OUT_15524,134.27511286136178
OUT_15525,134.27511286136178
OUT_15526,134.27511286136178
OUT_15527,134.27511286136178
OUT_15528,154.3682632170621
OUT_15529,134.27511286136178
OUT_15530,134.27511286136178
OUT_15531,134.27511286136178
OUT_15532,134.27511286136178
OUT_15533,134.27511286136178
OUT_15534,311.42709424129
OUT_15535,134.27511286136178
OUT_15536,134.27511286136178
OUT_15537,134.27511286136178
OUT_15538,141.94593456646294
OUT_15539,134.27511286136178
OUT_15540,134.27511286136178
OUT_15541,134.27511286136178
OUT_15542,134.27511286136178
OUT_15543,134.27511286136178
OUT_15544,134.27511286136178
OUT_15545,134.27511286136178
OUT_15546,134.27511286136178
OUT_15547,134.27511286136178
OUT_15548,134.27511286136178
OUT_15549,134.27511286136178
OUT_15550,134.27511286136178
OUT_15551,134.27511286136178
OUT_15552,288.6311144306992
OUT_15553,134.27511286136178
OUT_15554,134.27511286136178
OUT_15555,134.27511286136178
OUT_15556,134.27511286136178
OUT_15557,134.27511286136178
OUT_15558,134.27511286136178
OUT_15559,134.27511286136178
OUT_15560,134.27511286136178
OUT_15561,134.27511286136178
OUT_15562,288.96169130699684
OUT_15563,155.87596639381968
OUT_15564,134.27511286136178
OUT_15565,134.27511286136178
OUT_15566,134.27511286136178
OUT_15567,134.27511286136178
OUT_15568,134.27511286136178
OUT_15569,134.27511286136178
OUT_15570,134.27511286136178
OUT_15571,134.27511286136178
OUT_15572,134.27511286136178
OUT_15573,134.27511286136178
OUT_15574,134.27511286136178
OUT_15575,134.27511286136178
OUT_15576,134.27511286136178
OUT_15577,134.27511286136178
OUT_15578,134.27511286136178
OUT_15579,134.27511286136178
OUT_15580,134.27511286136178
OUT_15581,134.27511286136178
OUT_15582,134.27511286136178
OUT_15583,268.92602859713395
OUT_15584,134.27511286136178
OUT_15585,134.27511286136178
OUT_15586,134.27511286136178
OUT_15587,134.27511286136178
OUT_15588,101.47487151781932
OUT_15589,134.27511286136178
OUT_15590,134.27511286136178
OUT_15591,134.27511286136178
OUT_15592,280.0989990848659
OUT_15593,134.27511286136178
OUT_15594,134.27511286136178
OUT_15595,134.27511286136178
OUT_15596,111.38992274848724
OUT_15597,155.87596639381968
OUT_15598,293.48363368193844
OUT_15599,134.27511286136178
OUT_15600,134.27511286136178
OUT_15601,152.84429651444847
OUT_15602,134.27511286136178
OUT_15603,134.27511286136178
OUT_15604,134.27511286136178
OUT_15605,134.27511286136178
OUT_15606,134.27511286136178
OUT_15607,154.13699289035225
OUT_15608,134.27511286136178
OUT_15609,134.27511286136178
OUT_15610,134.27511286136178
OUT_15611,134.27511286136178
OUT_15612,134.27511286136178
OUT_15613,183.0599571319064
OUT_15614,134.27511286136178
OUT_15615,134.27511286136178
OUT_15616,134.27511286136178
OUT_15617,134.27511286136178
OUT_15618,134.27511286136178
OUT_15619,134.27511286136178
OUT_15620,134.27511286136178
OUT_15621,134.27511286136178
OUT_15622,134.27511286136178
OUT_15623,134.27511286136178
OUT_15624,134.27511286136178
OUT_15625,134.27511286136178
OUT_15626,134.27511286136178
OUT_15627,404.2651562741423
OUT_15628,277.2692309359713
OUT_15629,134.27511286136178
OUT_15630,134.27511286136178
OUT_15631,134.27511286136178
OUT_15632,134.27511286136178
OUT_15633,134.27511286136178
OUT_15634,101.47487151781932
OUT_15635,134.27511286136178
OUT_15636,134.27511286136178
OUT_15637,307.4652117304795
OUT_15638,134.27511286136178
OUT_15639,134.27511286136178
OUT_15640,134.27511286136178
OUT_15641,134.27511286136178
OUT_15642,134.27511286136178
OUT_15643,134.27511286136178
OUT_15644,134.27511286136178
OUT_15645,134.27511286136178
OUT_15646,134.27511286136178
OUT_15647,134.27511286136178
OUT_15648,134.27511286136178
OUT_15649,134.27511286136178
OUT_15650,338.11693478637943
OUT_15651,134.27511286136178
OUT_15652,134.27511286136178
OUT_15653,134.27511286136178
OUT_15654,134.27511286136178
OUT_15655,134.27511286136178
OUT_15656,134.27511286136178
OUT_15657,134.27511286136178
OUT_15658,134.27511286136178
OUT_15659,134.27511286136178
OUT_15660,134.27511286136178
OUT_15661,134.27511286136178
OUT_15662,134.27511286136178
OUT_15663,134.27511286136178
OUT_15664,150.8237561470049
OUT_15665,294.1324930604012
OUT_15666,134.27511286136178
OUT_15667,126.47255414528024
OUT_15668,134.27511286136178
OUT_15669,134.27511286136178
OUT_15670,134.27511286136178
OUT_15671,134.27511286136178
OUT_15672,134.27511286136178
OUT_15673,138.3798514746681
OUT_15674,134.27511286136178
OUT_15675,134.27511286136178
OUT_15676,134.27511286136178
OUT_15677,134.27511286136178
OUT_15678,134.27511286136178
OUT_15679,134.27511286136178
OUT_15680,148.0487636375885
OUT_15681,134.27511286136178
OUT_15682,134.27511286136178
OUT_15683,134.27511286136178
OUT_15684,134.27511286136178
OUT_15685,134.27511286136178
OUT_15686,134.27511286136178
OUT_15687,155.87596639381968
OUT_15688,136.6285572450704
OUT_15689,134.27511286136178
OUT_15690,134.27511286136178
OUT_15691,134.27511286136178
OUT_15692,134.27511286136178
OUT_15693,139.47185324583515
OUT_15694,134.27511286136178
OUT_15695,134.27511286136178
OUT_15696,134.27511286136178
OUT_15697,170.01512573317024
OUT_15698,134.27511286136178
OUT_15699,134.27511286136178
OUT_15700,134.27511286136178
OUT_15701,134.27511286136178
OUT_15702,134.27511286136178
OUT_15703,134.27511286136178
OUT_15704,134.27511286136178
OUT_15705,134.27511286136178
OUT_15706,134.27511286136178
OUT_15707,134.27511286136178
OUT_15708,134.27511286136178
OUT_15709,134.27511286136178
OUT_15710,134.27511286136178
OUT_15711,134.27511286136178
OUT_15712,134.27511286136178
OUT_15713,134.27511286136178
OUT_15714,134.27511286136178
OUT_15715,134.27511286136178
OUT_15716,134.27511286136178
OUT_15717,259.5218238138925
OUT_15718,134.27511286136178
OUT_15719,134.27511286136178
OUT_15720,134.27511286136178
OUT_15721,134.27511286136178
OUT_15722,134.27511286136178
OUT_15723,134.27511286136178
OUT_15724,134.27511286136178
OUT_15725,134.27511286136178
OUT_15726,134.27511286136178
OUT_15727,134.27511286136178
OUT_15728,214.0674259728001
OUT_15729,134.27511286136178
OUT_15730,134.27511286136178
OUT_15731,153.47201703137446
OUT_15732,134.27511286136178
OUT_15733,134.27511286136178
OUT_15734,134.27511286136178
OUT_15735,134.27511286136178
OUT_15736,134.27511286136178
OUT_15737,134.27511286136178
OUT_15738,134.27511286136178
OUT_15739,134.27511286136178
OUT_15740,134.27511286136178
OUT_15741,134.27511286136178
OUT_15742,134.27511286136178
OUT_15743,101.47487151781932
OUT_15744,134.27511286136178
OUT_15745,134.27511286136178
OUT_15746,134.27511286136178
OUT_15747,134.27511286136178
OUT_15748,134.27511286136178
OUT_15749,134.27511286136178
OUT_15750,134.27511286136178
OUT_15751,158.55791261791398
OUT_15752,134.27511286136178
OUT_15753,134.27511286136178
OUT_15754,134.27511286136178
OUT_15755,134.27511286136178
OUT_15756,161.81381803244705
OUT_15757,134.27511286136178
OUT_15758,134.27511286136178
OUT_15759,134.27511286136178
OUT_15760,134.27511286136178
OUT_15761,134.27511286136178
OUT_15762,134.27511286136178
OUT_15763,134.27511286136178
OUT_15764,134.27511286136178
OUT_15765,134.27511286136178
OUT_15766,134.27511286136178
OUT_15767,134.27511286136178
OUT_15768,134.27511286136178
OUT_15769,134.27511286136178
OUT_15770,134.27511286136178
OUT_15771,134.27511286136178
OUT_15772,134.27511286136178
OUT_15773,134.27511286136178
OUT_15774,134.27511286136178
OUT_15775,134.27511286136178
OUT_15776,101.47487151781932
OUT_15777,134.27511286136178
OUT_15778,101.47487151781932
OUT_15779,134.27511286136178
OUT_15780,157.4440162827435
OUT_15781,134.27511286136178
OUT_15782,291.02223951438907
OUT_15783,134.27511286136178
OUT_15784,134.27511286136178
OUT_15785,134.27511286136178
OUT_15786,134.27511286136178
OUT_15787,134.27511286136178
OUT_15788,134.27511286136178
OUT_15789,134.27511286136178
OUT_15790,259.8021049417976
OUT_15791,134.27511286136178
OUT_15792,134.27511286136178
OUT_15793,197.27180799762547
OUT_15794,134.27511286136178
OUT_15795,134.27511286136178
OUT_15796,101.47487151781932
OUT_15797,134.27511286136178
OUT_15798,134.27511286136178
OUT_15799,171.14319756516198
OUT_15800,134.27511286136178
OUT_15801,134.27511286136178
OUT_15802,281.22478711061524
OUT_15803,134.27511286136178
OUT_15804,134.27511286136178
OUT_15805,134.27511286136178
OUT_15806,134.27511286136178
OUT_15807,134.27511286136178
OUT_15808,134.27511286136178
OUT_15809,134.27511286136178
OUT_15810,134.27511286136178
OUT_15811,134.27511286136178
OUT_15812,134.27511286136178
OUT_15813,134.27511286136178
OUT_15814,163.2522156059145
OUT_15815,134.27511286136178
OUT_15816,134.27511286136178
OUT_15817,134.27511286136178
OUT_15818,134.27511286136178
OUT_15819,134.27511286136178
OUT_15820,134.27511286136178
OUT_15821,134.27511286136178
OUT_15822,134.27511286136178
OUT_15823,134.27511286136178
OUT_15824,134.27511286136178
OUT_15825,134.27511286136178
OUT_15826,134.27511286136178
OUT_15827,134.27511286136178
OUT_15828,134.27511286136178
OUT_15829,134.27511286136178
OUT_15830,134.27511286136178
OUT_15831,134.27511286136178
OUT_15832,101.47487151781932
OUT_15833,134.27511286136178
OUT_15834,170.30679981587403
OUT_15835,134.27511286136178
OUT_15836,134.27511286136178
OUT_15837,249.2043340443213
OUT_15838,134.27511286136178
OUT_15839,134.27511286136178
OUT_15840,156.22540060672216
OUT_15841,134.27511286136178
OUT_15842,134.27511286136178
OUT_15843,134.27511286136178
OUT_15844,134.27511286136178
OUT_15845,134.27511286136178
OUT_15846,134.27511286136178
OUT_15847,276.89403815905035
OUT_15848,134.27511286136178
OUT_15849,186.3603241525838
OUT_15850,134.27511286136178
OUT_15851,134.27511286136178
OUT_15852,101.63124319038717
OUT_15853,286.8656067409823
OUT_15854,134.27511286136178
OUT_15855,134.27511286136178
OUT_15856,134.27511286136178
OUT_15857,134.27511286136178
OUT_15858,134.27511286136178
OUT_15859,134.27511286136178
OUT_15860,134.27511286136178
OUT_15861,164.3506895050444
OUT_15862,166.52421239275668
OUT_15863,134.27511286136178
OUT_15864,134.27511286136178
OUT_15865,134.27511286136178
OUT_15866,134.27511286136178
OUT_15867,134.27511286136178
OUT_15868,101.47487151781932
OUT_15869,134.27511286136178
OUT_15870,101.47487151781932
OUT_15871,349.90834636796995
OUT_15872,134.27511286136178
OUT_15873,134.27511286136178
OUT_15874,147.38018392825285
OUT_15875,134.27511286136178
OUT_15876,134.27511286136178
OUT_15877,205.87531329632225
OUT_15878,134.27511286136178
OUT_15879,134.27511286136178
OUT_15880,134.27511286136178
OUT_15881,134.27511286136178
OUT_15882,149.439705104663
OUT_15883,101.47487151781932
OUT_15884,134.27511286136178
OUT_15885,134.27511286136178
OUT_15886,134.27511286136178
OUT_15887,134.27511286136178
OUT_15888,134.27511286136178
OUT_15889,134.27511286136178
OUT_15890,188.2626763580906
OUT_15891,134.27511286136178
OUT_15892,134.27511286136178
OUT_15893,134.27511286136178
OUT_15894,134.27511286136178
OUT_15895,134.27511286136178
OUT_15896,134.27511286136178
OUT_15897,134.27511286136178
OUT_15898,134.27511286136178
OUT_15899,140.11064625612497
OUT_15900,134.27511286136178
OUT_15901,134.27511286136178
OUT_15902,134.27511286136178
OUT_15903,134.27511286136178
OUT_15904,134.27511286136178
OUT_15905,134.27511286136178
OUT_15906,233.18780422525876
OUT_15907,134.27511286136178
OUT_15908,134.27511286136178
OUT_15909,101.47487151781932
OUT_15910,134.27511286136178
OUT_15911,134.27511286136178
OUT_15912,134.27511286136178
OUT_15913,101.47487151781932
OUT_15914,134.27511286136178
OUT_15915,134.27511286136178
OUT_15916,134.27511286136178
OUT_15917,134.27511286136178
OUT_15918,134.27511286136178
OUT_15919,134.50644718504435
OUT_15920,134.27511286136178
OUT_15921,134.27511286136178
OUT_15922,128.00695800750464
OUT_15923,134.27511286136178
OUT_15924,134.27511286136178
OUT_15925,134.27511286136178
OUT_15926,134.27511286136178
OUT_15927,134.27511286136178
OUT_15928,134.27511286136178
OUT_15929,134.27511286136178
OUT_15930,134.27511286136178
OUT_15931,134.27511286136178
OUT_15932,134.27511286136178
OUT_15933,134.27511286136178
OUT_15934,137.81714252669718
OUT_15935,134.27511286136178
OUT_15936,134.27511286136178
OUT_15937,134.27511286136178
OUT_15938,134.27511286136178
OUT_15939,134.27511286136178
OUT_15940,134.27511286136178
OUT_15941,134.27511286136178
OUT_15942,134.27511286136178
OUT_15943,134.27511286136178
OUT_15944,134.27511286136178
OUT_15945,134.27511286136178
OUT_15946,134.27511286136178
OUT_15947,134.27511286136178
OUT_15948,134.27511286136178
OUT_15949,134.27511286136178
OUT_15950,134.27511286136178
OUT_15951,276.617452226562
OUT_15952,134.27511286136178
OUT_15953,134.27511286136178
OUT_15954,134.27511286136178
OUT_15955,136.9195984079659
OUT_15956,134.27511286136178
OUT_15957,134.27511286136178
OUT_15958,136.19997928196753
OUT_15959,134.27511286136178
OUT_15960,101.47487151781932
OUT_15961,134.27511286136178
OUT_15962,134.27511286136178
OUT_15963,134.27511286136178
OUT_15964,134.27511286136178
OUT_15965,134.27511286136178
OUT_15966,134.27511286136178
OUT_15967,134.27511286136178
OUT_15968,134.27511286136178
OUT_15969,134.27511286136178
OUT_15970,134.27511286136178
OUT_15971,268.84358530860464
OUT_15972,134.27511286136178
OUT_15973,134.27511286136178
OUT_15974,134.27511286136178
OUT_15975,134.27511286136178
OUT_15976,134.27511286136178
OUT_15977,134.27511286136178
OUT_15978,134.27511286136178
OUT_15979,143.0813609620843
OUT_15980,134.27511286136178
OUT_15981,134.27511286136178
OUT_15982,134.27511286136178
OUT_15983,134.27511286136178
OUT_15984,134.27511286136178
OUT_15985,134.27511286136178
OUT_15986,134.27511286136178
OUT_15987,101.47487151781932
OUT_15988,134.27511286136178
OUT_15989,134.27511286136178
OUT_15990,134.27511286136178
OUT_15991,134.27511286136178
OUT_15992,134.27511286136178
OUT_15993,134.27511286136178
OUT_15994,134.27511286136178
OUT_15995,134.27511286136178
OUT_15996,134.27511286136178
OUT_15997,134.27511286136178
OUT_15998,101.47487151781932
OUT_15999,134.27511286136178
OUT_16000,134.27511286136178
OUT_16001,134.27511286136178
OUT_16002,134.27511286136178
OUT_16003,134.27511286136178
OUT_16004,144.92236691929213
OUT_16005,134.27511286136178
OUT_16006,134.27511286136178
OUT_16007,134.27511286136178
OUT_16008,134.27511286136178
OUT_16009,134.27511286136178
OUT_16010,134.27511286136178
OUT_16011,134.27511286136178
OUT_16012,134.27511286136178
OUT_16013,134.27511286136178
OUT_16014,134.27511286136178
OUT_16015,134.27511286136178
OUT_16016,134.27511286136178
OUT_16017,134.27511286136178
OUT_16018,134.27511286136178
OUT_16019,134.27511286136178
OUT_16020,134.27511286136178
OUT_16021,134.27511286136178
OUT_16022,134.27511286136178
OUT_16023,134.27511286136178
OUT_16024,134.27511286136178
OUT_16025,134.27511286136178
OUT_16026,134.27511286136178
OUT_16027,134.27511286136178
OUT_16028,134.27511286136178
OUT_16029,134.27511286136178
OUT_16030,101.47487151781932
OUT_16031,134.27511286136178
OUT_16032,134.27511286136178
OUT_16033,134.27511286136178
OUT_16034,184.6124887198283
OUT_16035,134.27511286136178
OUT_16036,134.27511286136178
OUT_16037,134.27511286136178
OUT_16038,101.47487151781932
OUT_16039,134.27511286136178
OUT_16040,134.27511286136178
OUT_16041,287.85345051876175
OUT_16042,134.27511286136178
OUT_16043,134.27511286136178
OUT_16044,101.47487151781932
OUT_16045,134.27511286136178
OUT_16046,101.47487151781932
OUT_16047,134.27511286136178
OUT_16048,134.27511286136178
OUT_16049,134.27511286136178
OUT_16050,134.27511286136178
OUT_16051,134.27511286136178
OUT_16052,101.47487151781932
OUT_16053,134.27511286136178
OUT_16054,134.27511286136178
OUT_16055,134.27511286136178
OUT_16056,134.27511286136178
OUT_16057,134.27511286136178
OUT_16058,134.27511286136178
OUT_16059,134.27511286136178
OUT_16060,134.27511286136178
OUT_16061,134.27511286136178
OUT_16062,134.27511286136178
OUT_16063,101.47487151781932
OUT_16064,134.27511286136178
OUT_16065,134.27511286136178
OUT_16066,134.27511286136178
OUT_16067,134.27511286136178
OUT_16068,134.27511286136178
OUT_16069,134.27511286136178
OUT_16070,134.27511286136178
OUT_16071,228.9737463338836
OUT_16072,134.27511286136178
OUT_16073,134.27511286136178
OUT_16074,134.27511286136178
OUT_16075,172.5482029182136
OUT_16076,134.27511286136178
OUT_16077,134.27511286136178
OUT_16078,134.27511286136178
OUT_16079,134.27511286136178
OUT_16080,134.27511286136178
OUT_16081,134.27511286136178
OUT_16082,134.27511286136178
OUT_16083,187.83474778065644
OUT_16084,134.27511286136178
OUT_16085,255.02391558253083
OUT_16086,171.89105060464885
OUT_16087,134.27511286136178
OUT_16088,134.27511286136178
OUT_16089,134.27511286136178
OUT_16090,134.27511286136178
OUT_16091,134.27511286136178
OUT_16092,134.27511286136178
OUT_16093,134.27511286136178
OUT_16094,229.8404175164281
OUT_16095,101.47487151781932
OUT_16096,101.47487151781932
OUT_16097,153.93586988833837
OUT_16098,134.27511286136178
OUT_16099,134.27511286136178
OUT_16100,134.27511286136178
OUT_16101,134.27511286136178
OUT_16102,134.27511286136178
OUT_16103,134.27511286136178
OUT_16104,134.27511286136178
OUT_16105,134.27511286136178
OUT_16106,134.27511286136178
OUT_16107,134.27511286136178
OUT_16108,283.0038989720429
OUT_16109,134.27511286136178
OUT_16110,134.27511286136178
OUT_16111,134.27511286136178
OUT_16112,134.27511286136178
OUT_16113,134.27511286136178
OUT_16114,145.0015423796253
OUT_16115,134.27511286136178
OUT_16116,134.27511286136178
OUT_16117,134.27511286136178
OUT_16118,134.27511286136178
OUT_16119,134.27511286136178
OUT_16120,134.27511286136178
OUT_16121,134.27511286136178
OUT_16122,134.27511286136178
OUT_16123,189.6513983662577
OUT_16124,134.27511286136178
OUT_16125,134.27511286136178
OUT_16126,134.27511286136178
OUT_16127,134.27511286136178
OUT_16128,134.27511286136178
OUT_16129,134.27511286136178
OUT_16130,134.27511286136178
OUT_16131,134.27511286136178
OUT_16132,134.27511286136178
OUT_16133,134.27511286136178
OUT_16134,134.27511286136178
OUT_16135,134.27511286136178
OUT_16136,154.81526472625492
OUT_16137,134.27511286136178
OUT_16138,134.27511286136178
OUT_16139,134.27511286136178
OUT_16140,134.27511286136178
OUT_16141,134.27511286136178
OUT_16142,134.27511286136178
OUT_16143,134.27511286136178
OUT_16144,134.27511286136178
OUT_16145,134.27511286136178
OUT_16146,134.27511286136178
OUT_16147,134.27511286136178
OUT_16148,134.27511286136178
OUT_16149,134.27511286136178
OUT_16150,134.27511286136178
OUT_16151,134.27511286136178
OUT_16152,134.27511286136178
OUT_16153,134.27511286136178
OUT_16154,134.27511286136178
OUT_16155,134.27511286136178
OUT_16156,134.27511286136178
OUT_16157,134.27511286136178
OUT_16158,127.54404265759142
OUT_16159,127.54404265759142
OUT_16160,127.54404265759142
OUT_16161,127.54404265759142
OUT_16162,127.54404265759142
OUT_16163,127.54404265759142
OUT_16164,127.54404265759142
OUT_16165,127.54404265759142
OUT_16166,127.54404265759142
OUT_16167,127.54404265759142
OUT_16168,127.54404265759142
OUT_16169,308.7577804402609
OUT_16170,127.54404265759142
OUT_16171,127.54404265759142
OUT_16172,127.54404265759142
OUT_16173,127.54404265759142
OUT_16174,127.54404265759142
OUT_16175,127.54404265759142
OUT_16176,132.8547325887326
OUT_16177,127.54404265759142
OUT_16178,127.54404265759142
OUT_16179,127.54404265759142
OUT_16180,256.2994294118729
OUT_16181,127.54404265759142
OUT_16182,127.54404265759142
OUT_16183,238.3116643619765
OUT_16184,143.85109911256538
OUT_16185,150.41572290961247
OUT_16186,101.47487151781932
OUT_16187,127.54404265759142
OUT_16188,127.54404265759142
OUT_16189,127.54404265759142
OUT_16190,131.73476391468606
OUT_16191,127.54404265759142
OUT_16192,127.54404265759142
OUT_16193,127.54404265759142
OUT_16194,127.54404265759142
OUT_16195,229.14033335665675
OUT_16196,127.54404265759142
OUT_16197,127.54404265759142
OUT_16198,127.54404265759142
OUT_16199,377.3268544014895
OUT_16200,127.54404265759142
OUT_16201,169.92307833390993
OUT_16202,127.54404265759142
OUT_16203,127.54404265759142
OUT_16204,127.54404265759142
OUT_16205,127.54404265759142
OUT_16206,127.54404265759142
OUT_16207,127.54404265759142
OUT_16208,127.54404265759142
OUT_16209,145.61641628164207
OUT_16210,127.54404265759142
OUT_16211,127.54404265759142
OUT_16212,127.54404265759142
OUT_16213,127.54404265759142
OUT_16214,127.54404265759142
OUT_16215,127.54404265759142
OUT_16216,127.54404265759142
OUT_16217,127.54404265759142
OUT_16218,127.54404265759142
OUT_16219,141.4890041177728
OUT_16220,127.54404265759142
OUT_16221,127.54404265759142
OUT_16222,127.54404265759142
OUT_16223,224.1890888486124
OUT_16224,127.54404265759142
OUT_16225,127.54404265759142
OUT_16226,127.54404265759142
OUT_16227,127.54404265759142
OUT_16228,304.6082765247433
OUT_16229,307.1932023362734
OUT_16230,127.54404265759142
OUT_16231,127.54404265759142
OUT_16232,127.54404265759142
OUT_16233,127.54404265759142
OUT_16234,127.54404265759142
OUT_16235,127.54404265759142
OUT_16236,127.54404265759142
OUT_16237,127.54404265759142
OUT_16238,277.177621609496
OUT_16239,127.54404265759142
OUT_16240,127.54404265759142
OUT_16241,127.54404265759142
OUT_16242,127.54404265759142
OUT_16243,161.68905315182275
OUT_16244,127.54404265759142
OUT_16245,137.01575337941867
OUT_16246,127.54404265759142
OUT_16247,127.54404265759142
OUT_16248,127.54404265759142
OUT_16249,127.54404265759142
OUT_16250,127.54404265759142
OUT_16251,127.54404265759142
OUT_16252,127.54404265759142
OUT_16253,127.54404265759142
OUT_16254,127.54404265759142
OUT_16255,127.54404265759142
OUT_16256,127.54404265759142
OUT_16257,127.54404265759142
OUT_16258,155.10226785071552
OUT_16259,127.54404265759142
OUT_16260,127.54404265759142
OUT_16261,127.54404265759142
OUT_16262,127.54404265759142
OUT_16263,127.54404265759142
OUT_16264,127.54404265759142
OUT_16265,127.54404265759142
OUT_16266,127.54404265759142
OUT_16267,127.54404265759142
OUT_16268,127.54404265759142
OUT_16269,127.54404265759142
OUT_16270,127.54404265759142
OUT_16271,127.54404265759142
OUT_16272,127.54404265759142
OUT_16273,136.93581047687147
OUT_16274,101.47487151781932
OUT_16275,127.54404265759142
OUT_16276,127.54404265759142
OUT_16277,127.54404265759142
OUT_16278,127.54404265759142
OUT_16279,127.54404265759142
OUT_16280,127.54404265759142
OUT_16281,127.54404265759142
OUT_16282,127.54404265759142
OUT_16283,127.54404265759142
OUT_16284,127.54404265759142
OUT_16285,127.54404265759142
OUT_16286,127.54404265759142
OUT_16287,127.54404265759142
OUT_16288,127.54404265759142
OUT_16289,127.54404265759142
OUT_16290,127.54404265759142
OUT_16291,127.54404265759142
OUT_16292,127.54404265759142
OUT_16293,127.54404265759142
OUT_16294,127.54404265759142
OUT_16295,127.54404265759142
OUT_16296,127.54404265759142
OUT_16297,127.54404265759142
OUT_16298,127.54404265759142
OUT_16299,127.54404265759142
OUT_16300,127.54404265759142
OUT_16301,127.54404265759142
OUT_16302,127.54404265759142
OUT_16303,258.24601385174225
OUT_16304,238.2018251460229
OUT_16305,127.54404265759142
OUT_16306,155.87596639381968
OUT_16307,127.54404265759142
OUT_16308,101.47487151781932
OUT_16309,127.54404265759142
OUT_16310,127.54404265759142
OUT_16311,128.11473916401877
OUT_16312,127.54404265759142
OUT_16313,127.54404265759142
OUT_16314,214.519615378484
OUT_16315,127.63901027400028
OUT_16316,101.47487151781932
OUT_16317,127.54404265759142
OUT_16318,127.54404265759142
OUT_16319,127.54404265759142
OUT_16320,127.54404265759142
OUT_16321,127.54404265759142
OUT_16322,127.54404265759142
OUT_16323,127.54404265759142
OUT_16324,127.54404265759142
OUT_16325,127.54404265759142
OUT_16326,127.54404265759142
OUT_16327,127.54404265759142
OUT_16328,127.54404265759142
OUT_16329,348.30614398170866
OUT_16330,128.42783291475283
OUT_16331,341.22520877733547
OUT_16332,127.54404265759142
OUT_16333,127.54404265759142
OUT_16334,127.54404265759142
OUT_16335,127.54404265759142
OUT_16336,261.1712501693915
OUT_16337,127.54404265759142
OUT_16338,127.54404265759142
OUT_16339,127.54404265759142
OUT_16340,127.54404265759142
OUT_16341,127.54404265759142
OUT_16342,127.54404265759142
OUT_16343,127.54404265759142
OUT_16344,127.54404265759142
OUT_16345,127.54404265759142
OUT_16346,127.54404265759142
OUT_16347,127.54404265759142
OUT_16348,127.54404265759142
OUT_16349,127.54404265759142
OUT_16350,101.47487151781932
OUT_16351,127.54404265759142
OUT_16352,127.54404265759142
OUT_16353,127.54404265759142
OUT_16354,127.54404265759142
OUT_16355,127.54404265759142
OUT_16356,127.54404265759142
OUT_16357,127.54404265759142
OUT_16358,127.54404265759142
OUT_16359,127.54404265759142
OUT_16360,127.54404265759142
OUT_16361,127.54404265759142
OUT_16362,127.54404265759142
OUT_16363,127.54404265759142
OUT_16364,170.5061393059329
OUT_16365,127.54404265759142
OUT_16366,127.54404265759142
OUT_16367,127.54404265759142
OUT_16368,127.54404265759142
OUT_16369,127.54404265759142
OUT_16370,127.54404265759142
OUT_16371,127.54404265759142
OUT_16372,127.54404265759142
OUT_16373,127.54404265759142
OUT_16374,127.54404265759142
OUT_16375,127.54404265759142
OUT_16376,127.54404265759142
OUT_16377,127.54404265759142
OUT_16378,127.54404265759142
OUT_16379,127.54404265759142
OUT_16380,127.54404265759142
OUT_16381,127.54404265759142
OUT_16382,168.72135044153035
OUT_16383,127.54404265759142
OUT_16384,155.87596639381968
OUT_16385,127.54404265759142
OUT_16386,127.54404265759142
OUT_16387,127.54404265759142
OUT_16388,272.325168794605
OUT_16389,127.54404265759142
OUT_16390,127.54404265759142
OUT_16391,127.54404265759142
OUT_16392,127.54404265759142
OUT_16393,127.54404265759142
OUT_16394,127.54404265759142
OUT_16395,127.54404265759142
OUT_16396,127.54404265759142
OUT_16397,127.54404265759142
OUT_16398,127.54404265759142
OUT_16399,127.54404265759142
OUT_16400,127.54404265759142
OUT_16401,127.54404265759142
OUT_16402,127.54404265759142
OUT_16403,127.54404265759142
OUT_16404,127.54404265759142
OUT_16405,127.54404265759142
OUT_16406,101.47487151781932
OUT_16407,127.54404265759142
OUT_16408,127.54404265759142
OUT_16409,127.54404265759142
OUT_16410,127.54404265759142
OUT_16411,127.54404265759142
OUT_16412,127.54404265759142
OUT_16413,127.54404265759142
OUT_16414,127.54404265759142
OUT_16415,127.54404265759142
OUT_16416,127.54404265759142
OUT_16417,127.54404265759142
OUT_16418,127.54404265759142
OUT_16419,127.54404265759142
OUT_16420,127.54404265759142
OUT_16421,127.54404265759142
OUT_16422,127.54404265759142
OUT_16423,127.54404265759142
OUT_16424,127.54404265759142
OUT_16425,127.54404265759142
OUT_16426,161.4928063126928
OUT_16427,127.54404265759142
OUT_16428,127.54404265759142
OUT_16429,127.54404265759142
OUT_16430,127.54404265759142
OUT_16431,127.54404265759142
OUT_16432,127.54404265759142
OUT_16433,127.54404265759142
OUT_16434,127.54404265759142
OUT_16435,127.54404265759142
OUT_16436,127.54404265759142
OUT_16437,278.8550667824211
OUT_16438,127.54404265759142
OUT_16439,127.54404265759142
OUT_16440,127.54404265759142
OUT_16441,315.4171997141344
OUT_16442,127.54404265759142
OUT_16443,127.54404265759142
OUT_16444,127.54404265759142
OUT_16445,127.54404265759142
OUT_16446,127.54404265759142
OUT_16447,127.54404265759142
OUT_16448,127.54404265759142
OUT_16449,127.54404265759142
OUT_16450,127.54404265759142
OUT_16451,127.54404265759142
OUT_16452,127.54404265759142
OUT_16453,127.54404265759142
OUT_16454,127.54404265759142
OUT_16455,127.54404265759142
OUT_16456,101.47487151781932
OUT_16457,127.54404265759142
OUT_16458,127.54404265759142
OUT_16459,127.54404265759142
OUT_16460,262.7991588433182
OUT_16461,127.54404265759142
OUT_16462,127.54404265759142
OUT_16463,127.54404265759142
OUT_16464,127.54404265759142
OUT_16465,127.54404265759142
OUT_16466,127.54404265759142
OUT_16467,127.54404265759142
OUT_16468,127.54404265759142
OUT_16469,127.54404265759142
OUT_16470,127.54404265759142
OUT_16471,127.54404265759142
OUT_16472,127.54404265759142
OUT_16473,127.54404265759142
OUT_16474,127.54404265759142
OUT_16475,101.47487151781932
OUT_16476,127.54404265759142
OUT_16477,127.54404265759142
OUT_16478,127.54404265759142
OUT_16479,127.54404265759142
OUT_16480,127.54404265759142
OUT_16481,127.54404265759142
OUT_16482,127.54404265759142
OUT_16483,127.54404265759142
OUT_16484,127.54404265759142
OUT_16485,127.54404265759142
OUT_16486,127.54404265759142
OUT_16487,127.54404265759142
OUT_16488,276.9882969002801
OUT_16489,127.54404265759142
OUT_16490,127.54404265759142
OUT_16491,127.54404265759142
OUT_16492,314.79824892273865
OUT_16493,127.54404265759142
OUT_16494,127.54404265759142
OUT_16495,127.54404265759142
OUT_16496,127.54404265759142
OUT_16497,127.54404265759142
OUT_16498,127.54404265759142
OUT_16499,127.54404265759142
OUT_16500,127.54404265759142
OUT_16501,127.54404265759142
OUT_16502,127.54404265759142
OUT_16503,127.54404265759142
OUT_16504,127.54404265759142
OUT_16505,127.54404265759142
OUT_16506,127.54404265759142
OUT_16507,127.54404265759142
OUT_16508,127.54404265759142
OUT_16509,127.54404265759142
OUT_16510,127.54404265759142
OUT_16511,127.54404265759142
OUT_16512,127.54404265759142
OUT_16513,127.54404265759142
OUT_16514,127.54404265759142
OUT_16515,127.54404265759142
OUT_16516,127.54404265759142
OUT_16517,127.54404265759142
OUT_16518,127.54404265759142
OUT_16519,127.54404265759142
OUT_16520,298.52339255298426
OUT_16521,127.54404265759142
OUT_16522,127.54404265759142
OUT_16523,127.54404265759142
OUT_16524,127.54404265759142
OUT_16525,127.54404265759142
OUT_16526,127.54404265759142
OUT_16527,101.47487151781932
OUT_16528,127.54404265759142
OUT_16529,127.54404265759142
OUT_16530,127.54404265759142
OUT_16531,175.52998898482952
OUT_16532,127.54404265759142
OUT_16533,127.54404265759142
OUT_16534,127.54404265759142
OUT_16535,127.54404265759142
OUT_16536,154.30216794114773
OUT_16537,127.54404265759142
OUT_16538,289.2918647986459
OUT_16539,127.54404265759142
OUT_16540,127.54404265759142
OUT_16541,127.54404265759142
OUT_16542,127.54404265759142
OUT_16543,127.54404265759142
OUT_16544,127.54404265759142
OUT_16545,127.54404265759142
OUT_16546,127.54404265759142
OUT_16547,127.54404265759142
OUT_16548,353.398238802005
OUT_16549,127.54404265759142
OUT_16550,127.54404265759142
OUT_16551,127.54404265759142
OUT_16552,127.54404265759142
OUT_16553,127.54404265759142
OUT_16554,127.54404265759142
OUT_16555,127.54404265759142
OUT_16556,127.54404265759142
OUT_16557,127.54404265759142
OUT_16558,127.54404265759142
OUT_16559,127.54404265759142
OUT_16560,127.54404265759142
OUT_16561,127.54404265759142
OUT_16562,127.54404265759142
OUT_16563,127.54404265759142
OUT_16564,127.54404265759142
OUT_16565,127.54404265759142
OUT_16566,101.47487151781932
OUT_16567,127.54404265759142
OUT_16568,127.54404265759142
OUT_16569,127.54404265759142
OUT_16570,212.9491903020779
OUT_16571,127.54404265759142
OUT_16572,127.54404265759142
OUT_16573,261.03371636742514
OUT_16574,127.54404265759142
OUT_16575,127.54404265759142
OUT_16576,127.54404265759142
OUT_16577,127.54404265759142
OUT_16578,127.54404265759142
OUT_16579,127.54404265759142
OUT_16580,127.54404265759142
OUT_16581,127.54404265759142
OUT_16582,127.54404265759142
OUT_16583,141.60593899003194
OUT_16584,127.54404265759142
OUT_16585,127.54404265759142
OUT_16586,127.54404265759142
OUT_16587,127.54404265759142
OUT_16588,127.54404265759142
OUT_16589,127.54404265759142
OUT_16590,127.54404265759142
OUT_16591,127.54404265759142
OUT_16592,127.54404265759142
OUT_16593,127.54404265759142
OUT_16594,127.54404265759142
OUT_16595,127.54404265759142
OUT_16596,256.01389250267096
OUT_16597,186.12042743171727
OUT_16598,151.06725814616928
OUT_16599,127.54404265759142
OUT_16600,127.54404265759142
OUT_16601,127.54404265759142
OUT_16602,127.54404265759142
OUT_16603,127.54404265759142
OUT_16604,127.54404265759142
OUT_16605,323.0634077972808
OUT_16606,127.54404265759142
OUT_16607,127.54404265759142
OUT_16608,127.54404265759142
OUT_16609,127.54404265759142
OUT_16610,127.54404265759142
OUT_16611,127.54404265759142
OUT_16612,127.54404265759142
OUT_16613,127.54404265759142
OUT_16614,127.54404265759142
OUT_16615,127.54404265759142
OUT_16616,127.54404265759142
OUT_16617,127.54404265759142
OUT_16618,127.54404265759142
OUT_16619,127.54404265759142
OUT_16620,127.54404265759142
OUT_16621,127.54404265759142
OUT_16622,127.54404265759142
OUT_16623,135.47836682023552
OUT_16624,127.54404265759142
OUT_16625,127.54404265759142
OUT_16626,127.54404265759142
OUT_16627,127.54404265759142
OUT_16628,127.54404265759142
OUT_16629,127.54404265759142
OUT_16630,127.54404265759142
OUT_16631,127.54404265759142
OUT_16632,127.54404265759142
OUT_16633,127.54404265759142
OUT_16634,127.54404265759142
OUT_16635,127.54404265759142
OUT_16636,127.54404265759142
OUT_16637,127.54404265759142
OUT_16638,127.54404265759142
OUT_16639,288.73880239684195
OUT_16640,127.54404265759142
OUT_16641,143.1302838854869
OUT_16642,127.54404265759142
OUT_16643,127.54404265759142
OUT_16644,127.54404265759142
OUT_16645,127.54404265759142
OUT_16646,127.54404265759142
OUT_16647,127.54404265759142
OUT_16648,127.54404265759142
OUT_16649,155.87596639381968
OUT_16650,127.54404265759142
OUT_16651,127.54404265759142
OUT_16652,127.54404265759142
OUT_16653,127.54404265759142
OUT_16654,133.59942923236665
OUT_16655,127.54404265759142
OUT_16656,127.54404265759142
OUT_16657,127.54404265759142
OUT_16658,127.54404265759142
OUT_16659,158.03727439071903
OUT_16660,127.54404265759142
OUT_16661,127.54404265759142
OUT_16662,127.54404265759142
OUT_16663,127.54404265759142
OUT_16664,127.54404265759142
OUT_16665,127.54404265759142
OUT_16666,127.54404265759142
OUT_16667,127.54404265759142
OUT_16668,127.54404265759142
OUT_16669,127.54404265759142
OUT_16670,127.54404265759142
OUT_16671,127.54404265759142
OUT_16672,127.54404265759142
OUT_16673,127.54404265759142
OUT_16674,127.54404265759142
OUT_16675,127.54404265759142
OUT_16676,127.54404265759142
OUT_16677,127.54404265759142
OUT_16678,127.54404265759142
OUT_16679,127.54404265759142
OUT_16680,127.54404265759142
OUT_16681,127.54404265759142
OUT_16682,127.54404265759142
OUT_16683,127.54404265759142
OUT_16684,127.54404265759142
OUT_16685,127.54404265759142
OUT_16686,127.54404265759142
OUT_16687,127.54404265759142
OUT_16688,287.75410367956897
OUT_16689,127.54404265759142
OUT_16690,127.54404265759142
OUT_16691,127.54404265759142
OUT_16692,127.54404265759142
OUT_16693,127.54404265759142
OUT_16694,127.54404265759142
OUT_16695,127.54404265759142
OUT_16696,127.54404265759142
OUT_16697,127.54404265759142
OUT_16698,127.54404265759142
OUT_16699,127.54404265759142
OUT_16700,127.54404265759142
OUT_16701,127.54404265759142
OUT_16702,127.54404265759142
OUT_16703,127.54404265759142
OUT_16704,127.54404265759142
OUT_16705,127.54404265759142
OUT_16706,127.54404265759142
OUT_16707,127.54404265759142
OUT_16708,127.54404265759142
OUT_16709,127.54404265759142
OUT_16710,127.54404265759142
OUT_16711,127.54404265759142
OUT_16712,127.54404265759142
OUT_16713,127.54404265759142
OUT_16714,127.54404265759142
OUT_16715,127.54404265759142
OUT_16716,127.54404265759142
OUT_16717,127.54404265759142
OUT_16718,127.54404265759142
OUT_16719,127.54404265759142
OUT_16720,127.54404265759142
OUT_16721,127.54404265759142
OUT_16722,127.54404265759142
OUT_16723,127.54404265759142
OUT_16724,127.54404265759142
OUT_16725,127.54404265759142
OUT_16726,127.54404265759142
OUT_16727,127.54404265759142
OUT_16728,142.15345299101517
OUT_16729,127.54404265759142
OUT_16730,127.54404265759142
OUT_16731,127.54404265759142
OUT_16732,127.54404265759142
OUT_16733,127.54404265759142
OUT_16734,127.54404265759142
OUT_16735,127.54404265759142
OUT_16736,127.54404265759142
OUT_16737,127.54404265759142
OUT_16738,127.54404265759142
OUT_16739,127.54404265759142
OUT_16740,127.54404265759142
OUT_16741,135.77066997140267
OUT_16742,127.54404265759142
OUT_16743,127.54404265759142
OUT_16744,101.47487151781932
OUT_16745,127.54404265759142
OUT_16746,127.54404265759142
OUT_16747,127.54404265759142
OUT_16748,127.54404265759142
OUT_16749,127.54404265759142
OUT_16750,127.54404265759142
OUT_16751,127.54404265759142
OUT_16752,127.54404265759142
OUT_16753,135.50130019938436
OUT_16754,127.54404265759142
OUT_16755,127.54404265759142
OUT_16756,127.54404265759142
OUT_16757,127.54404265759142
OUT_16758,127.54404265759142
OUT_16759,127.54404265759142
OUT_16760,127.54404265759142
OUT_16761,127.54404265759142
OUT_16762,127.54404265759142
OUT_16763,127.54404265759142
OUT_16764,127.54404265759142
OUT_16765,127.54404265759142
OUT_16766,127.54404265759142
OUT_16767,127.54404265759142
OUT_16768,127.54404265759142
OUT_16769,154.69925125873343
OUT_16770,127.54404265759142
OUT_16771,127.54404265759142
OUT_16772,127.54404265759142
OUT_16773,127.54404265759142
OUT_16774,127.54404265759142
OUT_16775,127.54404265759142
OUT_16776,127.54404265759142
OUT_16777,127.54404265759142
OUT_16778,127.54404265759142
OUT_16779,127.54404265759142
OUT_16780,127.54404265759142
OUT_16781,127.54404265759142
OUT_16782,127.54404265759142
OUT_16783,127.54404265759142
OUT_16784,127.54404265759142
OUT_16785,127.54404265759142
OUT_16786,127.54404265759142
OUT_16787,127.54404265759142
OUT_16788,127.54404265759142
OUT_16789,127.54404265759142
OUT_16790,127.54404265759142
OUT_16791,127.54404265759142
OUT_16792,127.54404265759142
OUT_16793,127.54404265759142
OUT_16794,101.47487151781932
OUT_16795,127.54404265759142
OUT_16796,127.54404265759142
OUT_16797,127.54404265759142
OUT_16798,127.54404265759142
OUT_16799,127.54404265759142
OUT_16800,127.54404265759142
OUT_16801,127.54404265759142
OUT_16802,127.54404265759142
OUT_16803,127.54404265759142
OUT_16804,135.8694464192917
OUT_16805,127.54404265759142
OUT_16806,127.54404265759142
OUT_16807,127.54404265759142
OUT_16808,136.22994850211975
OUT_16809,342.26066706700607
OUT_16810,101.47487151781932
OUT_16811,127.54404265759142
OUT_16812,136.8039897448755
OUT_16813,131.7836248065666
OUT_16814,127.54404265759142
OUT_16815,173.9234221659324
OUT_16816,127.54404265759142
OUT_16817,127.54404265759142
OUT_16818,127.54404265759142
OUT_16819,127.54404265759142
OUT_16820,129.26657934084434
OUT_16821,127.54404265759142
OUT_16822,127.54404265759142
OUT_16823,127.54404265759142
OUT_16824,127.54404265759142
OUT_16825,127.54404265759142
OUT_16826,127.54404265759142
OUT_16827,189.0011099961988
OUT_16828,127.54404265759142
OUT_16829,127.54404265759142
OUT_16830,127.54404265759142
OUT_16831,127.54404265759142
OUT_16832,127.54404265759142
OUT_16833,127.54404265759142
OUT_16834,127.54404265759142
OUT_16835,127.54404265759142
OUT_16836,127.54404265759142
OUT_16837,127.54404265759142
OUT_16838,127.54404265759142
OUT_16839,127.54404265759142
OUT_16840,127.54404265759142
OUT_16841,158.14287465552007
OUT_16842,127.54404265759142
OUT_16843,127.54404265759142
OUT_16844,127.54404265759142
OUT_16845,127.54404265759142
OUT_16846,127.54404265759142
OUT_16847,127.54404265759142
OUT_16848,272.9780536268857
OUT_16849,127.54404265759142
OUT_16850,127.54404265759142
OUT_16851,127.54404265759142
OUT_16852,127.54404265759142
OUT_16853,101.47487151781932
OUT_16854,127.54404265759142
OUT_16855,127.54404265759142
OUT_16856,127.54404265759142
OUT_16857,127.54404265759142
OUT_16858,140.7643937973646
OUT_16859,127.54404265759142
OUT_16860,127.54404265759142
OUT_16861,127.54404265759142
OUT_16862,127.54404265759142
OUT_16863,127.54404265759142
OUT_16864,205.1462742939128
OUT_16865,127.54404265759142
OUT_16866,127.54404265759142
OUT_16867,127.54404265759142
OUT_16868,143.16414926417312
OUT_16869,127.54404265759142
OUT_16870,127.54404265759142
OUT_16871,127.54404265759142
OUT_16872,142.53299529747048
OUT_16873,127.54404265759142
OUT_16874,127.54404265759142
OUT_16875,127.54404265759142
OUT_16876,127.54404265759142
OUT_16877,127.54404265759142
OUT_16878,127.54404265759142
OUT_16879,127.54404265759142
OUT_16880,143.27517877933423
OUT_16881,127.54404265759142
OUT_16882,127.54404265759142
OUT_16883,127.54404265759142
OUT_16884,157.4757215415471
OUT_16885,127.54404265759142
OUT_16886,127.54404265759142
OUT_16887,127.54404265759142
OUT_16888,127.54404265759142
OUT_16889,127.54404265759142
OUT_16890,127.54404265759142
OUT_16891,127.54404265759142
OUT_16892,127.54404265759142
OUT_16893,127.54404265759142
OUT_16894,155.87596639381968
OUT_16895,127.54404265759142
OUT_16896,127.54404265759142
OUT_16897,127.54404265759142
OUT_16898,127.54404265759142
OUT_16899,127.54404265759142
OUT_16900,130.49421091387575
OUT_16901,127.54404265759142
OUT_16902,127.54404265759142
OUT_16903,127.54404265759142
OUT_16904,127.54404265759142
OUT_16905,127.54404265759142
OUT_16906,127.54404265759142
OUT_16907,127.54404265759142
OUT_16908,128.610358640335
OUT_16909,127.54404265759142
OUT_16910,127.54404265759142
OUT_16911,127.54404265759142
OUT_16912,127.54404265759142
OUT_16913,127.54404265759142
OUT_16914,127.54404265759142
OUT_16915,127.54404265759142
OUT_16916,127.54404265759142
OUT_16917,127.54404265759142
OUT_16918,127.54404265759142
OUT_16919,127.54404265759142
OUT_16920,127.54404265759142
OUT_16921,127.54404265759142
OUT_16922,127.54404265759142
OUT_16923,127.54404265759142
OUT_16924,127.54404265759142
OUT_16925,129.28472261003247
OUT_16926,127.54404265759142
OUT_16927,127.54404265759142
OUT_16928,127.54404265759142
OUT_16929,127.54404265759142
OUT_16930,127.54404265759142
OUT_16931,127.54404265759142
OUT_16932,127.54404265759142
OUT_16933,127.54404265759142
OUT_16934,127.54404265759142
OUT_16935,286.1722009148609
OUT_16936,127.54404265759142
OUT_16937,127.54404265759142
OUT_16938,127.54404265759142
OUT_16939,127.54404265759142
OUT_16940,127.54404265759142
OUT_16941,127.54404265759142
OUT_16942,127.54404265759142
OUT_16943,127.54404265759142
OUT_16944,127.54404265759142
OUT_16945,155.87596639381968
OUT_16946,252.42945878213388
OUT_16947,127.54404265759142
OUT_16948,127.54404265759142
OUT_16949,127.54404265759142
OUT_16950,127.54404265759142
OUT_16951,127.54404265759142
OUT_16952,101.47487151781932
OUT_16953,127.54404265759142
OUT_16954,127.54404265759142
OUT_16955,127.54404265759142
OUT_16956,127.54404265759142
OUT_16957,127.54404265759142
OUT_16958,127.54404265759142
OUT_16959,282.4075482759153
OUT_16960,127.54404265759142
OUT_16961,127.54404265759142
OUT_16962,127.54404265759142
OUT_16963,101.47487151781932
OUT_16964,127.54404265759142
OUT_16965,127.54404265759142
OUT_16966,127.54404265759142
OUT_16967,127.54404265759142
OUT_16968,127.54404265759142
OUT_16969,127.54404265759142
OUT_16970,127.54404265759142
OUT_16971,113.39958605566694
OUT_16972,127.54404265759142
OUT_16973,127.54404265759142
OUT_16974,127.54404265759142
OUT_16975,127.54404265759142
OUT_16976,127.54404265759142
OUT_16977,127.54404265759142
OUT_16978,127.54404265759142
OUT_16979,127.54404265759142
OUT_16980,127.54404265759142
OUT_16981,127.54404265759142
OUT_16982,127.54404265759142
OUT_16983,127.54404265759142
OUT_16984,127.54404265759142
OUT_16985,127.54404265759142
OUT_16986,250.8982682695374
OUT_16987,127.54404265759142
OUT_16988,127.54404265759142
OUT_16989,127.54404265759142
OUT_16990,230.497229525058
OUT_16991,127.54404265759142
OUT_16992,127.54404265759142
OUT_16993,127.54404265759142
OUT_16994,127.54404265759142
OUT_16995,127.54404265759142
OUT_16996,127.54404265759142
OUT_16997,127.54404265759142
OUT_16998,101.47487151781932
OUT_16999,127.54404265759142
OUT_17000,127.54404265759142
OUT_17001,122.8997035029638
OUT_17002,122.8997035029638
OUT_17003,122.8997035029638
OUT_17004,122.8997035029638
OUT_17005,122.8997035029638
OUT_17006,122.8997035029638
OUT_17007,122.8997035029638
OUT_17008,122.8997035029638
OUT_17009,212.41403922032467
OUT_17010,281.024727304254
OUT_17011,122.8997035029638
OUT_17012,122.8997035029638
OUT_17013,122.8997035029638
OUT_17014,273.1018085307617
OUT_17015,122.8997035029638
OUT_17016,122.8997035029638
OUT_17017,122.8997035029638
OUT_17018,122.8997035029638
OUT_17019,122.8997035029638
OUT_17020,122.8997035029638
OUT_17021,122.8997035029638
OUT_17022,122.8997035029638
OUT_17023,122.8997035029638
OUT_17024,122.8997035029638
OUT_17025,122.8997035029638
OUT_17026,122.8997035029638
OUT_17027,122.8997035029638
OUT_17028,173.96582524009153
OUT_17029,122.8997035029638
OUT_17030,122.8997035029638
OUT_17031,122.8997035029638
OUT_17032,122.8997035029638
OUT_17033,122.8997035029638
OUT_17034,122.8997035029638
OUT_17035,122.8997035029638
OUT_17036,122.8997035029638
OUT_17037,122.8997035029638
OUT_17038,122.8997035029638
OUT_17039,122.8997035029638
OUT_17040,122.8997035029638
OUT_17041,122.8997035029638
OUT_17042,122.8997035029638
OUT_17043,137.57110927598856
OUT_17044,161.59153389321426
OUT_17045,122.8997035029638
OUT_17046,122.8997035029638
OUT_17047,134.34439066358493
OUT_17048,122.8997035029638
OUT_17049,371.3973030434602
OUT_17050,137.57110927598856
OUT_17051,122.8997035029638
OUT_17052,122.8997035029638
OUT_17053,122.8997035029638
OUT_17054,122.8997035029638
OUT_17055,122.8997035029638
OUT_17056,122.8997035029638
OUT_17057,120.46082939870054
OUT_17058,163.15213128308886
OUT_17059,122.8997035029638
OUT_17060,122.8997035029638
OUT_17061,120.46082939870054
OUT_17062,122.8997035029638
OUT_17063,122.8997035029638
OUT_17064,122.8997035029638
OUT_17065,122.8997035029638
OUT_17066,122.8997035029638
OUT_17067,300.5497506836486
OUT_17068,122.8997035029638
OUT_17069,122.8997035029638
OUT_17070,122.8997035029638
OUT_17071,205.51710988138413
OUT_17072,122.8997035029638
OUT_17073,122.8997035029638
OUT_17074,122.8997035029638
OUT_17075,122.8997035029638
OUT_17076,122.8997035029638
OUT_17077,122.8997035029638
OUT_17078,126.9737624911875
OUT_17079,122.8997035029638
OUT_17080,122.8997035029638
OUT_17081,122.8997035029638
OUT_17082,196.832928774751
OUT_17083,122.8997035029638
OUT_17084,122.8997035029638
OUT_17085,135.08440275040738
OUT_17086,120.46082939870054
OUT_17087,171.15099954763977
OUT_17088,143.30215380087742
OUT_17089,122.8997035029638
OUT_17090,122.8997035029638
OUT_17091,122.8997035029638
OUT_17092,178.96720819358603
OUT_17093,120.46082939870054
OUT_17094,137.57110927598856
OUT_17095,122.8997035029638
OUT_17096,122.8997035029638
OUT_17097,122.8997035029638
OUT_17098,122.8997035029638
OUT_17099,122.8997035029638
OUT_17100,122.8997035029638
OUT_17101,143.60199233247988
OUT_17102,122.8997035029638
OUT_17103,122.8997035029638
OUT_17104,122.8997035029638
OUT_17105,122.8997035029638
OUT_17106,122.8997035029638
OUT_17107,122.8997035029638
OUT_17108,120.46082939870054
OUT_17109,122.8997035029638
OUT_17110,122.8997035029638
OUT_17111,122.8997035029638
OUT_17112,122.8997035029638
OUT_17113,122.8997035029638
OUT_17114,122.8997035029638
OUT_17115,122.8997035029638
OUT_17116,122.8997035029638
OUT_17117,120.46082939870054
OUT_17118,120.46082939870054
OUT_17119,120.46082939870054
OUT_17120,122.8997035029638
OUT_17121,122.8997035029638
OUT_17122,122.8997035029638
OUT_17123,122.8997035029638
OUT_17124,247.52009771294476
OUT_17125,137.57110927598856
OUT_17126,122.8997035029638
OUT_17127,122.8997035029638
OUT_17128,122.8997035029638
OUT_17129,178.8394590929361
OUT_17130,122.8997035029638
OUT_17131,316.0722572123987
OUT_17132,122.8997035029638
OUT_17133,122.8997035029638
OUT_17134,122.8997035029638
OUT_17135,122.8997035029638
OUT_17136,137.57110927598856
OUT_17137,122.8997035029638
OUT_17138,122.8997035029638
OUT_17139,122.8997035029638
OUT_17140,122.8997035029638
OUT_17141,137.57110927598856
OUT_17142,122.8997035029638
OUT_17143,122.8997035029638
OUT_17144,122.8997035029638
OUT_17145,122.8997035029638
OUT_17146,122.8997035029638
OUT_17147,122.8997035029638
OUT_17148,122.8997035029638
OUT_17149,137.57110927598856
OUT_17150,137.57110927598856
OUT_17151,122.8997035029638
OUT_17152,122.8997035029638
OUT_17153,449.46356972130974
OUT_17154,122.8997035029638
OUT_17155,122.8997035029638
OUT_17156,122.8997035029638
OUT_17157,122.8997035029638
OUT_17158,122.8997035029638
OUT_17159,122.8997035029638
OUT_17160,122.8997035029638
OUT_17161,122.8997035029638
OUT_17162,153.4945635120514
OUT_17163,122.8997035029638
OUT_17164,122.8997035029638
OUT_17165,122.8997035029638
OUT_17166,122.8997035029638
OUT_17167,135.6079266716387
OUT_17168,120.46082939870054
OUT_17169,137.57110927598856
OUT_17170,122.8997035029638
OUT_17171,122.8997035029638
OUT_17172,122.8997035029638
OUT_17173,122.8997035029638
OUT_17174,122.8997035029638
OUT_17175,200.8711298997678
OUT_17176,122.8997035029638
OUT_17177,122.8997035029638
OUT_17178,150.92388399460845
OUT_17179,122.8997035029638
OUT_17180,122.8997035029638
OUT_17181,122.8997035029638
OUT_17182,122.8997035029638
OUT_17183,122.8997035029638
OUT_17184,122.8997035029638
OUT_17185,122.8997035029638
OUT_17186,122.8997035029638
OUT_17187,286.889834579038
OUT_17188,122.8997035029638
OUT_17189,122.8997035029638
OUT_17190,122.8997035029638
OUT_17191,122.8997035029638
OUT_17192,122.90560579988092
OUT_17193,122.8997035029638
OUT_17194,122.8997035029638
OUT_17195,122.8997035029638
OUT_17196,122.8997035029638
OUT_17197,122.8997035029638
OUT_17198,122.8997035029638
OUT_17199,122.8997035029638
OUT_17200,122.8997035029638
OUT_17201,137.57110927598856
OUT_17202,122.8997035029638
OUT_17203,122.8997035029638
OUT_17204,122.8997035029638
OUT_17205,122.8997035029638
OUT_17206,137.57110927598856
OUT_17207,160.55886719138732
OUT_17208,165.00309066937612
OUT_17209,122.8997035029638
OUT_17210,122.8997035029638
OUT_17211,122.8997035029638
OUT_17212,122.8997035029638
OUT_17213,122.8997035029638
OUT_17214,122.8997035029638
OUT_17215,122.8997035029638
OUT_17216,190.97984563370585
OUT_17217,122.8997035029638
OUT_17218,122.8997035029638
OUT_17219,122.8997035029638
OUT_17220,122.8997035029638
OUT_17221,122.8997035029638
OUT_17222,122.8997035029638
OUT_17223,137.57110927598856
OUT_17224,122.8997035029638
OUT_17225,122.8997035029638
OUT_17226,122.8997035029638
OUT_17227,137.57110927598856
OUT_17228,122.8997035029638
OUT_17229,137.57110927598856
OUT_17230,122.8997035029638
OUT_17231,122.8997035029638
OUT_17232,122.8997035029638
OUT_17233,137.57110927598856
OUT_17234,122.8997035029638
OUT_17235,122.8997035029638
OUT_17236,122.8997035029638
OUT_17237,122.8997035029638
OUT_17238,122.8997035029638
OUT_17239,122.8997035029638
OUT_17240,122.8997035029638
OUT_17241,137.57110927598856
OUT_17242,122.8997035029638
OUT_17243,122.8997035029638
OUT_17244,122.8997035029638
OUT_17245,122.8997035029638
OUT_17246,122.8997035029638
OUT_17247,122.8997035029638
OUT_17248,122.8997035029638
OUT_17249,122.8997035029638
OUT_17250,122.8997035029638
OUT_17251,122.8997035029638
OUT_17252,137.57110927598856
OUT_17253,137.57110927598856
OUT_17254,122.8997035029638
OUT_17255,122.8997035029638
OUT_17256,122.8997035029638
OUT_17257,137.57110927598856
OUT_17258,122.8997035029638
OUT_17259,122.8997035029638
OUT_17260,122.8997035029638
OUT_17261,122.8997035029638
OUT_17262,137.57110927598856
OUT_17263,128.59588374399368
OUT_17264,120.46082939870054
OUT_17265,122.8997035029638
OUT_17266,122.8997035029638
OUT_17267,137.57110927598856
OUT_17268,122.8997035029638
OUT_17269,122.8997035029638
OUT_17270,122.8997035029638
OUT_17271,122.8997035029638
OUT_17272,122.8997035029638
OUT_17273,122.8997035029638
OUT_17274,137.57110927598856
OUT_17275,122.8997035029638
OUT_17276,122.8997035029638
OUT_17277,122.8997035029638
OUT_17278,122.8997035029638
OUT_17279,120.46082939870054
OUT_17280,321.5648885131505
OUT_17281,122.8997035029638
OUT_17282,122.8997035029638
OUT_17283,120.46082939870054
OUT_17284,137.57110927598856
OUT_17285,122.8997035029638
OUT_17286,122.8997035029638
OUT_17287,122.8997035029638
OUT_17288,122.8997035029638
OUT_17289,122.8997035029638
OUT_17290,122.8997035029638
OUT_17291,122.8997035029638
OUT_17292,122.8997035029638
OUT_17293,122.8997035029638
OUT_17294,122.8997035029638
OUT_17295,122.8997035029638
OUT_17296,122.8997035029638
OUT_17297,122.8997035029638
OUT_17298,122.8997035029638
OUT_17299,122.8997035029638
OUT_17300,122.8997035029638
OUT_17301,122.8997035029638
OUT_17302,122.8997035029638
OUT_17303,122.8997035029638
OUT_17304,137.57110927598856
OUT_17305,122.8997035029638
OUT_17306,122.8997035029638
OUT_17307,137.57110927598856
OUT_17308,122.8997035029638
OUT_17309,122.8997035029638
OUT_17310,122.8997035029638
OUT_17311,120.46082939870054
OUT_17312,124.03468492938606
OUT_17313,122.8997035029638
OUT_17314,122.8997035029638
OUT_17315,122.8997035029638
OUT_17316,122.8997035029638
OUT_17317,122.8997035029638
OUT_17318,137.57110927598856
OUT_17319,122.8997035029638
OUT_17320,122.8997035029638
OUT_17321,122.8997035029638
OUT_17322,122.8997035029638
OUT_17323,122.8997035029638
OUT_17324,137.57110927598856
OUT_17325,122.8997035029638
OUT_17326,209.98308393456128
OUT_17327,122.8997035029638
OUT_17328,120.46082939870054
OUT_17329,122.8997035029638
OUT_17330,122.8997035029638
OUT_17331,122.8997035029638
OUT_17332,122.8997035029638
OUT_17333,122.8997035029638
OUT_17334,122.8997035029638
OUT_17335,122.8997035029638
OUT_17336,122.8997035029638
OUT_17337,122.8997035029638
OUT_17338,122.8997035029638
OUT_17339,122.8997035029638
OUT_17340,122.8997035029638
OUT_17341,122.8997035029638
OUT_17342,122.8997035029638
OUT_17343,122.8997035029638
OUT_17344,122.8997035029638
OUT_17345,122.8997035029638
OUT_17346,122.8997035029638
OUT_17347,120.46082939870054
OUT_17348,137.57110927598856
OUT_17349,122.8997035029638
OUT_17350,169.55630557756038
OUT_17351,122.8997035029638
OUT_17352,122.8997035029638
OUT_17353,122.8997035029638
OUT_17354,134.83094914095898
OUT_17355,122.8997035029638
OUT_17356,137.57110927598856
OUT_17357,122.8997035029638
OUT_17358,122.8997035029638
OUT_17359,122.8997035029638
OUT_17360,122.8997035029638
OUT_17361,122.8997035029638
OUT_17362,122.8997035029638
OUT_17363,137.57110927598856
OUT_17364,137.57110927598856
OUT_17365,122.8997035029638
OUT_17366,120.46082939870054
OUT_17367,122.8997035029638
OUT_17368,122.8997035029638
OUT_17369,122.8997035029638
OUT_17370,122.8997035029638
OUT_17371,241.04436841244043
OUT_17372,122.8997035029638
OUT_17373,122.8997035029638
OUT_17374,137.57110927598856
OUT_17375,122.8997035029638
OUT_17376,122.8997035029638
OUT_17377,122.8997035029638
OUT_17378,122.8997035029638
OUT_17379,122.8997035029638
OUT_17380,122.8997035029638
OUT_17381,122.8997035029638
OUT_17382,122.8997035029638
OUT_17383,122.8997035029638
OUT_17384,122.8997035029638
OUT_17385,122.8997035029638
OUT_17386,137.57110927598856
OUT_17387,122.8997035029638
OUT_17388,122.8997035029638
OUT_17389,169.588615314927
OUT_17390,122.8997035029638
OUT_17391,122.8997035029638
OUT_17392,137.17147615605396
OUT_17393,122.8997035029638
OUT_17394,137.57110927598856
OUT_17395,122.8997035029638
OUT_17396,122.8997035029638
OUT_17397,122.8997035029638
OUT_17398,122.8997035029638
OUT_17399,122.8997035029638
OUT_17400,122.8997035029638
OUT_17401,122.8997035029638
OUT_17402,137.57110927598856
OUT_17403,122.8997035029638
OUT_17404,122.8997035029638
OUT_17405,122.8997035029638
OUT_17406,122.8997035029638
OUT_17407,137.57110927598856
OUT_17408,122.8997035029638
OUT_17409,122.8997035029638
OUT_17410,122.8997035029638
OUT_17411,122.8997035029638
OUT_17412,122.8997035029638
OUT_17413,122.8997035029638
OUT_17414,122.8997035029638
OUT_17415,122.8997035029638
OUT_17416,122.8997035029638
OUT_17417,122.8997035029638
OUT_17418,122.8997035029638
OUT_17419,122.8997035029638
OUT_17420,122.8997035029638
OUT_17421,122.8997035029638
OUT_17422,163.15349010734943
OUT_17423,122.8997035029638
OUT_17424,305.9412899839931
OUT_17425,303.6114450883273
OUT_17426,122.8997035029638
OUT_17427,122.8997035029638
OUT_17428,122.8997035029638
OUT_17429,122.8997035029638
OUT_17430,152.09788575265185
OUT_17431,122.8997035029638
OUT_17432,137.57110927598856
OUT_17433,131.86530578658247
OUT_17434,137.57110927598856
OUT_17435,131.94294621076958
OUT_17436,122.8997035029638
OUT_17437,330.7434111016173
OUT_17438,122.8997035029638
OUT_17439,122.8997035029638
OUT_17440,122.8997035029638
OUT_17441,122.8997035029638
OUT_17442,122.8997035029638
OUT_17443,122.8997035029638
OUT_17444,122.8997035029638
OUT_17445,122.8997035029638
OUT_17446,122.8997035029638
OUT_17447,122.8997035029638
OUT_17448,122.8997035029638
OUT_17449,122.8997035029638
OUT_17450,137.57110927598856
OUT_17451,137.57110927598856
OUT_17452,122.8997035029638
OUT_17453,122.8997035029638
OUT_17454,122.8997035029638
OUT_17455,122.8997035029638
OUT_17456,122.8997035029638
OUT_17457,122.8997035029638
OUT_17458,122.8997035029638
OUT_17459,133.8517262140616
OUT_17460,122.8997035029638
OUT_17461,122.8997035029638
OUT_17462,122.8997035029638
OUT_17463,122.8997035029638
OUT_17464,122.8997035029638
OUT_17465,122.8997035029638
OUT_17466,120.46082939870054
OUT_17467,120.46082939870054
OUT_17468,137.57110927598856
OUT_17469,122.8997035029638
OUT_17470,122.8997035029638
OUT_17471,122.8997035029638
OUT_17472,122.8997035029638
OUT_17473,122.8997035029638
OUT_17474,181.613432946844
OUT_17475,122.8997035029638
OUT_17476,122.8997035029638
OUT_17477,122.8997035029638
OUT_17478,179.51719471540724
OUT_17479,122.8997035029638
OUT_17480,122.8997035029638
OUT_17481,122.8997035029638
OUT_17482,122.8997035029638
OUT_17483,122.8997035029638
OUT_17484,137.57110927598856
OUT_17485,122.8997035029638
OUT_17486,120.46082939870054
OUT_17487,122.8997035029638
OUT_17488,122.8997035029638
OUT_17489,122.8997035029638
OUT_17490,122.8997035029638
OUT_17491,137.57110927598856
OUT_17492,153.89773877608133
OUT_17493,137.57110927598856
OUT_17494,152.9721565505657
OUT_17495,156.6601970097563
OUT_17496,137.57110927598856
OUT_17497,122.8997035029638
OUT_17498,137.57110927598856
OUT_17499,122.8997035029638
OUT_17500,122.8997035029638
OUT_17501,122.8997035029638
OUT_17502,122.8997035029638
OUT_17503,122.8997035029638
OUT_17504,122.8997035029638
OUT_17505,122.8997035029638
OUT_17506,137.57110927598856
OUT_17507,122.8997035029638
OUT_17508,146.12872526567924
OUT_17509,122.8997035029638
OUT_17510,122.8997035029638
OUT_17511,122.8997035029638
OUT_17512,122.8997035029638
OUT_17513,122.8997035029638
OUT_17514,122.8997035029638
OUT_17515,120.46082939870054
OUT_17516,122.8997035029638
OUT_17517,122.8997035029638
OUT_17518,122.8997035029638
OUT_17519,122.8997035029638
OUT_17520,137.57110927598856
OUT_17521,122.8997035029638
OUT_17522,179.61196567240142
OUT_17523,122.8997035029638
OUT_17524,122.8997035029638
OUT_17525,137.57110927598856
OUT_17526,122.8997035029638
OUT_17527,122.8997035029638
OUT_17528,122.8997035029638
OUT_17529,122.8997035029638
OUT_17530,122.8997035029638
OUT_17531,122.8997035029638
OUT_17532,137.57110927598856
OUT_17533,122.8997035029638
OUT_17534,122.8997035029638
OUT_17535,122.8997035029638
OUT_17536,120.46082939870054
OUT_17537,122.8997035029638
OUT_17538,122.8997035029638
OUT_17539,122.8997035029638
OUT_17540,137.57110927598856
OUT_17541,122.8997035029638
OUT_17542,122.8997035029638
OUT_17543,120.46082939870054
OUT_17544,122.8997035029638
OUT_17545,122.8997035029638
OUT_17546,122.8997035029638
OUT_17547,122.8997035029638
OUT_17548,122.8997035029638
OUT_17549,235.6940808721815
OUT_17550,122.8997035029638
OUT_17551,122.8997035029638
OUT_17552,122.8997035029638
OUT_17553,122.8997035029638
OUT_17554,122.8997035029638
OUT_17555,122.8997035029638
OUT_17556,122.8997035029638
OUT_17557,122.8997035029638
OUT_17558,137.57110927598856
OUT_17559,122.8997035029638
OUT_17560,122.8997035029638
OUT_17561,122.8997035029638
OUT_17562,122.8997035029638
OUT_17563,122.8997035029638
OUT_17564,137.57110927598856
OUT_17565,122.8997035029638
OUT_17566,122.8997035029638
OUT_17567,122.8997035029638
OUT_17568,122.8997035029638
OUT_17569,122.8997035029638
OUT_17570,137.57110927598856
OUT_17571,122.8997035029638
OUT_17572,122.8997035029638
OUT_17573,122.8997035029638
OUT_17574,137.57110927598856
OUT_17575,122.8997035029638
OUT_17576,122.8997035029638
OUT_17577,122.8997035029638
OUT_17578,122.8997035029638
OUT_17579,122.8997035029638
OUT_17580,122.8997035029638
OUT_17581,137.57110927598856
OUT_17582,122.8997035029638
OUT_17583,122.8997035029638
OUT_17584,130.13246358702338
OUT_17585,150.84961295219335
OUT_17586,122.8997035029638
OUT_17587,122.8997035029638
OUT_17588,122.8997035029638
OUT_17589,122.8997035029638
OUT_17590,122.8997035029638
OUT_17591,122.8997035029638
OUT_17592,122.8997035029638
OUT_17593,137.57110927598856
OUT_17594,122.8997035029638
OUT_17595,122.8997035029638
OUT_17596,153.5364976190905
OUT_17597,122.8997035029638
OUT_17598,307.16074336014424
OUT_17599,122.8997035029638
OUT_17600,122.8997035029638
OUT_17601,137.57110927598856
OUT_17602,137.63688860871582
OUT_17603,122.8997035029638
OUT_17604,149.12243020468586
OUT_17605,122.8997035029638
OUT_17606,271.319390077264
OUT_17607,142.4654182407761
OUT_17608,122.8997035029638
OUT_17609,137.57110927598856
OUT_17610,122.8997035029638
OUT_17611,122.8997035029638
OUT_17612,122.8997035029638
OUT_17613,122.8997035029638
OUT_17614,122.8997035029638
OUT_17615,122.8997035029638
OUT_17616,122.8997035029638
OUT_17617,122.8997035029638
OUT_17618,251.70029116194456
OUT_17619,122.8997035029638
OUT_17620,122.8997035029638
OUT_17621,125.4575897145477
OUT_17622,122.8997035029638
OUT_17623,122.8997035029638
OUT_17624,122.8997035029638
OUT_17625,122.8997035029638
OUT_17626,122.8997035029638
OUT_17627,122.8997035029638
OUT_17628,122.8997035029638
OUT_17629,170.71023013339294
OUT_17630,122.8997035029638
OUT_17631,122.8997035029638
OUT_17632,122.8997035029638
OUT_17633,137.57110927598856
OUT_17634,137.57110927598856
OUT_17635,122.8997035029638
OUT_17636,122.8997035029638
OUT_17637,122.8997035029638
OUT_17638,122.8997035029638
OUT_17639,122.8997035029638
OUT_17640,122.8997035029638
OUT_17641,120.46082939870054
OUT_17642,122.8997035029638
OUT_17643,137.57110927598856
OUT_17644,122.8997035029638
OUT_17645,122.8997035029638
OUT_17646,122.8997035029638
OUT_17647,122.8997035029638
OUT_17648,122.8997035029638
OUT_17649,122.8997035029638
OUT_17650,122.8997035029638
OUT_17651,122.8997035029638
OUT_17652,282.2500595610598
OUT_17653,122.8997035029638
OUT_17654,122.8997035029638
OUT_17655,122.8997035029638
OUT_17656,122.8997035029638
OUT_17657,122.8997035029638
OUT_17658,122.8997035029638
OUT_17659,120.46082939870054
OUT_17660,122.8997035029638
OUT_17661,122.8997035029638
OUT_17662,124.14667324432972
OUT_17663,122.8997035029638
OUT_17664,131.3196659649699
OUT_17665,122.8997035029638
OUT_17666,122.8997035029638
OUT_17667,172.2638904325639
OUT_17668,122.8997035029638
OUT_17669,122.8997035029638
OUT_17670,122.8997035029638
OUT_17671,122.8997035029638
OUT_17672,137.57110927598856
OUT_17673,122.8997035029638
OUT_17674,122.8997035029638
OUT_17675,122.8997035029638
OUT_17676,122.8997035029638
OUT_17677,166.90206511965005
OUT_17678,122.8997035029638
OUT_17679,122.8997035029638
OUT_17680,122.8997035029638
OUT_17681,122.8997035029638
OUT_17682,122.8997035029638
OUT_17683,122.8997035029638
OUT_17684,122.8997035029638
OUT_17685,122.8997035029638
OUT_17686,122.8997035029638
OUT_17687,411.653345110286
OUT_17688,122.8997035029638
OUT_17689,122.8997035029638
OUT_17690,122.8997035029638
OUT_17691,122.8997035029638
OUT_17692,137.57110927598856
OUT_17693,122.8997035029638
OUT_17694,194.53642875881468
OUT_17695,122.8997035029638
OUT_17696,122.8997035029638
OUT_17697,122.8997035029638
OUT_17698,447.6713113834409
OUT_17699,122.8997035029638
OUT_17700,122.8997035029638
OUT_17701,122.8997035029638
OUT_17702,122.8997035029638
OUT_17703,122.8997035029638
OUT_17704,122.8997035029638
OUT_17705,122.8997035029638
OUT_17706,122.8997035029638
OUT_17707,122.8997035029638
OUT_17708,122.8997035029638
OUT_17709,122.8997035029638
OUT_17710,122.8997035029638
OUT_17711,122.8997035029638
OUT_17712,122.8997035029638
OUT_17713,122.8997035029638
OUT_17714,137.57110927598856
OUT_17715,137.57110927598856
OUT_17716,122.8997035029638
OUT_17717,122.8997035029638
OUT_17718,122.8997035029638
OUT_17719,122.8997035029638
OUT_17720,122.8997035029638
OUT_17721,122.8997035029638
OUT_17722,122.8997035029638
OUT_17723,122.8997035029638
OUT_17724,137.57110927598856
OUT_17725,122.8997035029638
OUT_17726,271.477559996221
OUT_17727,122.8997035029638
OUT_17728,122.8997035029638
OUT_17729,122.8997035029638
OUT_17730,122.8997035029638
OUT_17731,122.8997035029638
OUT_17732,122.8997035029638
OUT_17733,137.57110927598856
OUT_17734,122.8997035029638
OUT_17735,122.8997035029638
OUT_17736,122.8997035029638
OUT_17737,180.188629094058
OUT_17738,122.8997035029638
OUT_17739,139.7644024177555
OUT_17740,122.8997035029638
OUT_17741,122.8997035029638
OUT_17742,120.46082939870054
OUT_17743,122.8997035029638
OUT_17744,122.8997035029638
OUT_17745,122.8997035029638
OUT_17746,137.57110927598856
OUT_17747,122.8997035029638
OUT_17748,122.8997035029638
OUT_17749,122.8997035029638
OUT_17750,122.8997035029638
OUT_17751,122.8997035029638
OUT_17752,122.8997035029638
OUT_17753,122.8997035029638
OUT_17754,269.1115776248391
OUT_17755,122.8997035029638
OUT_17756,122.8997035029638
OUT_17757,122.8997035029638
OUT_17758,122.8997035029638
OUT_17759,122.8997035029638
OUT_17760,122.8997035029638
OUT_17761,122.8997035029638
OUT_17762,122.8997035029638
OUT_17763,122.8997035029638
OUT_17764,122.8997035029638
OUT_17765,122.8997035029638
OUT_17766,122.8997035029638
OUT_17767,137.57110927598856
OUT_17768,122.8997035029638
OUT_17769,358.49245163336207
OUT_17770,146.09444757317806
OUT_17771,122.8997035029638
OUT_17772,122.8997035029638
OUT_17773,122.8997035029638
OUT_17774,137.57110927598856
OUT_17775,122.8997035029638
OUT_17776,122.8997035029638
OUT_17777,120.46082939870054
OUT_17778,129.38138541230506
OUT_17779,122.8997035029638
OUT_17780,122.8997035029638
OUT_17781,122.8997035029638
OUT_17782,122.8997035029638
OUT_17783,153.49373655574138
OUT_17784,122.8997035029638
OUT_17785,122.8997035029638
OUT_17786,122.8997035029638
OUT_17787,122.8997035029638
OUT_17788,122.8997035029638
OUT_17789,137.57110927598856
OUT_17790,122.8997035029638
OUT_17791,151.4607967161055
OUT_17792,122.8997035029638
OUT_17793,122.8997035029638
OUT_17794,122.8997035029638
OUT_17795,122.8997035029638
OUT_17796,122.8997035029638
OUT_17797,122.8997035029638
OUT_17798,122.8997035029638
OUT_17799,122.8997035029638
OUT_17800,122.8997035029638
OUT_17801,122.8997035029638
OUT_17802,122.8997035029638
OUT_17803,122.8997035029638
OUT_17804,122.8997035029638
OUT_17805,252.37221236036837
OUT_17806,122.8997035029638
OUT_17807,122.8997035029638
OUT_17808,122.8997035029638
OUT_17809,122.8997035029638
OUT_17810,122.8997035029638
OUT_17811,122.8997035029638
OUT_17812,122.8997035029638
OUT_17813,122.8997035029638
OUT_17814,122.8997035029638
OUT_17815,122.8997035029638
OUT_17816,122.8997035029638
OUT_17817,122.8997035029638
OUT_17818,122.8997035029638
OUT_17819,122.8997035029638
OUT_17820,137.57110927598856
OUT_17821,122.8997035029638
OUT_17822,122.8997035029638
OUT_17823,122.8997035029638
OUT_17824,122.8997035029638
OUT_17825,122.8997035029638
OUT_17826,122.8997035029638
OUT_17827,137.57110927598856
OUT_17828,122.8997035029638
OUT_17829,122.8997035029638
OUT_17830,122.8997035029638
OUT_17831,122.8997035029638
OUT_17832,122.8997035029638
OUT_17833,122.8997035029638
OUT_17834,122.8997035029638
OUT_17835,137.57110927598856
OUT_17836,206.3945904910825
OUT_17837,122.8997035029638
OUT_17838,122.8997035029638
OUT_17839,130.37407330134786
OUT_17840,122.8997035029638
OUT_17841,122.8997035029638
OUT_17842,120.46082939870054
OUT_17843,333.32750329221034
OUT_17844,122.8997035029638
OUT_17845,140.46918812965671
OUT_17846,122.8997035029638
OUT_17847,122.8997035029638
OUT_17848,122.8997035029638
OUT_17849,122.8997035029638
OUT_17850,122.8997035029638
OUT_17851,122.8997035029638
OUT_17852,120.46082939870054
OUT_17853,137.57110927598856
OUT_17854,258.61062363650564
OUT_17855,162.5391457266707
OUT_17856,122.8997035029638
OUT_17857,122.8997035029638
OUT_17858,122.8997035029638
OUT_17859,122.8997035029638
OUT_17860,122.8997035029638
OUT_17861,122.8997035029638
OUT_17862,122.8997035029638
OUT_17863,137.57110927598856
OUT_17864,122.8997035029638
OUT_17865,122.8997035029638
OUT_17866,122.8997035029638
OUT_17867,122.8997035029638
OUT_17868,122.8997035029638
OUT_17869,137.57110927598856
OUT_17870,122.8997035029638
OUT_17871,122.8997035029638
OUT_17872,137.57110927598856
OUT_17873,122.8997035029638
OUT_17874,122.8997035029638
OUT_17875,122.8997035029638
OUT_17876,122.8997035029638
OUT_17877,122.8997035029638
OUT_17878,122.8997035029638
OUT_17879,137.57110927598856
OUT_17880,217.5614906691876
OUT_17881,122.8997035029638
OUT_17882,137.57110927598856
OUT_17883,122.8997035029638
OUT_17884,122.8997035029638
OUT_17885,137.57110927598856
OUT_17886,122.8997035029638
OUT_17887,122.8997035029638
OUT_17888,122.8997035029638
OUT_17889,122.8997035029638
OUT_17890,122.8997035029638
OUT_17891,131.31776246433984
OUT_17892,122.8997035029638
OUT_17893,137.57110927598856
OUT_17894,122.8997035029638
OUT_17895,122.8997035029638
OUT_17896,122.8997035029638
OUT_17897,137.57110927598856
OUT_17898,137.57110927598856
OUT_17899,122.8997035029638
OUT_17900,122.8997035029638
OUT_17901,122.8997035029638
OUT_17902,122.8997035029638
OUT_17903,122.8997035029638
OUT_17904,137.57110927598856
OUT_17905,122.8997035029638
OUT_17906,122.8997035029638
OUT_17907,122.8997035029638
OUT_17908,122.8997035029638
OUT_17909,122.8997035029638
OUT_17910,223.16257600393783
OUT_17911,120.46082939870054
OUT_17912,137.57110927598856
OUT_17913,122.8997035029638
OUT_17914,122.8997035029638
OUT_17915,122.8997035029638
OUT_17916,122.8997035029638
OUT_17917,122.8997035029638
OUT_17918,125.6624234798297
OUT_17919,122.8997035029638
OUT_17920,120.46082939870054
OUT_17921,122.8997035029638
OUT_17922,122.8997035029638
OUT_17923,242.87246760124063
OUT_17924,122.8997035029638
OUT_17925,122.8997035029638
OUT_17926,122.8997035029638
OUT_17927,122.8997035029638
OUT_17928,122.8997035029638
OUT_17929,122.8997035029638
OUT_17930,122.8997035029638
OUT_17931,137.57110927598856
OUT_17932,122.8997035029638
OUT_17933,126.17782481498298
OUT_17934,122.8997035029638
OUT_17935,122.8997035029638
OUT_17936,122.8997035029638
OUT_17937,122.8997035029638
OUT_17938,122.8997035029638
OUT_17939,122.8997035029638
OUT_17940,122.8997035029638
OUT_17941,137.57110927598856
OUT_17942,122.8997035029638
OUT_17943,137.57110927598856
OUT_17944,136.94610615837766
OUT_17945,122.8997035029638
OUT_17946,122.8997035029638
OUT_17947,122.8997035029638
OUT_17948,122.8997035029638
OUT_17949,122.8997035029638
OUT_17950,122.8997035029638
OUT_17951,122.8997035029638
OUT_17952,122.8997035029638
OUT_17953,122.8997035029638
OUT_17954,122.8997035029638
OUT_17955,126.20540383547537
OUT_17956,122.8997035029638
OUT_17957,122.8997035029638
OUT_17958,122.8997035029638
OUT_17959,122.8997035029638
OUT_17960,122.8997035029638
OUT_17961,122.8997035029638
OUT_17962,122.8997035029638
OUT_17963,122.8997035029638
OUT_17964,137.57110927598856
OUT_17965,122.8997035029638
OUT_17966,122.8997035029638
OUT_17967,130.8812148341391
OUT_17968,122.8997035029638
OUT_17969,122.8997035029638
OUT_17970,122.8997035029638
OUT_17971,122.8997035029638
OUT_17972,122.8997035029638
OUT_17973,152.0189740153569
OUT_17974,122.8997035029638
OUT_17975,131.68898038883998
OUT_17976,122.8997035029638
OUT_17977,137.57110927598856
OUT_17978,137.57110927598856
OUT_17979,122.8997035029638
OUT_17980,137.57110927598856
OUT_17981,122.8997035029638
OUT_17982,122.8997035029638
OUT_17983,161.41279465027063
OUT_17984,122.8997035029638
OUT_17985,122.8997035029638
OUT_17986,193.9293161706846
OUT_17987,122.8997035029638
OUT_17988,122.8997035029638
OUT_17989,272.6951903883776
OUT_17990,122.8997035029638
OUT_17991,122.8997035029638
OUT_17992,122.8997035029638
OUT_17993,122.8997035029638
OUT_17994,122.8997035029638
OUT_17995,125.93677553694236
OUT_17996,122.8997035029638
OUT_17997,122.8997035029638
OUT_17998,122.8997035029638
OUT_17999,122.8997035029638
OUT_18000,122.8997035029638
OUT_18001,122.8997035029638
OUT_18002,122.8997035029638
OUT_18003,122.8997035029638
OUT_18004,122.8997035029638
OUT_18005,122.8997035029638
OUT_18006,122.8997035029638
OUT_18007,122.8997035029638
OUT_18008,122.8997035029638
OUT_18009,122.8997035029638
OUT_18010,137.57110927598856
OUT_18011,148.10039592895012
OUT_18012,164.61945314381072
OUT_18013,122.8997035029638
OUT_18014,122.8997035029638
OUT_18015,122.8997035029638
OUT_18016,122.8997035029638
OUT_18017,122.8997035029638
OUT_18018,122.8997035029638
OUT_18019,122.8997035029638
OUT_18020,122.8997035029638
OUT_18021,122.8997035029638
OUT_18022,249.00437504439805
OUT_18023,281.70893324268803
OUT_18024,122.8997035029638
OUT_18025,122.8997035029638
OUT_18026,122.8997035029638
OUT_18027,122.8997035029638
OUT_18028,122.8997035029638
OUT_18029,223.0299013939913
OUT_18030,137.57110927598856
OUT_18031,122.8997035029638
OUT_18032,122.8997035029638
OUT_18033,122.8997035029638
OUT_18034,122.8997035029638
OUT_18035,145.11288629456348
OUT_18036,122.8997035029638
OUT_18037,122.8997035029638
OUT_18038,137.57110927598856
OUT_18039,122.8997035029638
OUT_18040,122.8997035029638
OUT_18041,122.8997035029638
OUT_18042,122.8997035029638
OUT_18043,122.8997035029638
OUT_18044,122.8997035029638
OUT_18045,120.46082939870054
OUT_18046,122.8997035029638
OUT_18047,122.8997035029638
OUT_18048,137.57110927598856
OUT_18049,122.8997035029638
OUT_18050,122.8997035029638
OUT_18051,122.8997035029638
OUT_18052,122.8997035029638
OUT_18053,137.57110927598856
OUT_18054,122.8997035029638
OUT_18055,352.2748477305253
OUT_18056,122.8997035029638
OUT_18057,122.8997035029638
OUT_18058,122.8997035029638
OUT_18059,122.8997035029638
OUT_18060,122.8997035029638
OUT_18061,122.8997035029638
OUT_18062,122.8997035029638
OUT_18063,122.8997035029638
OUT_18064,122.8997035029638
OUT_18065,122.8997035029638
OUT_18066,137.57110927598856
OUT_18067,122.8997035029638
OUT_18068,122.8997035029638
OUT_18069,122.8997035029638
OUT_18070,122.8997035029638
OUT_18071,386.39374929052303
OUT_18072,137.57110927598856
OUT_18073,122.8997035029638
OUT_18074,122.8997035029638
OUT_18075,122.8997035029638
OUT_18076,122.8997035029638
OUT_18077,122.8997035029638
OUT_18078,122.8997035029638
OUT_18079,122.8997035029638
OUT_18080,122.8997035029638
OUT_18081,122.8997035029638
OUT_18082,122.8997035029638
OUT_18083,122.8997035029638
OUT_18084,137.57110927598856
OUT_18085,122.8997035029638
OUT_18086,122.8997035029638
OUT_18087,122.8997035029638
OUT_18088,122.8997035029638
OUT_18089,122.8997035029638
OUT_18090,122.8997035029638
OUT_18091,122.8997035029638
OUT_18092,137.57110927598856
OUT_18093,122.8997035029638
OUT_18094,122.8997035029638
OUT_18095,122.8997035029638
OUT_18096,122.8997035029638
OUT_18097,122.8997035029638
OUT_18098,122.8997035029638
OUT_18099,140.03699419817988
OUT_18100,122.8997035029638
OUT_18101,137.57110927598856
OUT_18102,122.8997035029638
OUT_18103,122.8997035029638
OUT_18104,120.46082939870054
OUT_18105,122.8997035029638
OUT_18106,122.8997035029638
OUT_18107,122.8997035029638
OUT_18108,122.8997035029638
OUT_18109,122.8997035029638
OUT_18110,122.8997035029638
OUT_18111,122.8997035029638
OUT_18112,122.8997035029638
OUT_18113,137.57110927598856
OUT_18114,122.8997035029638
OUT_18115,122.8997035029638
OUT_18116,122.8997035029638
OUT_18117,137.57110927598856
OUT_18118,137.57110927598856
OUT_18119,120.46082939870054
OUT_18120,122.8997035029638
OUT_18121,122.8997035029638
OUT_18122,122.8997035029638
OUT_18123,122.8997035029638
OUT_18124,122.8997035029638
OUT_18125,267.2880763418179
OUT_18126,122.8997035029638
OUT_18127,122.8997035029638
OUT_18128,259.99900079704963
OUT_18129,122.8997035029638
OUT_18130,137.51867020863142
OUT_18131,122.8997035029638
OUT_18132,122.8997035029638
OUT_18133,122.8997035029638
OUT_18134,122.8997035029638
OUT_18135,137.57110927598856
OUT_18136,122.8997035029638
OUT_18137,122.8997035029638
OUT_18138,122.8997035029638
OUT_18139,122.8997035029638
OUT_18140,122.8997035029638
OUT_18141,122.8997035029638
OUT_18142,137.57110927598856
OUT_18143,122.8997035029638
OUT_18144,122.8997035029638
OUT_18145,137.57110927598856
OUT_18146,122.8997035029638
OUT_18147,137.57110927598856
OUT_18148,122.8997035029638
OUT_18149,122.8997035029638
OUT_18150,122.8997035029638
OUT_18151,122.8997035029638
OUT_18152,122.8997035029638
OUT_18153,122.8997035029638
OUT_18154,122.8997035029638
OUT_18155,137.57110927598856
OUT_18156,122.8997035029638
OUT_18157,125.45017380608942
OUT_18158,122.8997035029638
OUT_18159,122.8997035029638
OUT_18160,145.69955377048646
OUT_18161,122.8997035029638
OUT_18162,122.8997035029638
OUT_18163,122.8997035029638
OUT_18164,122.8997035029638
OUT_18165,122.8997035029638
OUT_18166,240.5725045069809
OUT_18167,137.57110927598856
OUT_18168,137.57110927598856
OUT_18169,137.57110927598856
OUT_18170,137.57110927598856
OUT_18171,122.8997035029638
OUT_18172,122.8997035029638
OUT_18173,122.8997035029638
OUT_18174,122.8997035029638
OUT_18175,122.8997035029638
OUT_18176,137.57110927598856
OUT_18177,122.8997035029638
OUT_18178,122.8997035029638
OUT_18179,122.8997035029638
OUT_18180,120.46082939870054
OUT_18181,122.8997035029638
OUT_18182,122.8997035029638
OUT_18183,137.57110927598856
OUT_18184,122.8997035029638
OUT_18185,122.8997035029638
OUT_18186,122.8997035029638
OUT_18187,120.46082939870054
OUT_18188,122.8997035029638
OUT_18189,122.8997035029638
OUT_18190,122.8997035029638
OUT_18191,158.07106306892047
OUT_18192,122.8997035029638
OUT_18193,122.8997035029638
OUT_18194,122.8997035029638
OUT_18195,122.8997035029638
OUT_18196,137.57110927598856
OUT_18197,122.8997035029638
OUT_18198,122.8997035029638
OUT_18199,122.8997035029638
OUT_18200,122.8997035029638
OUT_18201,122.8997035029638
OUT_18202,122.8997035029638
OUT_18203,143.95379045424647
OUT_18204,122.8997035029638
OUT_18205,122.8997035029638
OUT_18206,122.8997035029638
OUT_18207,137.57110927598856
OUT_18208,122.8997035029638
OUT_18209,322.7158029372202
OUT_18210,122.8997035029638
OUT_18211,122.8997035029638
OUT_18212,122.8997035029638
OUT_18213,122.8997035029638
OUT_18214,122.8997035029638
OUT_18215,122.8997035029638
OUT_18216,122.8997035029638
OUT_18217,122.8997035029638
OUT_18218,137.57110927598856
OUT_18219,122.8997035029638
OUT_18220,122.8997035029638
OUT_18221,122.8997035029638
OUT_18222,122.8997035029638
OUT_18223,122.8997035029638
OUT_18224,122.8997035029638
OUT_18225,122.8997035029638
OUT_18226,122.8997035029638
OUT_18227,122.8997035029638
OUT_18228,122.8997035029638
OUT_18229,122.8997035029638
OUT_18230,122.8997035029638
OUT_18231,122.8997035029638
OUT_18232,122.8997035029638
OUT_18233,122.8997035029638
OUT_18234,174.21528786366991
OUT_18235,122.8997035029638
OUT_18236,122.8997035029638
OUT_18237,122.8997035029638
OUT_18238,122.8997035029638
OUT_18239,122.8997035029638
OUT_18240,148.4394691773557
OUT_18241,212.1676273822416
OUT_18242,146.83092580419682
OUT_18243,122.8997035029638
OUT_18244,122.8997035029638
OUT_18245,122.8997035029638
OUT_18246,122.8997035029638
OUT_18247,122.8997035029638
OUT_18248,137.57110927598856
OUT_18249,122.8997035029638
OUT_18250,122.8997035029638
OUT_18251,122.8997035029638
OUT_18252,122.8997035029638
OUT_18253,122.8997035029638
OUT_18254,175.10263867605354
OUT_18255,122.8997035029638
OUT_18256,122.8997035029638
OUT_18257,122.8997035029638
OUT_18258,137.57110927598856
OUT_18259,122.8997035029638
OUT_18260,120.46082939870054
OUT_18261,122.8997035029638
OUT_18262,122.8997035029638
OUT_18263,122.8997035029638
OUT_18264,173.12614198146818
OUT_18265,122.8997035029638
OUT_18266,122.8997035029638
OUT_18267,122.8997035029638
OUT_18268,122.8997035029638
OUT_18269,122.8997035029638
OUT_18270,122.8997035029638
OUT_18271,122.8997035029638
OUT_18272,122.8997035029638
OUT_18273,122.8997035029638
OUT_18274,122.8997035029638
OUT_18275,188.24192815451843
OUT_18276,122.8997035029638
OUT_18277,122.8997035029638
OUT_18278,122.8997035029638
OUT_18279,358.3634777611991
OUT_18280,122.8997035029638
OUT_18281,122.8997035029638
OUT_18282,122.8997035029638
OUT_18283,122.8997035029638
OUT_18284,122.8997035029638
OUT_18285,122.8997035029638
OUT_18286,122.8997035029638
OUT_18287,122.8997035029638
OUT_18288,122.8997035029638
OUT_18289,122.8997035029638
OUT_18290,122.8997035029638
OUT_18291,122.8997035029638
OUT_18292,122.8997035029638
OUT_18293,134.7773086297801
OUT_18294,122.8997035029638
OUT_18295,122.8997035029638
OUT_18296,152.4965657927319
OUT_18297,137.57110927598856
OUT_18298,122.8997035029638
OUT_18299,137.57110927598856
OUT_18300,122.8997035029638
OUT_18301,122.8997035029638
OUT_18302,122.8997035029638
OUT_18303,122.8997035029638
OUT_18304,122.8997035029638
OUT_18305,122.8997035029638
OUT_18306,122.8997035029638
OUT_18307,122.8997035029638
OUT_18308,137.57110927598856
OUT_18309,122.8997035029638
OUT_18310,122.8997035029638
OUT_18311,122.8997035029638
OUT_18312,122.8997035029638
OUT_18313,122.8997035029638
OUT_18314,122.8997035029638
OUT_18315,122.8997035029638
OUT_18316,122.8997035029638
OUT_18317,122.8997035029638
OUT_18318,122.8997035029638
OUT_18319,122.8997035029638
OUT_18320,122.8997035029638
OUT_18321,148.09160649646768
OUT_18322,122.8997035029638
OUT_18323,122.8997035029638
OUT_18324,120.46082939870054
OUT_18325,122.8997035029638
OUT_18326,122.8997035029638
OUT_18327,122.8997035029638
OUT_18328,122.8997035029638
OUT_18329,122.8997035029638
OUT_18330,137.57110927598856
OUT_18331,168.08304504434255
OUT_18332,122.8997035029638
OUT_18333,122.8997035029638
OUT_18334,122.8997035029638
OUT_18335,122.8997035029638
OUT_18336,122.8997035029638
OUT_18337,122.8997035029638
OUT_18338,288.91927346164994
OUT_18339,120.46082939870054
OUT_18340,122.8997035029638
OUT_18341,122.8997035029638
OUT_18342,122.8997035029638
OUT_18343,122.8997035029638
OUT_18344,137.57110927598856
OUT_18345,122.8997035029638
OUT_18346,122.8997035029638
OUT_18347,122.8997035029638
OUT_18348,137.57110927598856
OUT_18349,137.57110927598856
OUT_18350,122.8997035029638
OUT_18351,122.8997035029638
OUT_18352,279.4078884103379
OUT_18353,122.8997035029638
OUT_18354,137.57110927598856
OUT_18355,122.8997035029638
OUT_18356,122.8997035029638
OUT_18357,122.8997035029638
OUT_18358,137.57110927598856
OUT_18359,122.8997035029638
OUT_18360,122.8997035029638
OUT_18361,122.8997035029638
OUT_18362,122.8997035029638
OUT_18363,122.8997035029638
OUT_18364,122.8997035029638
OUT_18365,122.8997035029638
OUT_18366,122.8997035029638
OUT_18367,122.8997035029638
OUT_18368,149.40604065450822
OUT_18369,122.8997035029638
OUT_18370,122.8997035029638
OUT_18371,122.8997035029638
OUT_18372,120.59163328029327
OUT_18373,120.59163328029327
OUT_18374,120.59163328029327
OUT_18375,120.59163328029327
OUT_18376,120.59163328029327
OUT_18377,180.4313817547849
OUT_18378,137.57110927598856
OUT_18379,120.59163328029327
OUT_18380,120.59163328029327
OUT_18381,120.59163328029327
OUT_18382,120.59163328029327
OUT_18383,183.1978760508809
OUT_18384,137.57110927598856
OUT_18385,120.59163328029327
OUT_18386,120.59163328029327
OUT_18387,137.80703057473022
OUT_18388,120.59163328029327
OUT_18389,120.59163328029327
OUT_18390,120.59163328029327
OUT_18391,120.46082939870054
OUT_18392,120.59163328029327
OUT_18393,120.59163328029327
OUT_18394,120.59163328029327
OUT_18395,137.57110927598856
OUT_18396,120.59163328029327
OUT_18397,120.59163328029327
OUT_18398,121.5657181226686
OUT_18399,120.46082939870054
OUT_18400,120.59163328029327
OUT_18401,120.59163328029327
OUT_18402,120.59163328029327
OUT_18403,120.59163328029327
OUT_18404,120.59163328029327
OUT_18405,120.59163328029327
OUT_18406,120.59163328029327
OUT_18407,120.59163328029327
OUT_18408,251.7870514021917
OUT_18409,137.57110927598856
OUT_18410,120.59163328029327
OUT_18411,120.59163328029327
OUT_18412,120.59163328029327
OUT_18413,156.4439312067965
OUT_18414,120.59163328029327
OUT_18415,120.59163328029327
OUT_18416,120.59163328029327
OUT_18417,120.46082939870054
OUT_18418,120.59163328029327
OUT_18419,120.59163328029327
OUT_18420,120.59163328029327
OUT_18421,137.57110927598856
OUT_18422,120.59163328029327
OUT_18423,120.59163328029327
OUT_18424,120.59163328029327
OUT_18425,120.59163328029327
OUT_18426,137.57110927598856
OUT_18427,137.57110927598856
OUT_18428,120.59163328029327
OUT_18429,120.59163328029327
OUT_18430,120.59163328029327
OUT_18431,120.59163328029327
OUT_18432,120.59163328029327
OUT_18433,120.59163328029327
OUT_18434,120.59163328029327
OUT_18435,120.59163328029327
OUT_18436,120.59163328029327
OUT_18437,137.57110927598856
OUT_18438,120.59163328029327
OUT_18439,120.46082939870054
OUT_18440,144.3114307742117
OUT_18441,137.57110927598856
OUT_18442,120.59163328029327
OUT_18443,120.46082939870054
OUT_18444,120.59163328029327
OUT_18445,137.57110927598856
OUT_18446,120.59163328029327
OUT_18447,120.59163328029327
OUT_18448,120.59163328029327
OUT_18449,120.59163328029327
OUT_18450,137.57110927598856
OUT_18451,120.59163328029327
OUT_18452,352.76994783915274
OUT_18453,120.59163328029327
OUT_18454,120.59163328029327
OUT_18455,137.57110927598856
OUT_18456,120.59163328029327
OUT_18457,120.59163328029327
OUT_18458,120.59163328029327
OUT_18459,120.59163328029327
OUT_18460,120.59163328029327
OUT_18461,120.59163328029327
OUT_18462,120.59163328029327
OUT_18463,137.57110927598856
OUT_18464,120.59163328029327
OUT_18465,120.59163328029327
OUT_18466,137.57110927598856
OUT_18467,120.59163328029327
OUT_18468,314.3132361672906
OUT_18469,120.59163328029327
OUT_18470,120.59163328029327
OUT_18471,120.59163328029327
OUT_18472,120.46082939870054
OUT_18473,127.62337491462831
OUT_18474,120.59163328029327
OUT_18475,120.59163328029327
OUT_18476,137.57110927598856
OUT_18477,274.4786033856911
OUT_18478,120.59163328029327
OUT_18479,291.6225884500733
OUT_18480,120.59163328029327
OUT_18481,128.52833574646036
OUT_18482,137.57110927598856
OUT_18483,120.59163328029327
OUT_18484,120.59163328029327
OUT_18485,120.59163328029327
OUT_18486,120.59163328029327
OUT_18487,120.59163328029327
OUT_18488,120.59163328029327
OUT_18489,137.57110927598856
OUT_18490,120.59163328029327
OUT_18491,158.33547714524812
OUT_18492,120.59163328029327
OUT_18493,120.59163328029327
OUT_18494,120.59163328029327
OUT_18495,120.59163328029327
OUT_18496,120.59163328029327
OUT_18497,120.59163328029327
OUT_18498,120.59163328029327
OUT_18499,120.59163328029327
OUT_18500,120.59163328029327
OUT_18501,267.3080823829328
OUT_18502,158.4325017042351
OUT_18503,120.59163328029327
OUT_18504,120.59163328029327
OUT_18505,120.59163328029327
OUT_18506,137.57110927598856
OUT_18507,127.01676144802816
OUT_18508,120.59163328029327
OUT_18509,120.59163328029327
OUT_18510,120.59163328029327
OUT_18511,201.9144403845964
OUT_18512,120.59163328029327
OUT_18513,120.59163328029327
OUT_18514,120.59163328029327
OUT_18515,120.59163328029327
OUT_18516,120.59163328029327
OUT_18517,120.59163328029327
OUT_18518,120.59163328029327
OUT_18519,120.59163328029327
OUT_18520,120.59163328029327
OUT_18521,120.59163328029327
OUT_18522,120.59163328029327
OUT_18523,137.57110927598856
OUT_18524,120.59163328029327
OUT_18525,120.59163328029327
OUT_18526,137.57110927598856
OUT_18527,120.59163328029327
OUT_18528,120.59163328029327
OUT_18529,120.59163328029327
OUT_18530,120.59163328029327
OUT_18531,120.59163328029327
OUT_18532,145.32193883621952
OUT_18533,120.59163328029327
OUT_18534,120.59163328029327
OUT_18535,120.59163328029327
OUT_18536,120.59163328029327
OUT_18537,120.59163328029327
OUT_18538,120.59163328029327
OUT_18539,120.59163328029327
OUT_18540,137.57110927598856
OUT_18541,120.59163328029327
OUT_18542,120.59163328029327
OUT_18543,120.59163328029327
OUT_18544,120.59163328029327
OUT_18545,137.57110927598856
OUT_18546,120.59163328029327
OUT_18547,120.59163328029327
OUT_18548,120.59163328029327
OUT_18549,120.59163328029327
OUT_18550,120.59163328029327
OUT_18551,120.59163328029327
OUT_18552,120.59163328029327
OUT_18553,120.59163328029327
OUT_18554,120.59163328029327
OUT_18555,120.59163328029327
OUT_18556,137.57110927598856
OUT_18557,120.59163328029327
OUT_18558,120.59163328029327
OUT_18559,137.57110927598856
OUT_18560,120.59163328029327
OUT_18561,120.59163328029327
OUT_18562,120.59163328029327
OUT_18563,120.59163328029327
OUT_18564,120.59163328029327
OUT_18565,137.57110927598856
OUT_18566,120.59163328029327
OUT_18567,120.59163328029327
OUT_18568,120.59163328029327
OUT_18569,120.59163328029327
OUT_18570,120.59163328029327
OUT_18571,120.59163328029327
OUT_18572,137.57110927598856
OUT_18573,120.59163328029327
OUT_18574,120.59163328029327
OUT_18575,120.59163328029327
OUT_18576,120.59163328029327
OUT_18577,120.59163328029327
OUT_18578,120.59163328029327
OUT_18579,120.59163328029327
OUT_18580,120.59163328029327
OUT_18581,120.59163328029327
OUT_18582,120.59163328029327
OUT_18583,120.59163328029327
OUT_18584,120.59163328029327
OUT_18585,120.59163328029327
OUT_18586,120.59163328029327
OUT_18587,120.59163328029327
OUT_18588,120.59163328029327
OUT_18589,120.59163328029327
OUT_18590,120.59163328029327
OUT_18591,120.59163328029327
OUT_18592,137.57110927598856
OUT_18593,120.59163328029327
OUT_18594,120.59163328029327
OUT_18595,120.59163328029327
OUT_18596,120.59163328029327
OUT_18597,120.59163328029327
OUT_18598,120.59163328029327
OUT_18599,120.46082939870054
OUT_18600,120.59163328029327
OUT_18601,120.59163328029327
OUT_18602,120.59163328029327
OUT_18603,120.59163328029327
OUT_18604,136.81302224814007
OUT_18605,120.46082939870054
OUT_18606,120.46082939870054
OUT_18607,120.59163328029327
OUT_18608,120.59163328029327
OUT_18609,120.59163328029327
OUT_18610,120.59163328029327
OUT_18611,120.59163328029327
OUT_18612,120.59163328029327
OUT_18613,120.59163328029327
OUT_18614,120.59163328029327
OUT_18615,120.59163328029327
OUT_18616,120.59163328029327
OUT_18617,120.59163328029327
OUT_18618,120.59163328029327
OUT_18619,120.59163328029327
OUT_18620,120.59163328029327
OUT_18621,120.59163328029327
OUT_18622,120.59163328029327
OUT_18623,137.57110927598856
OUT_18624,120.59163328029327
OUT_18625,120.59163328029327
OUT_18626,120.59163328029327
OUT_18627,120.59163328029327
OUT_18628,137.57110927598856
OUT_18629,120.59163328029327
OUT_18630,159.4767488179401
OUT_18631,120.59163328029327
OUT_18632,120.59163328029327
OUT_18633,137.57110927598856
OUT_18634,120.59163328029327
OUT_18635,120.59163328029327
OUT_18636,120.59163328029327
OUT_18637,120.59163328029327
OUT_18638,120.59163328029327
OUT_18639,120.59163328029327
OUT_18640,120.59163328029327
OUT_18641,120.59163328029327
OUT_18642,120.59163328029327
OUT_18643,120.59163328029327
OUT_18644,120.59163328029327
OUT_18645,120.59163328029327
OUT_18646,120.59163328029327
OUT_18647,120.46082939870054
OUT_18648,129.42595976535867
OUT_18649,120.59163328029327
OUT_18650,120.59163328029327
OUT_18651,137.57110927598856
OUT_18652,120.59163328029327
OUT_18653,120.59163328029327
OUT_18654,120.59163328029327
OUT_18655,137.57110927598856
OUT_18656,120.59163328029327
OUT_18657,120.59163328029327
OUT_18658,120.59163328029327
OUT_18659,137.57110927598856
OUT_18660,142.26789899125276
OUT_18661,137.57110927598856
OUT_18662,120.59163328029327
OUT_18663,120.59163328029327
OUT_18664,120.59163328029327
OUT_18665,137.57110927598856
OUT_18666,0.0
OUT_18667,120.59163328029327
OUT_18668,137.57110927598856
OUT_18669,137.57110927598856
OUT_18670,120.59163328029327
OUT_18671,251.0920137509341
OUT_18672,120.59163328029327
OUT_18673,120.59163328029327
OUT_18674,120.59163328029327
OUT_18675,164.32322094571478
OUT_18676,120.59163328029327
OUT_18677,137.57110927598856
OUT_18678,120.59163328029327
OUT_18679,120.59163328029327
OUT_18680,137.57110927598856
OUT_18681,137.57110927598856
OUT_18682,369.926818771201
OUT_18683,120.59163328029327
OUT_18684,137.57110927598856
OUT_18685,120.59163328029327
OUT_18686,120.59163328029327
OUT_18687,120.59163328029327
OUT_18688,120.59163328029327
OUT_18689,120.59163328029327
OUT_18690,120.59163328029327
OUT_18691,120.59163328029327
OUT_18692,120.59163328029327
OUT_18693,120.46082939870054
OUT_18694,120.59163328029327
OUT_18695,120.46082939870054
OUT_18696,120.59163328029327
OUT_18697,120.59163328029327
OUT_18698,120.59163328029327
OUT_18699,137.57110927598856
OUT_18700,120.46082939870054
OUT_18701,137.57110927598856
OUT_18702,120.59163328029327
OUT_18703,120.59163328029327
OUT_18704,120.59163328029327
OUT_18705,120.59163328029327
OUT_18706,120.59163328029327
OUT_18707,120.59163328029327
OUT_18708,120.59163328029327
OUT_18709,120.59163328029327
OUT_18710,120.59163328029327
OUT_18711,137.57110927598856
OUT_18712,120.59163328029327
OUT_18713,120.59163328029327
OUT_18714,120.59163328029327
OUT_18715,120.59163328029327
OUT_18716,120.59163328029327
OUT_18717,137.57110927598856
OUT_18718,120.59163328029327
OUT_18719,120.59163328029327
OUT_18720,120.59163328029327
OUT_18721,120.59163328029327
OUT_18722,120.59163328029327
OUT_18723,120.59163328029327
OUT_18724,120.59163328029327
OUT_18725,120.59163328029327
OUT_18726,120.59163328029327
OUT_18727,120.59163328029327
OUT_18728,120.59163328029327
OUT_18729,120.59163328029327
OUT_18730,120.59163328029327
OUT_18731,120.59163328029327
OUT_18732,156.1098069239597
OUT_18733,120.59163328029327
OUT_18734,120.59163328029327
OUT_18735,120.59163328029327
OUT_18736,120.59163328029327
OUT_18737,245.9009165494111
OUT_18738,236.00229329516023
OUT_18739,120.59163328029327
OUT_18740,120.59163328029327
OUT_18741,137.57110927598856
OUT_18742,120.59163328029327
OUT_18743,120.59163328029327
OUT_18744,120.59163328029327
OUT_18745,137.57110927598856
OUT_18746,120.59163328029327
OUT_18747,120.59163328029327
OUT_18748,120.59163328029327
OUT_18749,120.59163328029327
OUT_18750,120.59163328029327
OUT_18751,137.57110927598856
OUT_18752,120.59163328029327
OUT_18753,120.59163328029327
OUT_18754,121.8648597199292
OUT_18755,137.57110927598856
OUT_18756,120.59163328029327
OUT_18757,120.59163328029327
OUT_18758,120.59163328029327
OUT_18759,120.59163328029327
OUT_18760,120.59163328029327
OUT_18761,120.59163328029327
OUT_18762,120.59163328029327
OUT_18763,120.59163328029327
OUT_18764,120.59163328029327
OUT_18765,120.59163328029327
OUT_18766,137.57110927598856
OUT_18767,120.59163328029327
OUT_18768,186.34943499015787
OUT_18769,120.59163328029327
OUT_18770,120.59163328029327
OUT_18771,120.59163328029327
OUT_18772,137.57110927598856
OUT_18773,120.59163328029327
OUT_18774,120.59163328029327
OUT_18775,120.59163328029327
OUT_18776,120.59163328029327
OUT_18777,120.59163328029327
OUT_18778,120.59163328029327
OUT_18779,120.59163328029327
OUT_18780,120.59163328029327
OUT_18781,120.59163328029327
OUT_18782,120.59163328029327
OUT_18783,120.59163328029327
OUT_18784,120.59163328029327
OUT_18785,120.59163328029327
OUT_18786,120.59163328029327
OUT_18787,120.59163328029327
OUT_18788,220.14709548514952
OUT_18789,120.59163328029327
OUT_18790,120.59163328029327
OUT_18791,171.45985521489044
OUT_18792,137.57110927598856
OUT_18793,277.7912570934205
OUT_18794,120.59163328029327
OUT_18795,120.59163328029327
OUT_18796,256.1982199399036
OUT_18797,120.59163328029327
OUT_18798,120.59163328029327
OUT_18799,120.46082939870054
OUT_18800,120.59163328029327
OUT_18801,120.59163328029327
OUT_18802,391.7059808487515
OUT_18803,120.59163328029327
OUT_18804,120.59163328029327
OUT_18805,381.734963954436
OUT_18806,120.59163328029327
OUT_18807,120.59163328029327
OUT_18808,120.59163328029327
OUT_18809,137.57110927598856
OUT_18810,120.59163328029327
OUT_18811,120.59163328029327
OUT_18812,120.59163328029327
OUT_18813,120.59163328029327
OUT_18814,120.59163328029327
OUT_18815,157.27228486868705
OUT_18816,120.59163328029327
OUT_18817,120.59163328029327
OUT_18818,120.59163328029327
OUT_18819,120.59163328029327
OUT_18820,120.59163328029327
OUT_18821,137.57110927598856
OUT_18822,120.59163328029327
OUT_18823,137.57110927598856
OUT_18824,120.59163328029327
OUT_18825,120.59163328029327
OUT_18826,120.59163328029327
OUT_18827,246.52943893135495
OUT_18828,120.59163328029327
OUT_18829,120.59163328029327
OUT_18830,120.59163328029327
OUT_18831,120.59163328029327
OUT_18832,120.59163328029327
OUT_18833,120.59163328029327
OUT_18834,120.59163328029327
OUT_18835,120.59163328029327
OUT_18836,137.57110927598856
OUT_18837,120.59163328029327
OUT_18838,137.57110927598856
OUT_18839,120.59163328029327
OUT_18840,120.59163328029327
OUT_18841,120.59163328029327
OUT_18842,120.59163328029327
OUT_18843,120.59163328029327
OUT_18844,318.6886641583285
OUT_18845,120.59163328029327
OUT_18846,120.59163328029327
OUT_18847,120.59163328029327
OUT_18848,120.59163328029327
OUT_18849,120.59163328029327
OUT_18850,281.98616435185966
OUT_18851,120.59163328029327
OUT_18852,145.46999583021002
OUT_18853,120.59163328029327
OUT_18854,120.59163328029327
OUT_18855,141.3318432566506
OUT_18856,120.59163328029327
OUT_18857,120.59163328029327
OUT_18858,191.654436919612
OUT_18859,120.59163328029327
OUT_18860,120.59163328029327
OUT_18861,120.59163328029327
OUT_18862,120.59163328029327
OUT_18863,137.57110927598856
OUT_18864,120.59163328029327
OUT_18865,120.59163328029327
OUT_18866,132.94078948915364
OUT_18867,120.46082939870054
OUT_18868,120.59163328029327
OUT_18869,120.59163328029327
OUT_18870,120.59163328029327
OUT_18871,120.59163328029327
OUT_18872,120.59163328029327
OUT_18873,120.59163328029327
OUT_18874,127.19394414788354
OUT_18875,120.59163328029327
OUT_18876,120.59163328029327
OUT_18877,280.88020243462535
OUT_18878,120.59163328029327
OUT_18879,137.57110927598856
OUT_18880,137.57110927598856
OUT_18881,120.59163328029327
OUT_18882,120.59163328029327
OUT_18883,137.57110927598856
OUT_18884,120.59163328029327
OUT_18885,128.5553380683793
OUT_18886,120.59163328029327
OUT_18887,120.59163328029327
OUT_18888,120.59163328029327
OUT_18889,120.59163328029327
OUT_18890,120.59163328029327
OUT_18891,120.59163328029327
OUT_18892,137.57110927598856
OUT_18893,120.59163328029327
OUT_18894,120.59163328029327
OUT_18895,120.59163328029327
OUT_18896,120.59163328029327
OUT_18897,120.59163328029327
OUT_18898,120.59163328029327
OUT_18899,120.59163328029327
OUT_18900,120.59163328029327
OUT_18901,120.59163328029327
OUT_18902,120.59163328029327
OUT_18903,138.90534368675372
OUT_18904,120.59163328029327
OUT_18905,120.59163328029327
OUT_18906,120.59163328029327
OUT_18907,120.59163328029327
OUT_18908,120.59163328029327
OUT_18909,137.57110927598856
OUT_18910,137.57110927598856
OUT_18911,128.1129579236857
OUT_18912,120.74649260440184
OUT_18913,120.46082939870054
OUT_18914,120.46082939870054
OUT_18915,120.59163328029327
OUT_18916,120.46082939870054
OUT_18917,137.57110927598856
OUT_18918,120.59163328029327
OUT_18919,126.03356527187675
OUT_18920,120.59163328029327
OUT_18921,120.59163328029327
OUT_18922,120.59163328029327
OUT_18923,120.59163328029327
OUT_18924,120.59163328029327
OUT_18925,120.59163328029327
OUT_18926,120.59163328029327
OUT_18927,120.59163328029327
OUT_18928,120.59163328029327
OUT_18929,120.59163328029327
OUT_18930,120.59163328029327
OUT_18931,120.59163328029327
OUT_18932,120.59163328029327
OUT_18933,120.59163328029327
OUT_18934,300.5703649422245
OUT_18935,120.59163328029327
OUT_18936,120.59163328029327
OUT_18937,120.59163328029327
OUT_18938,120.59163328029327
OUT_18939,160.26705475665025
OUT_18940,137.57110927598856
OUT_18941,156.022010096717
OUT_18942,120.59163328029327
OUT_18943,120.59163328029327
OUT_18944,120.59163328029327
OUT_18945,120.59163328029327
OUT_18946,120.59163328029327
OUT_18947,120.59163328029327
OUT_18948,137.57110927598856
OUT_18949,120.59163328029327
OUT_18950,120.59163328029327
OUT_18951,120.59163328029327
OUT_18952,120.59163328029327
OUT_18953,120.59163328029327
OUT_18954,120.59163328029327
OUT_18955,120.46082939870054
OUT_18956,161.18500363015391
OUT_18957,120.59163328029327
OUT_18958,120.59163328029327
OUT_18959,120.59163328029327
OUT_18960,120.59163328029327
OUT_18961,137.57110927598856
OUT_18962,120.59163328029327
OUT_18963,120.59163328029327
OUT_18964,120.59163328029327
OUT_18965,120.59163328029327
OUT_18966,120.59163328029327
OUT_18967,137.57110927598856
OUT_18968,120.59163328029327
OUT_18969,120.59163328029327
OUT_18970,120.59163328029327
OUT_18971,120.59163328029327
OUT_18972,120.59163328029327
OUT_18973,120.46082939870054
OUT_18974,120.59163328029327
OUT_18975,120.59163328029327
OUT_18976,137.57110927598856
OUT_18977,120.59163328029327
OUT_18978,120.46082939870054
OUT_18979,120.59163328029327
OUT_18980,120.59163328029327
OUT_18981,120.59163328029327
OUT_18982,159.19571531750577
OUT_18983,120.59163328029327
OUT_18984,120.59163328029327
OUT_18985,261.9379660829508
OUT_18986,157.56350610379332
OUT_18987,120.59163328029327
OUT_18988,120.59163328029327
OUT_18989,137.57110927598856
OUT_18990,137.57110927598856
OUT_18991,120.59163328029327
OUT_18992,148.93408447643
OUT_18993,120.59163328029327
OUT_18994,120.59163328029327
OUT_18995,254.26966150119028
OUT_18996,137.57110927598856
OUT_18997,120.59163328029327
OUT_18998,154.0083111519933
OUT_18999,120.59163328029327
OUT_19000,120.59163328029327
OUT_19001,120.59163328029327
OUT_19002,120.59163328029327
OUT_19003,120.59163328029327
OUT_19004,137.57110927598856
OUT_19005,120.59163328029327
OUT_19006,120.59163328029327
OUT_19007,120.59163328029327
OUT_19008,137.57110927598856
OUT_19009,120.59163328029327
OUT_19010,120.59163328029327
OUT_19011,120.59163328029327
OUT_19012,316.3685157462095
OUT_19013,120.59163328029327
OUT_19014,120.59163328029327
OUT_19015,120.59163328029327
OUT_19016,120.46082939870054
OUT_19017,120.59163328029327
OUT_19018,120.59163328029327
OUT_19019,120.59163328029327
OUT_19020,120.59163328029327
OUT_19021,120.59163328029327
OUT_19022,137.57110927598856
OUT_19023,120.59163328029327
OUT_19024,298.0258461538677
OUT_19025,120.59163328029327
OUT_19026,120.59163328029327
OUT_19027,120.59163328029327
OUT_19028,133.898034515598
OUT_19029,120.59163328029327
OUT_19030,261.4729453431033
OUT_19031,120.59163328029327
OUT_19032,120.59163328029327
OUT_19033,120.59163328029327
OUT_19034,120.59163328029327
OUT_19035,120.59163328029327
OUT_19036,120.59163328029327
OUT_19037,120.46082939870054
OUT_19038,177.82881796909618
OUT_19039,286.2417938453081
OUT_19040,287.2837846471174
OUT_19041,120.59163328029327
OUT_19042,120.59163328029327
OUT_19043,122.08810323024906
OUT_19044,120.59163328029327
OUT_19045,120.59163328029327
OUT_19046,120.59163328029327
OUT_19047,120.59163328029327
OUT_19048,120.59163328029327
OUT_19049,120.59163328029327
OUT_19050,120.59163328029327
OUT_19051,155.52286943824495
OUT_19052,120.59163328029327
OUT_19053,120.59163328029327
OUT_19054,120.59163328029327
OUT_19055,120.59163328029327
OUT_19056,120.59163328029327
OUT_19057,120.59163328029327
OUT_19058,120.59163328029327
OUT_19059,120.59163328029327
OUT_19060,120.59163328029327
OUT_19061,120.59163328029327
OUT_19062,120.59163328029327
OUT_19063,120.46082939870054
OUT_19064,137.57110927598856
OUT_19065,120.59163328029327
OUT_19066,120.59163328029327
OUT_19067,120.59163328029327
OUT_19068,278.2559446325108
OUT_19069,137.57110927598856
OUT_19070,120.59163328029327
OUT_19071,120.59163328029327
OUT_19072,137.57110927598856
OUT_19073,120.46082939870054
OUT_19074,120.59163328029327
OUT_19075,147.53608637588238
OUT_19076,120.59163328029327
OUT_19077,120.59163328029327
OUT_19078,120.59163328029327
OUT_19079,120.59163328029327
OUT_19080,120.59163328029327
OUT_19081,120.59163328029327
OUT_19082,120.59163328029327
OUT_19083,120.59163328029327
OUT_19084,137.57110927598856
OUT_19085,120.46082939870054
OUT_19086,120.59163328029327
OUT_19087,120.59163328029327
OUT_19088,120.59163328029327
OUT_19089,120.59163328029327
OUT_19090,120.59163328029327
OUT_19091,303.9716717839952
OUT_19092,120.59163328029327
OUT_19093,120.59163328029327
OUT_19094,120.59163328029327
OUT_19095,120.59163328029327
OUT_19096,120.59163328029327
OUT_19097,120.59163328029327
OUT_19098,120.59163328029327
OUT_19099,120.59163328029327
OUT_19100,120.59163328029327
OUT_19101,120.59163328029327
OUT_19102,120.59163328029327
OUT_19103,137.57110927598856
OUT_19104,120.59163328029327
OUT_19105,137.57110927598856
OUT_19106,120.59163328029327
OUT_19107,120.59163328029327
OUT_19108,120.59163328029327
OUT_19109,120.59163328029327
OUT_19110,120.59163328029327
OUT_19111,120.59163328029327
OUT_19112,120.59163328029327
OUT_19113,120.59163328029327
OUT_19114,120.59163328029327
OUT_19115,120.59163328029327
OUT_19116,120.59163328029327
OUT_19117,120.59163328029327
OUT_19118,120.59163328029327
OUT_19119,120.59163328029327
OUT_19120,120.59163328029327
OUT_19121,242.7634910068138
OUT_19122,120.59163328029327
OUT_19123,120.59163328029327
OUT_19124,120.46082939870054
OUT_19125,137.57110927598856
OUT_19126,265.8000418758572
OUT_19127,120.59163328029327
OUT_19128,120.59163328029327
OUT_19129,137.57110927598856
OUT_19130,120.59163328029327
OUT_19131,120.59163328029327
OUT_19132,120.59163328029327
OUT_19133,120.59163328029327
OUT_19134,120.59163328029327
OUT_19135,120.59163328029327
OUT_19136,120.59163328029327
OUT_19137,120.59163328029327
OUT_19138,120.59163328029327
OUT_19139,120.59163328029327
OUT_19140,120.59163328029327
OUT_19141,120.46082939870054
OUT_19142,120.59163328029327
OUT_19143,120.59163328029327
OUT_19144,120.59163328029327
OUT_19145,120.59163328029327
OUT_19146,120.59163328029327
OUT_19147,120.59163328029327
OUT_19148,120.59163328029327
OUT_19149,120.59163328029327
OUT_19150,120.59163328029327
OUT_19151,266.4242165803142
OUT_19152,120.59163328029327
OUT_19153,120.59163328029327
OUT_19154,164.6909045950318
OUT_19155,120.59163328029327
OUT_19156,120.59163328029327
OUT_19157,120.59163328029327
OUT_19158,120.59163328029327
OUT_19159,120.59163328029327
OUT_19160,120.59163328029327
OUT_19161,120.59163328029327
OUT_19162,120.59163328029327
OUT_19163,120.59163328029327
OUT_19164,120.59163328029327
OUT_19165,120.59163328029327
OUT_19166,120.59163328029327
OUT_19167,120.59163328029327
OUT_19168,120.59163328029327
OUT_19169,120.59163328029327
OUT_19170,120.59163328029327
OUT_19171,137.57110927598856
OUT_19172,120.59163328029327
OUT_19173,120.59163328029327
OUT_19174,120.59163328029327
OUT_19175,120.59163328029327
OUT_19176,120.46082939870054
OUT_19177,122.77301547934694
OUT_19178,120.59163328029327
OUT_19179,120.59163328029327
OUT_19180,120.59163328029327
OUT_19181,120.59163328029327
OUT_19182,120.59163328029327
OUT_19183,120.59163328029327
OUT_19184,120.59163328029327
OUT_19185,137.57110927598856
OUT_19186,148.11589062776204
OUT_19187,260.75101001732384
OUT_19188,120.59163328029327
OUT_19189,120.59163328029327
OUT_19190,120.59163328029327
OUT_19191,120.59163328029327
OUT_19192,137.57110927598856
OUT_19193,137.57110927598856
OUT_19194,120.59163328029327
OUT_19195,120.59163328029327
OUT_19196,120.59163328029327
OUT_19197,120.59163328029327
OUT_19198,137.57110927598856
OUT_19199,137.57110927598856
OUT_19200,137.57110927598856
OUT_19201,373.71600752115495
OUT_19202,120.59163328029327
OUT_19203,137.57110927598856
OUT_19204,120.59163328029327
OUT_19205,120.59163328029327
OUT_19206,120.59163328029327
OUT_19207,120.59163328029327
OUT_19208,120.59163328029327
OUT_19209,120.59163328029327
OUT_19210,120.59163328029327
OUT_19211,212.6639178690855
OUT_19212,137.57110927598856
OUT_19213,120.59163328029327
OUT_19214,129.72235706267742
OUT_19215,120.59163328029327
OUT_19216,120.59163328029327
OUT_19217,120.59163328029327
OUT_19218,120.59163328029327
OUT_19219,120.59163328029327
OUT_19220,120.59163328029327
OUT_19221,120.59163328029327
OUT_19222,120.59163328029327
OUT_19223,120.59163328029327
OUT_19224,120.59163328029327
OUT_19225,120.59163328029327
OUT_19226,120.59163328029327
OUT_19227,137.57110927598856
OUT_19228,120.59163328029327
OUT_19229,120.59163328029327
OUT_19230,127.14215459879136
OUT_19231,120.59163328029327
OUT_19232,120.59163328029327
OUT_19233,120.59163328029327
OUT_19234,120.59163328029327
OUT_19235,120.59163328029327
OUT_19236,137.57110927598856
OUT_19237,120.59163328029327
OUT_19238,137.57110927598856
OUT_19239,120.59163328029327
OUT_19240,120.59163328029327
OUT_19241,120.59163328029327
OUT_19242,120.59163328029327
OUT_19243,120.59163328029327
OUT_19244,120.59163328029327
OUT_19245,120.59163328029327
OUT_19246,120.59163328029327
OUT_19247,120.59163328029327
OUT_19248,120.59163328029327
OUT_19249,120.59163328029327
OUT_19250,120.59163328029327
OUT_19251,120.59163328029327
OUT_19252,145.79413694751557
OUT_19253,137.57110927598856
OUT_19254,120.59163328029327
OUT_19255,120.59163328029327
OUT_19256,120.59163328029327
OUT_19257,120.59163328029327
OUT_19258,345.455056513016
OUT_19259,120.59163328029327
OUT_19260,137.57110927598856
OUT_19261,120.59163328029327
OUT_19262,137.57110927598856
OUT_19263,120.59163328029327
OUT_19264,137.57110927598856
OUT_19265,120.59163328029327
OUT_19266,137.57110927598856
OUT_19267,120.59163328029327
OUT_19268,137.57110927598856
OUT_19269,120.59163328029327
OUT_19270,120.59163328029327
OUT_19271,120.59163328029327
OUT_19272,120.59163328029327
OUT_19273,151.21856269732424
OUT_19274,120.59163328029327
OUT_19275,384.1389410018127
OUT_19276,120.59163328029327
OUT_19277,120.59163328029327
OUT_19278,128.61195816535135
OUT_19279,120.59163328029327
OUT_19280,120.59163328029327
OUT_19281,120.59163328029327
OUT_19282,120.59163328029327
OUT_19283,120.59163328029327
OUT_19284,162.95620434733115
OUT_19285,120.59163328029327
OUT_19286,137.57110927598856
OUT_19287,120.59163328029327
OUT_19288,120.59163328029327
OUT_19289,120.59163328029327
OUT_19290,120.59163328029327
OUT_19291,126.72570296605542
OUT_19292,120.59163328029327
OUT_19293,120.59163328029327
OUT_19294,120.59163328029327
OUT_19295,120.59163328029327
OUT_19296,120.59163328029327
OUT_19297,120.59163328029327
OUT_19298,129.7681272638882
OUT_19299,120.59163328029327
OUT_19300,120.59163328029327
OUT_19301,120.59163328029327
OUT_19302,120.59163328029327
OUT_19303,285.4173417843644
OUT_19304,120.59163328029327
OUT_19305,120.59163328029327
OUT_19306,120.46082939870054
OUT_19307,291.4495124383799
OUT_19308,120.59163328029327
OUT_19309,120.59163328029327
OUT_19310,327.9718439083971
OUT_19311,371.5755588293393
OUT_19312,305.39446159238844
OUT_19313,120.59163328029327
OUT_19314,120.59163328029327
OUT_19315,120.59163328029327
OUT_19316,120.59163328029327
OUT_19317,137.57110927598856
OUT_19318,174.15943679018716
OUT_19319,120.59163328029327
OUT_19320,129.57709386495642
OUT_19321,120.59163328029327
OUT_19322,137.57110927598856
OUT_19323,120.59163328029327
OUT_19324,120.59163328029327
OUT_19325,120.59163328029327
OUT_19326,120.59163328029327
OUT_19327,120.59163328029327
OUT_19328,120.59163328029327
OUT_19329,137.57110927598856
OUT_19330,120.59163328029327
OUT_19331,120.59163328029327
OUT_19332,125.5257005571068
OUT_19333,125.80637624600864
OUT_19334,120.59163328029327
OUT_19335,137.57110927598856
OUT_19336,120.59163328029327
OUT_19337,120.59163328029327
OUT_19338,137.57110927598856
OUT_19339,120.59163328029327
OUT_19340,120.59163328029327
OUT_19341,120.59163328029327
OUT_19342,120.59163328029327
OUT_19343,137.57110927598856
OUT_19344,155.1443556195214
OUT_19345,120.59163328029327
OUT_19346,120.59163328029327
OUT_19347,120.59163328029327
OUT_19348,283.2108493743564
OUT_19349,120.59163328029327
OUT_19350,137.57110927598856
OUT_19351,120.59163328029327
OUT_19352,120.59163328029327
OUT_19353,120.59163328029327
OUT_19354,120.59163328029327
OUT_19355,125.46036273740042
OUT_19356,146.46994150101807
OUT_19357,120.59163328029327
OUT_19358,137.57110927598856
OUT_19359,137.57110927598856
OUT_19360,146.86936358280423
OUT_19361,137.57110927598856
OUT_19362,120.59163328029327
OUT_19363,120.59163328029327
OUT_19364,120.59163328029327
OUT_19365,323.46628091872435
OUT_19366,426.5969670956613
OUT_19367,120.59163328029327
OUT_19368,120.46082939870054
OUT_19369,120.46082939870054
OUT_19370,120.59163328029327
OUT_19371,120.59163328029327
OUT_19372,120.59163328029327
OUT_19373,120.59163328029327
OUT_19374,120.59163328029327
OUT_19375,120.59163328029327
OUT_19376,120.59163328029327
OUT_19377,120.59163328029327
OUT_19378,120.59163328029327
OUT_19379,120.59163328029327
OUT_19380,120.59163328029327
OUT_19381,120.59163328029327
OUT_19382,181.76515753899304
OUT_19383,120.59163328029327
OUT_19384,120.59163328029327
OUT_19385,120.59163328029327
OUT_19386,120.59163328029327
OUT_19387,120.59163328029327
OUT_19388,120.59163328029327
OUT_19389,120.59163328029327
OUT_19390,120.59163328029327
OUT_19391,120.59163328029327
OUT_19392,120.59163328029327
OUT_19393,120.59163328029327
OUT_19394,120.59163328029327
OUT_19395,120.59163328029327
OUT_19396,120.59163328029327
OUT_19397,137.22136654238145
OUT_19398,120.59163328029327
OUT_19399,120.59163328029327
OUT_19400,120.59163328029327
OUT_19401,120.59163328029327
OUT_19402,120.59163328029327
OUT_19403,120.59163328029327
OUT_19404,137.57110927598856
OUT_19405,158.14471493914013
OUT_19406,120.59163328029327
OUT_19407,143.97635666534816
OUT_19408,120.59163328029327
OUT_19409,120.59163328029327
OUT_19410,120.59163328029327
OUT_19411,120.59163328029327
OUT_19412,120.59163328029327
OUT_19413,137.57110927598856
OUT_19414,120.59163328029327
OUT_19415,120.59163328029327
OUT_19416,145.33271818875798
OUT_19417,120.59163328029327
OUT_19418,120.59163328029327
OUT_19419,120.59163328029327
OUT_19420,120.59163328029327
OUT_19421,120.59163328029327
OUT_19422,120.59163328029327
OUT_19423,120.59163328029327
OUT_19424,120.59163328029327
OUT_19425,137.57110927598856
OUT_19426,120.59163328029327
OUT_19427,120.59163328029327
OUT_19428,120.59163328029327
OUT_19429,137.57110927598856
OUT_19430,120.59163328029327
OUT_19431,120.59163328029327
OUT_19432,120.59163328029327
OUT_19433,120.59163328029327
OUT_19434,339.65607029021027
OUT_19435,137.57110927598856
OUT_19436,120.59163328029327
OUT_19437,120.59163328029327
OUT_19438,120.59163328029327
OUT_19439,120.59163328029327
OUT_19440,120.59163328029327
OUT_19441,120.59163328029327
OUT_19442,137.57110927598856
OUT_19443,120.59163328029327
OUT_19444,120.59163328029327
OUT_19445,120.59163328029327
OUT_19446,120.59163328029327
OUT_19447,120.59163328029327
OUT_19448,137.57110927598856
OUT_19449,120.59163328029327
OUT_19450,120.59163328029327
OUT_19451,120.59163328029327
OUT_19452,120.59163328029327
OUT_19453,120.59163328029327
OUT_19454,120.59163328029327
OUT_19455,120.59163328029327
OUT_19456,120.59163328029327
OUT_19457,120.59163328029327
OUT_19458,137.57110927598856
OUT_19459,120.59163328029327
OUT_19460,120.59163328029327
OUT_19461,137.57110927598856
OUT_19462,120.59163328029327
OUT_19463,126.577923026962
OUT_19464,120.59163328029327
OUT_19465,120.59163328029327
OUT_19466,120.59163328029327
OUT_19467,120.59163328029327
OUT_19468,120.59163328029327
OUT_19469,137.57110927598856
OUT_19470,120.59163328029327
OUT_19471,120.59163328029327
OUT_19472,120.59163328029327
OUT_19473,143.16628201127554
OUT_19474,120.59163328029327
OUT_19475,120.59163328029327
OUT_19476,120.59163328029327
OUT_19477,120.59163328029327
OUT_19478,120.59163328029327
OUT_19479,120.59163328029327
OUT_19480,120.59163328029327
OUT_19481,120.59163328029327
OUT_19482,120.59163328029327
OUT_19483,120.59163328029327
OUT_19484,137.57110927598856
OUT_19485,120.59163328029327
OUT_19486,120.59163328029327
OUT_19487,137.57110927598856
OUT_19488,120.59163328029327
OUT_19489,120.59163328029327
OUT_19490,120.59163328029327
OUT_19491,120.59163328029327
OUT_19492,120.59163328029327
OUT_19493,120.59163328029327
OUT_19494,120.59163328029327
OUT_19495,120.59163328029327
OUT_19496,120.59163328029327
OUT_19497,137.57110927598856
OUT_19498,137.57110927598856
OUT_19499,120.59163328029327
OUT_19500,120.59163328029327
OUT_19501,120.59163328029327
OUT_19502,121.6443251174054
OUT_19503,120.59163328029327
OUT_19504,120.59163328029327
OUT_19505,120.59163328029327
OUT_19506,120.59163328029327
OUT_19507,137.57110927598856
OUT_19508,120.59163328029327
OUT_19509,137.57110927598856
OUT_19510,120.59163328029327
OUT_19511,120.59163328029327
OUT_19512,120.59163328029327
OUT_19513,120.59163328029327
OUT_19514,120.59163328029327
OUT_19515,120.59163328029327
OUT_19516,120.59163328029327
OUT_19517,120.59163328029327
OUT_19518,120.59163328029327
OUT_19519,120.59163328029327
OUT_19520,120.59163328029327
OUT_19521,120.59163328029327
OUT_19522,120.59163328029327
OUT_19523,120.59163328029327
OUT_19524,120.59163328029327
OUT_19525,137.57110927598856
OUT_19526,120.59163328029327
OUT_19527,120.59163328029327
OUT_19528,120.59163328029327
OUT_19529,120.59163328029327
OUT_19530,120.59163328029327
OUT_19531,120.59163328029327
OUT_19532,137.57110927598856
OUT_19533,137.57110927598856
OUT_19534,137.57110927598856
OUT_19535,165.11475439859362
OUT_19536,120.59163328029327
OUT_19537,141.84379096785216
OUT_19538,120.59163328029327
OUT_19539,120.59163328029327
OUT_19540,120.59163328029327
OUT_19541,120.46082939870054
OUT_19542,120.59163328029327
OUT_19543,137.57110927598856
OUT_19544,120.59163328029327
OUT_19545,120.59163328029327
OUT_19546,120.59163328029327
OUT_19547,120.59163328029327
OUT_19548,380.37567040406736
OUT_19549,120.59163328029327
OUT_19550,120.59163328029327
OUT_19551,120.59163328029327
OUT_19552,120.46082939870054
OUT_19553,120.59163328029327
OUT_19554,167.85536491417224
OUT_19555,120.59163328029327
OUT_19556,137.57110927598856
OUT_19557,120.59163328029327
OUT_19558,120.59163328029327
OUT_19559,120.59163328029327
OUT_19560,137.57110927598856
OUT_19561,120.59163328029327
OUT_19562,120.59163328029327
OUT_19563,120.59163328029327
OUT_19564,120.59163328029327
OUT_19565,137.57110927598856
OUT_19566,120.59163328029327
OUT_19567,137.57110927598856
OUT_19568,137.57110927598856
OUT_19569,120.59163328029327
OUT_19570,120.59163328029327
OUT_19571,120.59163328029327
OUT_19572,137.57110927598856
OUT_19573,120.59163328029327
OUT_19574,251.28626208024235
OUT_19575,120.59163328029327
OUT_19576,120.59163328029327
OUT_19577,120.59163328029327
OUT_19578,120.59163328029327
OUT_19579,120.59163328029327
OUT_19580,120.59163328029327
OUT_19581,120.59163328029327
OUT_19582,120.59163328029327
OUT_19583,120.59163328029327
OUT_19584,120.59163328029327
OUT_19585,120.59163328029327
OUT_19586,120.59163328029327
OUT_19587,155.33513919361752
OUT_19588,314.27355884035563
OUT_19589,137.57110927598856
OUT_19590,120.59163328029327
OUT_19591,120.59163328029327
OUT_19592,120.46082939870054
OUT_19593,120.59163328029327
OUT_19594,120.59163328029327
OUT_19595,302.2810497754015
OUT_19596,120.59163328029327
OUT_19597,120.59163328029327
OUT_19598,120.59163328029327
OUT_19599,141.23507257820717
OUT_19600,137.57110927598856
OUT_19601,120.59163328029327
OUT_19602,120.59163328029327
OUT_19603,120.59163328029327
OUT_19604,120.59163328029327
OUT_19605,120.59163328029327
OUT_19606,120.59163328029327
OUT_19607,120.59163328029327
OUT_19608,120.59163328029327
OUT_19609,120.59163328029327
OUT_19610,120.59163328029327
OUT_19611,120.59163328029327
OUT_19612,120.59163328029327
OUT_19613,125.19351762250388
OUT_19614,188.287861140764
OUT_19615,120.59163328029327
OUT_19616,120.59163328029327
OUT_19617,120.59163328029327
OUT_19618,120.59163328029327
OUT_19619,120.59163328029327
OUT_19620,120.59163328029327
OUT_19621,120.59163328029327
OUT_19622,120.59163328029327
OUT_19623,137.57110927598856
OUT_19624,120.59163328029327
OUT_19625,137.57110927598856
OUT_19626,120.59163328029327
OUT_19627,120.59163328029327
OUT_19628,120.59163328029327
OUT_19629,120.59163328029327
OUT_19630,120.59163328029327
OUT_19631,120.59163328029327
OUT_19632,120.59163328029327
OUT_19633,120.59163328029327
OUT_19634,265.3147550818601
OUT_19635,120.59163328029327
OUT_19636,120.59163328029327
OUT_19637,207.1294401732674
OUT_19638,120.59163328029327
OUT_19639,120.59163328029327
OUT_19640,137.57110927598856
OUT_19641,203.47505255172743
OUT_19642,137.57110927598856
OUT_19643,137.57110927598856
OUT_19644,189.8217846683707
OUT_19645,120.59163328029327
OUT_19646,326.4491873834731
OUT_19647,120.59163328029327
OUT_19648,273.232565605727
OUT_19649,120.59163328029327
OUT_19650,137.57110927598856
OUT_19651,137.57110927598856
OUT_19652,120.59163328029327
OUT_19653,120.59163328029327
OUT_19654,120.59163328029327
OUT_19655,120.59163328029327
OUT_19656,120.59163328029327
OUT_19657,120.59163328029327
OUT_19658,120.46082939870054
OUT_19659,120.59163328029327
OUT_19660,120.59163328029327
OUT_19661,120.59163328029327
OUT_19662,120.59163328029327
OUT_19663,120.59163328029327
OUT_19664,120.59163328029327
OUT_19665,120.59163328029327
OUT_19666,144.45175289466155
OUT_19667,120.59163328029327
OUT_19668,120.59163328029327
OUT_19669,120.59163328029327
OUT_19670,137.57110927598856
OUT_19671,120.59163328029327
OUT_19672,120.59163328029327
OUT_19673,137.57110927598856
OUT_19674,120.59163328029327
OUT_19675,120.59163328029327
OUT_19676,120.59163328029327
OUT_19677,120.59163328029327
OUT_19678,120.59163328029327
OUT_19679,137.57110927598856
OUT_19680,120.59163328029327
OUT_19681,120.59163328029327
OUT_19682,120.59163328029327
OUT_19683,120.59163328029327
OUT_19684,120.59163328029327
OUT_19685,120.59163328029327
OUT_19686,120.59163328029327
OUT_19687,120.59163328029327
OUT_19688,137.57110927598856
OUT_19689,120.59163328029327
OUT_19690,120.59163328029327
OUT_19691,150.48602749419905
OUT_19692,137.57110927598856
OUT_19693,137.57110927598856
OUT_19694,120.59163328029327
OUT_19695,120.59163328029327
OUT_19696,129.02908648971356
OUT_19697,120.59163328029327
OUT_19698,120.59163328029327
OUT_19699,120.59163328029327
OUT_19700,120.59163328029327
OUT_19701,120.59163328029327
OUT_19702,137.57110927598856
OUT_19703,131.6309407584901
OUT_19704,120.59163328029327
OUT_19705,120.59163328029327
OUT_19706,120.59163328029327
OUT_19707,137.57110927598856
OUT_19708,120.59163328029327
OUT_19709,130.4570496742679
OUT_19710,120.59163328029327
OUT_19711,120.59163328029327
OUT_19712,120.59163328029327
OUT_19713,120.59163328029327
OUT_19714,120.59163328029327
OUT_19715,120.59163328029327
OUT_19716,120.59163328029327
OUT_19717,137.57110927598856
OUT_19718,120.59163328029327
OUT_19719,120.59163328029327
OUT_19720,137.57110927598856
OUT_19721,120.59163328029327
OUT_19722,120.59163328029327
OUT_19723,120.59163328029327
OUT_19724,120.59163328029327
OUT_19725,120.59163328029327
OUT_19726,120.59163328029327
OUT_19727,120.59163328029327
OUT_19728,120.59163328029327
OUT_19729,173.5564371993939
OUT_19730,120.59163328029327
OUT_19731,120.59163328029327
OUT_19732,120.59163328029327
OUT_19733,120.59163328029327
OUT_19734,120.59163328029327
OUT_19735,120.59163328029327
OUT_19736,120.59163328029327
OUT_19737,120.46082939870054
OUT_19738,120.59163328029327
OUT_19739,120.59163328029327
OUT_19740,120.59163328029327
OUT_19741,120.46082939870054
OUT_19742,120.59163328029327
OUT_19743,160.55820318490376
OUT_19744,120.59163328029327
OUT_19745,120.59163328029327
OUT_19746,120.59163328029327
OUT_19747,137.57110927598856
OUT_19748,120.59163328029327
OUT_19749,137.57110927598856
OUT_19750,120.59163328029327
OUT_19751,120.59163328029327
OUT_19752,120.59163328029327
OUT_19753,137.57110927598856
OUT_19754,120.59163328029327
OUT_19755,120.59163328029327
OUT_19756,120.59163328029327
OUT_19757,147.86874502915052
OUT_19758,120.59163328029327
OUT_19759,120.59163328029327
OUT_19760,120.59163328029327
OUT_19761,120.59163328029327
OUT_19762,120.59163328029327
OUT_19763,120.59163328029327
OUT_19764,120.59163328029327
OUT_19765,120.59163328029327
OUT_19766,120.59163328029327
OUT_19767,120.59163328029327
OUT_19768,120.59163328029327
OUT_19769,265.7635076883073
OUT_19770,137.57110927598856
OUT_19771,120.59163328029327
OUT_19772,120.59163328029327
OUT_19773,120.59163328029327
OUT_19774,129.87854163535812
OUT_19775,120.59163328029327
OUT_19776,120.59163328029327
OUT_19777,120.59163328029327
OUT_19778,120.59163328029327
OUT_19779,120.59163328029327
OUT_19780,120.59163328029327
OUT_19781,120.59163328029327
OUT_19782,137.57110927598856
OUT_19783,120.59163328029327
OUT_19784,120.59163328029327
OUT_19785,120.59163328029327
OUT_19786,120.59163328029327
OUT_19787,120.59163328029327
OUT_19788,120.59163328029327
OUT_19789,120.59163328029327
OUT_19790,120.59163328029327
OUT_19791,120.59163328029327
OUT_19792,120.59163328029327
OUT_19793,120.59163328029327
OUT_19794,120.59163328029327
OUT_19795,137.57110927598856
OUT_19796,120.59163328029327
OUT_19797,137.57110927598856
OUT_19798,120.59163328029327
OUT_19799,120.59163328029327
OUT_19800,120.59163328029327
OUT_19801,120.59163328029327
OUT_19802,193.4170588831815
OUT_19803,120.59163328029327
OUT_19804,120.59163328029327
OUT_19805,120.59163328029327
OUT_19806,120.59163328029327
OUT_19807,120.59163328029327
OUT_19808,120.59163328029327
OUT_19809,120.59163328029327
OUT_19810,120.59163328029327
OUT_19811,120.59163328029327
OUT_19812,120.59163328029327
OUT_19813,137.57110927598856
OUT_19814,120.59163328029327
OUT_19815,120.59163328029327
OUT_19816,120.59163328029327
OUT_19817,158.86698411395696
OUT_19818,137.57110927598856
OUT_19819,120.59163328029327
OUT_19820,120.59163328029327
OUT_19821,120.59163328029327
OUT_19822,120.59163328029327
OUT_19823,137.57110927598856
OUT_19824,120.59163328029327
OUT_19825,120.59163328029327
OUT_19826,120.59163328029327
OUT_19827,369.5507725048633
OUT_19828,125.9653505376813
OUT_19829,120.59163328029327
OUT_19830,137.57110927598856
OUT_19831,137.57110927598856
OUT_19832,120.59163328029327
OUT_19833,120.59163328029327
OUT_19834,120.59163328029327
OUT_19835,120.59163328029327
OUT_19836,120.59163328029327
OUT_19837,133.0016304043512
OUT_19838,120.59163328029327
OUT_19839,137.57110927598856
OUT_19840,120.59163328029327
OUT_19841,137.57110927598856
OUT_19842,120.59163328029327
OUT_19843,120.46082939870054
OUT_19844,120.59163328029327
OUT_19845,120.59163328029327
OUT_19846,120.59163328029327
OUT_19847,120.59163328029327
OUT_19848,120.59163328029327
OUT_19849,120.59163328029327
OUT_19850,266.95273889528664
OUT_19851,120.59163328029327
OUT_19852,273.51395189542484
OUT_19853,120.59163328029327
OUT_19854,120.59163328029327
OUT_19855,120.59163328029327
OUT_19856,141.28444582839947
OUT_19857,120.59163328029327
OUT_19858,120.59163328029327
OUT_19859,154.95895646185394
OUT_19860,120.59163328029327
OUT_19861,120.59163328029327
OUT_19862,120.59163328029327
OUT_19863,120.59163328029327
OUT_19864,137.57110927598856
OUT_19865,283.2924586678069
OUT_19866,120.46082939870054
OUT_19867,120.59163328029327
OUT_19868,120.59163328029327
OUT_19869,120.59163328029327
OUT_19870,120.59163328029327
OUT_19871,120.59163328029327
OUT_19872,120.59163328029327
OUT_19873,120.59163328029327
OUT_19874,120.59163328029327
OUT_19875,120.59163328029327
OUT_19876,120.59163328029327
OUT_19877,120.59163328029327
OUT_19878,120.59163328029327
OUT_19879,137.57110927598856
OUT_19880,120.59163328029327
OUT_19881,120.59163328029327
OUT_19882,120.59163328029327
OUT_19883,120.59163328029327
OUT_19884,120.59163328029327
OUT_19885,120.59163328029327
OUT_19886,120.59163328029327
OUT_19887,120.59163328029327
OUT_19888,120.59163328029327
OUT_19889,120.59163328029327
OUT_19890,120.59163328029327
OUT_19891,120.46082939870054
OUT_19892,120.59163328029327
OUT_19893,137.57110927598856
OUT_19894,138.24381279358855
OUT_19895,120.59163328029327
OUT_19896,120.59163328029327
OUT_19897,120.46082939870054
OUT_19898,120.59163328029327
OUT_19899,120.59163328029327
OUT_19900,120.59163328029327
OUT_19901,120.59163328029327
OUT_19902,120.59163328029327
OUT_19903,120.59163328029327
OUT_19904,120.59163328029327
OUT_19905,120.59163328029327
OUT_19906,120.59163328029327
OUT_19907,120.59163328029327
OUT_19908,120.59163328029327
OUT_19909,120.59163328029327
OUT_19910,120.59163328029327
OUT_19911,120.46082939870054
OUT_19912,130.90585941667328
OUT_19913,120.59163328029327
OUT_19914,120.59163328029327
OUT_19915,120.59163328029327
OUT_19916,120.59163328029327
OUT_19917,137.57110927598856
OUT_19918,120.59163328029327
OUT_19919,120.59163328029327
OUT_19920,120.59163328029327
OUT_19921,120.59163328029327
OUT_19922,120.59163328029327
OUT_19923,120.59163328029327
OUT_19924,120.59163328029327
OUT_19925,120.59163328029327
OUT_19926,120.59163328029327
OUT_19927,120.59163328029327
OUT_19928,137.57110927598856
OUT_19929,120.59163328029327
OUT_19930,120.59163328029327
OUT_19931,120.59163328029327
OUT_19932,120.59163328029327
OUT_19933,120.59163328029327
OUT_19934,120.46082939870054
OUT_19935,120.59163328029327
OUT_19936,120.59163328029327
OUT_19937,120.59163328029327
OUT_19938,120.59163328029327
OUT_19939,120.59163328029327
OUT_19940,143.28081729682313
OUT_19941,120.59163328029327
OUT_19942,120.59163328029327
OUT_19943,137.57110927598856
OUT_19944,120.59163328029327
OUT_19945,120.59163328029327
OUT_19946,120.59163328029327
OUT_19947,120.59163328029327
OUT_19948,120.59163328029327
OUT_19949,137.57110927598856
OUT_19950,137.57110927598856
OUT_19951,137.5056380073047
OUT_19952,120.59163328029327
OUT_19953,137.57110927598856
OUT_19954,126.96556823862052
OUT_19955,120.59163328029327
OUT_19956,120.59163328029327
OUT_19957,137.57110927598856
OUT_19958,120.59163328029327
OUT_19959,125.14395351371098
OUT_19960,137.57110927598856
OUT_19961,120.59163328029327
OUT_19962,120.59163328029327
OUT_19963,120.59163328029327
OUT_19964,120.59163328029327
OUT_19965,120.59163328029327
OUT_19966,137.57110927598856
OUT_19967,120.59163328029327
OUT_19968,120.59163328029327
OUT_19969,120.59163328029327
OUT_19970,120.59163328029327
OUT_19971,120.59163328029327
OUT_19972,120.59163328029327
OUT_19973,120.59163328029327
OUT_19974,120.59163328029327
OUT_19975,120.59163328029327
OUT_19976,120.59163328029327
OUT_19977,277.72558421269935
OUT_19978,120.59163328029327
OUT_19979,137.57110927598856
OUT_19980,120.59163328029327
OUT_19981,120.59163328029327
OUT_19982,137.57110927598856
OUT_19983,120.59163328029327
OUT_19984,137.57110927598856
OUT_19985,160.84586421755648
OUT_19986,137.57110927598856
OUT_19987,120.59163328029327
OUT_19988,120.46082939870054
OUT_19989,120.59163328029327
OUT_19990,120.59163328029327
OUT_19991,121.86509807865524
OUT_19992,120.59163328029327
OUT_19993,120.59163328029327
OUT_19994,120.59163328029327
OUT_19995,120.59163328029327
OUT_19996,120.59163328029327
OUT_19997,120.59163328029327
OUT_19998,120.59163328029327
OUT_19999,120.59163328029327
OUT_20000,120.59163328029327
